actionability_score,activity_tags,address,candidate_id,candidate_status,capacity_text,category,city,confidence_score,constraints_tags,contact,dedupe_key,department,description,duplicate_of,evidence_text,fit_beyond_score,last_seen_at,lat,lon,match_reasons,match_score,matches_json,name,normalized_name,price_text,score_reasons,source_confidence,source_record_id,source_type,source_url,space_tags,website
10,"['dance', 'theatre']",,cand_paris-danse-studio-studio-de-danse-a_3a77dd6f7a,new,,studio_danse,Paris,60,[],,parisdansestudio.fr,75,"# PARIS DANSE STUDIO. Studio en location à Paris Nation. ## 160 m² / Paris Nation. Salle parquetée avec miroirs, vestiaires, cuisine, sanitaires avec , douche, sonorisation de qualité sans fil, ventilation, tables, chaises, connexion wifi. ## LOCATION. Devis sur demande via notre formulaire de contact ou au ‭07 44 86 74 66‬ ATTENTION, tous les créneaux à partir de 18h en semaine sont déjà complets. ## Galerie. #### Cours d’ensemble / particuliers. #### Stages. #### Répétitions / Entraînements. #### Castings / Événements. A 5 minutes de la place de la Nation Métro Nation ou Buzenval (ligne 9 ). # VIDEO. PARIS DANSE STUDIO - Studio de danse à louer à Paris. # PARIS DANSE STUDIO. Studio en location à Paris Nation. ## 160 m² / Paris Nation. Salle parquetée avec miroirs, vestiaires, cuisine, sanitaires avec , douche, sonorisation de qualité sans fil, ventilation, tables, chaises, connexion wifi. ## LOCATION. Devis sur demande via notre formulaire de contact ou au ‭07 44 86 74 66‬ ATTENTION, tous les créneaux à partir de 18h en semaine sont déjà complets. ## Galerie. #### Cours d’ensemble / particuliers. #### Stages. #### Répétitions / Entraînements. #### Castings / Événements. A 5 minutes de la place de la Nation Métro Nation ou Buzenval (ligne 9 ). # VIDEO. studio_danse  PARIS DANSE STUDIO - Studio de danse à louer à Paris",,"PARIS DANSE STUDIO - Studio de danse à louer à Paris. # PARIS DANSE STUDIO. Studio en location à Paris Nation. ## 160 m² / Paris Nation. Salle parquetée avec miroirs, vestiaires, cuisine, sanitaires avec , douche, sonorisation de qualité sans fil, ventilation, tables, chaises, connexion wifi. ## LOCATION. Devis sur demande via notre formulaire de contact ou au ‭07 44 86 74 66‬ ATTENTION, tous les créneaux à partir de 18h en semaine sont déjà complets. ## Galerie. #### Cours d’ensemble / particuliers. #### Stages. #### Répétitions / Entraînements. #### Castings / Événements. A 5 minutes de la place de la Nation Métro Nation ou Buzenval (ligne 9 ). # VIDEO.",100,2026-06-19,,,,,[],PARIS DANSE STUDIO - Studio de danse à louer à Paris,paris danse studio studio de danse a louer a paris,,"['activité dance +18', 'activité theatre +14', 'espace mirrors +7', 'espace wood_floor +12', 'catégorie studio_danse +22', 'preuve + danse', 'preuve + répétition', 'preuve + repetition', 'preuve + parquet', 'site web']",medium,src_https-parisdansestudio-fr_30d645fb1c,web_search,https://parisdansestudio.fr,"['mirrors', 'wood_floor']",https://parisdansestudio.fr
10,"['dance', 'theatre']",,cand_location-de-studio-de-danse-ecoleded_c16865afd3,new,,studio_danse,Paris,35,[],,ecolededansekimkan.com/infos-pratiques/nos-studios,75,"# Location des Studios. L’école a le plaisir de vous accueillir dans ses locaux remis à neuf et situés sur 2 sites. Pour l’organisation de répétitions, de stages, de castings en semaine ou le week-end,. Les locaux de l’école de danse Kim KAN sont disponibles à la location ou en partenariat suivant certaines conditions. **Nous joindre :   – Accueil  01 43 66 99 64  – Patrick DUFAUX 06 31 24 37 24**. Niché au coeur du XXe arrondissement de Paris, L’espace Danse Gambetta vous accueille dans 3 magnifiques studios boisés. ### 46 rue des rigoles. Le studio des Rigoles est situé au 46 Rue des Rigoles a coté du club de karaté et est un lieu emblématique des événements de danse à Paris. Son bar séparé de la grande salle de 150 m² vous accueille chaleureusement pour vous détendre entre 2 stages ou soirée de danse. ### Tarifs Stages et Cours. # **Appelez le Accueil au 01 43 66 99 64 ou Patrick DUFAUX 06 31 24 37 24**. Location de studio de danse - ecolededansekimkan. # Location des Studios. L’école a le plaisir de vous accueillir dans ses locaux remis à neuf et situés sur 2 sites. Pour l’organisation de répétitions, de stages, de castings en semaine ou le week-end,. Les locaux de l’école de danse Kim KAN sont disponibles à la location ou en partenariat suivant certaines conditions. **Nous joindre :   – Accueil  01 43 66 99 64  – Patrick DUFAUX 06 31 24 37 24**. Niché au coeur du XXe arrondissement de Paris, L’espace Danse Gambetta vous accueille dans 3 magnifiques studios boisés. ### 46 rue des rigoles. Le studio des Rigoles est situé au 46 Rue des Rigoles a coté du club de karaté et est un lieu emblématique des événements de danse à Paris. Son bar séparé de la grande salle de 150 m² vous accueille chaleureusement pour vous détendre entre 2 stages ou soirée de danse. ### Tarifs Stages et Cours. # **Appelez le Accueil au 01 43 66 99 64 ou Patrick DUFAUX 06 31 24 37 24**. studio_danse  Location de studio de danse - ecolededansekimkan",,"Location de studio de danse - ecolededansekimkan. # Location des Studios. L’école a le plaisir de vous accueillir dans ses locaux remis à neuf et situés sur 2 sites. Pour l’organisation de répétitions, de stages, de castings en semaine ou le week-end,. Les locaux de l’école de danse Kim KAN sont disponibles à la location ou en partenariat suivant certaines conditions. **Nous joindre :   – Accueil  01 43 66 99 64  – Patrick DUFAUX 06 31 24 37 24**. Niché au coeur du XXe arrondissement de Paris, L’espace Danse Gambetta vous accueille dans 3 magnifiques studios boisés. ### 46 rue des rigoles. Le studio des Rigoles est situé au 46 Rue des Rigoles a coté du club de karaté et est un lieu emblématique des événements de danse à Paris. Son bar séparé de la grande salle de 150 m² vous accueille chaleureusement pour vous détendre entre 2 stages ou soirée de danse. ### Tarifs Stages et Cours. # **Appelez le Accueil au 01 43 66 99 64 ou Patrick DUFAUX 06 31 24 37 24**.",96,2026-06-19,,,,,[],Location de studio de danse - ecolededansekimkan,location de studio de danse ecolededansekimkan,,"['activité dance +18', 'activité theatre +14', 'catégorie studio_danse +22', 'preuve + danse', 'preuve + répétition', 'preuve + repetition', 'site web']",low,src_https-www-ecolededansekimkan-com-inf_0bb4ce122b,web_search,https://www.ecolededansekimkan.com/infos-pratiques/nos-studios,[],https://www.ecolededansekimkan.com/infos-pratiques/nos-studios
10,"['dance', 'theatre']",,cand_pdf-location-de-studios-a-paris-et-p_44c4732f63,new,,studio_danse,Paris,60,[],,cnd.fr/fr/file/file/96/inline/locstudiojuin2017.pdf,75,"Plateau A : 40 € TTC / h Plateau B : 30 € TTC / h CENTRE DE DANSE CHRYSOGONE DIANGOUAYA Directeur : M.Chrysogone Diangouaya Adresse administrative : 15, rue Marc Seguin 75018 Paris T 01 40 34 04 49 Mél : centrededanse_cd@yahoo.fr http://centrechrysogone.yolasite.com/ Adresse des studios : 29, rue des Roses 75018 Paris T 06 60 92 87 05 Salle 1 : Surface 45 mètre carré ; sol parquet ; tarifs 17€/HT par heure La salle peut accueillir du public (30 personnes) Salle 2 : surface 36 mètre carré ; sol : parquet ; tarifs 15€/HT par heure La salle peut accueillir du public (20 personnes) Salle 3 : surface 90 mètre carré ; sol parquet ; tarifs 20€/HT par heure Equipement technique : chaine musicale, miroir La salle peut accueillir du public (50 personnes) département Ressources professionnelles – Location de studio Paris et proche banlieue – juin 2017 18 19 ème arrondissement STUDIO CALENTITO 134 Studio Calentito 134 Répétitions, castings, prises de vues photo, tournages Espace entièrement adaptable selon les besoins Adresse : 134-140 rue d'Aubervilliers Immeuble Métropole 19 75019 PARIS Accès : métro Crimée, Marx Dormoy, Stalingrad RER et tram Rosa Parks Contact : 01 53 34 04 05 info@calentito.fr www.calentito.fr facebook : @calentito134 420 m2 de surface, à deux pas du Centquatre 5m de hauteur sous plafond Plancher de danse. [PDF] LOCATION DE STUDIOS À PARIS ET PROCHE BANLIEUE. Plateau A : 40 € TTC / h Plateau B : 30 € TTC / h CENTRE DE DANSE CHRYSOGONE DIANGOUAYA Directeur : M.Chrysogone Diangouaya Adresse administrative : 15, rue Marc Seguin 75018 Paris T 01 40 34 04 49 Mél : centrededanse_cd@yahoo.fr http://centrechrysogone.yolasite.com/ Adresse des studios : 29, rue des Roses 75018 Paris T 06 60 92 87 05 Salle 1 : Surface 45 mètre carré ; sol parquet ; tarifs 17€/HT par heure La salle peut accueillir du public (30 personnes) Salle 2 : surface 36 mètre carré ; sol : parquet ; tarifs 15€/HT par heure La salle peut accueillir du public (20 personnes) Salle 3 : surface 90 mètre carré ; sol parquet ; tarifs 20€/HT par heure Equipement technique : chaine musicale, miroir La salle peut accueillir du public (50 personnes) département Ressources professionnelles – Location de studio Paris et proche banlieue – juin 2017 18 19 ème arrondissement STUDIO CALENTITO 134 Studio Calentito 134 Répétitions, castings, pri studio_danse  [PDF] LOCATION DE STUDIOS À PARIS ET PROCHE BANLIEUE",,"[PDF] LOCATION DE STUDIOS À PARIS ET PROCHE BANLIEUE. Plateau A : 40 € TTC / h Plateau B : 30 € TTC / h CENTRE DE DANSE CHRYSOGONE DIANGOUAYA Directeur : M.Chrysogone Diangouaya Adresse administrative : 15, rue Marc Seguin 75018 Paris T 01 40 34 04 49 Mél : centrededanse_cd@yahoo.fr http://centrechrysogone.yolasite.com/ Adresse des studios : 29, rue des Roses 75018 Paris T 06 60 92 87 05 Salle 1 : Surface 45 mètre carré ; sol parquet ; tarifs 17€/HT par heure La salle peut accueillir du public (30 personnes) Salle 2 : surface 36 mètre carré ; sol : parquet ; tarifs 15€/HT par heure La salle peut accueillir du public (20 personnes) Salle 3 : surface 90 mètre carré ; sol parquet ; tarifs 20€/HT par heure Equipement technique : chaine musicale, miroir La salle peut accueillir du public (50 personnes) département Ressources professionnelles – Location de studio Paris et proche banlieue – juin 2017 18 19 ème arrondissement STUDIO CALENTITO 134 Studio Calentito 134 Répétitions, castings, pri",100,2026-06-19,,,,,[],[PDF] LOCATION DE STUDIOS À PARIS ET PROCHE BANLIEUE,pdf location de studios a paris et proche banlieue,,"['activité dance +18', 'activité theatre +14', 'espace mirrors +7', 'espace wood_floor +12', 'catégorie studio_danse +22', 'preuve + danse', 'preuve + répétition', 'preuve + repetition', 'preuve + parquet', 'site web']",medium,src_https-www-cnd-fr-fr-file-file-96-inl_52efdcd22b,web_search,https://www.cnd.fr/fr/file/file/96/inline/locstudiojuin2017.pdf,"['mirrors', 'wood_floor']",https://www.cnd.fr/fr/file/file/96/inline/locstudiojuin2017.pdf
10,['dance'],,cand_location-de-studio-paris-marais-danc_48edee837b,new,,studio_danse,Paris,35,[],,paris-marais-dance-school.org/location-studio,75,"BILLETTERIE spectacles 28 juin -** **Réservations** **AUDITIONS, en présentiel les 11 et 25 juillet 2026, ou en ligne -** **candidature** ***JE TROUVE MON COURS - whatsapp***. Les studios bénéficient d’une situation très exceptionnelle en plein centre de Paris, juste à côté du Forum des Halles (RER, métro) et du Centre Pompidou. Vous apprécierez des studios neufs et propres, avec planchers et tapis Harlequin, conçus pour la danse. Les réservations se font exclusivement en ligne. *Juillet et août : tarif unique à 50€/h pour les studios 1 et 2*. Nos studios sont disponibles à la location sur certains créneaux horaires, exclusivement pour les activités énumérées ci-dessous. Le module de réservation enligne est en bas de page. *Attention, chaussures, baskets et talons sont interdits dans les locaux, tant pour la circulation dans les locaux que pour les cours. * Accès à la cuisine et à la salle d'accueil et de réception. Les cours et la circulation dans les locaux se fait exclusivement en chaussons de danse, chaussettes ou pieds nus. Location de studio - Paris Marais Dance School. BILLETTERIE spectacles 28 juin -** **Réservations** **AUDITIONS, en présentiel les 11 et 25 juillet 2026, ou en ligne -** **candidature** ***JE TROUVE MON COURS - whatsapp***. Les studios bénéficient d’une situation très exceptionnelle en plein centre de Paris, juste à côté du Forum des Halles (RER, métro) et du Centre Pompidou. Vous apprécierez des studios neufs et propres, avec planchers et tapis Harlequin, conçus pour la danse. Les réservations se font exclusivement en ligne. *Juillet et août : tarif unique à 50€/h pour les studios 1 et 2*. Nos studios sont disponibles à la location sur certains créneaux horaires, exclusivement pour les activités énumérées ci-dessous. Le module de réservation enligne est en bas de page. *Attention, chaussures, baskets et talons sont interdits dans les locaux, tant pour la circulation dans les locaux que pour les cours. * Accès à la cuisine et à la salle d'accueil et de réception. Les cours et la circul studio_danse  Location de studio - Paris Marais Dance School",,"Location de studio - Paris Marais Dance School. BILLETTERIE spectacles 28 juin -** **Réservations** **AUDITIONS, en présentiel les 11 et 25 juillet 2026, ou en ligne -** **candidature** ***JE TROUVE MON COURS - whatsapp***. Les studios bénéficient d’une situation très exceptionnelle en plein centre de Paris, juste à côté du Forum des Halles (RER, métro) et du Centre Pompidou. Vous apprécierez des studios neufs et propres, avec planchers et tapis Harlequin, conçus pour la danse. Les réservations se font exclusivement en ligne. *Juillet et août : tarif unique à 50€/h pour les studios 1 et 2*. Nos studios sont disponibles à la location sur certains créneaux horaires, exclusivement pour les activités énumérées ci-dessous. Le module de réservation enligne est en bas de page. *Attention, chaussures, baskets et talons sont interdits dans les locaux, tant pour la circulation dans les locaux que pour les cours. * Accès à la cuisine et à la salle d'accueil et de réception. Les cours et la circul",66,2026-06-19,,,,,[],Location de studio - Paris Marais Dance School,location de studio paris marais dance school,,"['activité dance +18', 'catégorie studio_danse +22', 'preuve + danse', 'preuve - réception', 'site web']",low,src_https-www-paris-marais-dance-school-_0293d83a91,web_search,https://www.paris-marais-dance-school.org/location-studio,[],https://www.paris-marais-dance-school.org/location-studio
10,"['dance', 'theatre']",,cand_location-de-studios-centre-de-danse-_cbf93ad37d,new,,studio_danse,Paris,60,[],,centrededansedumarais.fr/location-de-studios,75,"# Location de studios. ## 18 studios à louer au cœur de Paris. Bienvenue dans notre espace de location de studios, où nous proposons **18 studios exceptionnels** pour tous vos besoins, que ce soit pour des **répétitions**, des **cours**, des **événements** ou des **tournages**. Nos studios, variant de **20 à 135 m²**, sont équipés pour répondre à toutes vos attentes : sonorisation, barres-miroirs, vestiaires, douches et système Bluetooth (salles Offenbach, Berlioz, Wagner, Mahler et Verdi). À partir du mois de Janvier 2023, **les salles réservées pour le dimanche devront être réglées au plus tard le samedi précédent le jour de location**. ## **18 studios à louer**. * Système Bluetooth (salles Offenbach, Berlioz, Wagner, Mahler et Verdi). beethoven-salle-danse-location-cddm. berlioz-salle-danse-location-cddm. berlioz-bis-salle-danse-location-cddm. chopin-salle-danse-location-cddm. chopin-bis-salle-danse-location-cddm. debussy-salle-danse-location-cddm. debussy-bis-salle-danse-location-cddm. gershwin-salle-danse-location-cddm. gershwin-bis-salle-danse-location-cddm. mahler-salle-danse-location-cddm. Mozart - Salle de location - CDDM. offenbach-salle-danse-location-cddm. strauss-salle-danse-location-cddm. strauss-bis-salle-danse-location-cddm. verdi-salle-danse-location-cddm. verdi-bis-salle-danse-location-cddm. Out of these, the cookies that are categorized as necessary are stored on your browser as they are essential for the working of basic functionalities of the website. Location de studios - Centre de Danse du Marais. # Location de studios. ## 18 studios à louer au cœur de Paris. Bienvenue dans notre espace de location de studios, où nous proposons **18 studios exceptionnels** pour tous vos besoins, que ce soit pour des **répétitions**, des **cours**, des **événements** ou des **tournages**. Nos studios, variant de **20 à 135 m²**, sont équipés pour répondre à toutes vos attentes : sonorisation, barres-miroirs, vestiaires, douches et système Bluetooth (salles Offenbach, Berlioz, Wagner, Mahler et Verdi). À partir du mois de Janvier 2023, **les salles réservées pour le dimanche devront être réglées au plus tard le samedi précédent le jour de location**. ## **18 studios à louer**. * Système Bluetooth (salles Offenbach, Berlioz, Wagner, Mahler et Verdi). beethoven-salle-danse-location-cddm. berlioz-salle-danse-location-cddm. berlioz-bis-salle-danse-location-cddm. chopin-salle-danse-location-cddm. chopin-bis-salle-danse-location-cddm. debussy-salle-danse- studio_danse  Location de studios - Centre de Danse du Marais",,"Location de studios - Centre de Danse du Marais. # Location de studios. ## 18 studios à louer au cœur de Paris. Bienvenue dans notre espace de location de studios, où nous proposons **18 studios exceptionnels** pour tous vos besoins, que ce soit pour des **répétitions**, des **cours**, des **événements** ou des **tournages**. Nos studios, variant de **20 à 135 m²**, sont équipés pour répondre à toutes vos attentes : sonorisation, barres-miroirs, vestiaires, douches et système Bluetooth (salles Offenbach, Berlioz, Wagner, Mahler et Verdi). À partir du mois de Janvier 2023, **les salles réservées pour le dimanche devront être réglées au plus tard le samedi précédent le jour de location**. ## **18 studios à louer**. * Système Bluetooth (salles Offenbach, Berlioz, Wagner, Mahler et Verdi). beethoven-salle-danse-location-cddm. berlioz-salle-danse-location-cddm. berlioz-bis-salle-danse-location-cddm. chopin-salle-danse-location-cddm. chopin-bis-salle-danse-location-cddm. debussy-salle-danse-",100,2026-06-19,,,,,[],Location de studios - Centre de Danse du Marais,location de studios centre de danse du marais,,"['activité dance +18', 'activité theatre +14', 'espace mirrors +7', 'catégorie studio_danse +22', 'preuve + danse', 'preuve + répétition', 'preuve + repetition', 'site web']",medium,src_https-www-centrededansedumarais-fr-l_7b859adf44,web_search,https://www.centrededansedumarais.fr/location-de-studios,['mirrors'],https://www.centrededansedumarais.fr/location-de-studios
10,"['dance', 'theatre']",,cand_local-de-repetition-location-recherc_762dd22dea,new,,studio_danse,Hauts-de-Seine,35,[],,spectable.com/hauts-de-seine/petites-annonces/local-de-repetition/n_2648-l_134.php,92,"Ḡ BASE est un studio de création artistique et de pratique des arts du mouvement et de la danse Hip Hop. Situé à Ḡennevilliers, à 300m du Métro Ḡabriel Peri. Local de répétition / Location, recherche dans les Hauts de Seine. Ḡ BASE est un studio de création artistique et de pratique des arts du mouvement et de la danse Hip Hop. Situé à Ḡennevilliers, à 300m du Métro Ḡabriel Peri. studio_danse  Local de répétition / Location, recherche dans les Hauts de Seine",,"Local de répétition / Location, recherche dans les Hauts de Seine. Ḡ BASE est un studio de création artistique et de pratique des arts du mouvement et de la danse Hip Hop. Situé à Ḡennevilliers, à 300m du Métro Ḡabriel Peri.",100,2026-06-19,,,,,[],"Local de répétition / Location, recherche dans les Hauts de Seine",local de repetition location recherche dans les hauts de seine,,"['activité dance +18', 'activité theatre +14', 'catégorie studio_danse +22', 'preuve + danse', 'preuve + mouvement', 'preuve + répétition', 'preuve + repetition', 'site web']",low,src_https-www-spectable-com-hauts-de-sei_45d4ff8a88,web_search,https://www.spectable.com/hauts-de-seine/petites-annonces/local-de-repetition/n_2648-l_134.php,[],https://www.spectable.com/hauts-de-seine/petites-annonces/local-de-repetition/n_2648-l_134.php
10,['dance'],,cand_aupra-danses-privateaser_78c4c99de3,new,,studio_danse,Hauts-de-Seine,35,[],,privateaser.com/lieu/2414-aupradance,92,"Voir les lieux Location de salle   Location de salle. Situé à Chtillon, dans les Hauts-de-Seine, l'**Aupra Danses** vous propose son espace pour tout type d'évènements. * Les meilleures salles à louer - Val-d'Oise. * Les meilleures salles à louer - Essonne. * Les meilleures salles à louer - Yvelines. * Les meilleures salles à louer pour une conférence - Hauts-de-Seine. * Les meilleures salles à louer - Île-de-France. * Les meilleures salles à louer pour fêter son anniversaire - Île-de-France. * Les meilleures salles des fêtes - Île-de-France. * Les meilleures salles à louer pas chères - Île-de-France. * Les meilleures salles à louer pas chères - Hauts-de-Seine. * Les meilleures salles à louer insolites - Hauts-de-Seine. * Les meilleures salles à louer - Hauts-de-Seine. * Les meilleures salles à louer pour un mariage - Val-d'Oise. * Les meilleures salles à louer pas chères - Seine-et-Marne. * Les meilleures salles à louer pas chères - Val-d'Oise. Aupra Danses | Privateaser. Voir les lieux Location de salle   Location de salle. Situé à Chtillon, dans les Hauts-de-Seine, l'**Aupra Danses** vous propose son espace pour tout type d'évènements. * Les meilleures salles à louer - Val-d'Oise. * Les meilleures salles à louer - Essonne. * Les meilleures salles à louer - Yvelines. * Les meilleures salles à louer pour une conférence - Hauts-de-Seine. * Les meilleures salles à louer - Île-de-France. * Les meilleures salles à louer pour fêter son anniversaire - Île-de-France. * Les meilleures salles des fêtes - Île-de-France. * Les meilleures salles à louer pas chères - Île-de-France. * Les meilleures salles à louer pas chères - Hauts-de-Seine. * Les meilleures salles à louer insolites - Hauts-de-Seine. * Les meilleures salles à louer - Hauts-de-Seine. * Les meilleures salles à louer pour un mariage - Val-d'Oise. * Les meilleures salles à louer pas chères - Seine-et-Marne. * Les meilleures salles à louer pas chères - Val-d'Oise. studio_danse  Aupra Danses | Privateaser",,"Aupra Danses | Privateaser. Voir les lieux Location de salle   Location de salle. Situé à Chtillon, dans les Hauts-de-Seine, l'**Aupra Danses** vous propose son espace pour tout type d'évènements. * Les meilleures salles à louer - Val-d'Oise. * Les meilleures salles à louer - Essonne. * Les meilleures salles à louer - Yvelines. * Les meilleures salles à louer pour une conférence - Hauts-de-Seine. * Les meilleures salles à louer - Île-de-France. * Les meilleures salles à louer pour fêter son anniversaire - Île-de-France. * Les meilleures salles des fêtes - Île-de-France. * Les meilleures salles à louer pas chères - Île-de-France. * Les meilleures salles à louer pas chères - Hauts-de-Seine. * Les meilleures salles à louer insolites - Hauts-de-Seine. * Les meilleures salles à louer - Hauts-de-Seine. * Les meilleures salles à louer pour un mariage - Val-d'Oise. * Les meilleures salles à louer pas chères - Seine-et-Marne. * Les meilleures salles à louer pas chères - Val-d'Oise.",66,2026-06-19,,,,,[],Aupra Danses | Privateaser,aupra danses privateaser,,"['activité dance +18', 'catégorie studio_danse +22', 'preuve + danse', 'preuve - mariage', 'site web']",low,src_https-www-privateaser-com-lieu-2414-_531edc3f24,web_search,https://www.privateaser.com/lieu/2414-aupradance,[],https://www.privateaser.com/lieu/2414-aupradance
10,['dance'],,cand_pdf-location-de-studios-de-danse-par_3568a48795,new,,studio_danse,Hauts-de-Seine,60,[],,cnd.fr/fr/file/file/2231/inline/location%20de%20studio%20nov%2023.pdf,92,"Tarifs : 17 € TTC/heure LOCATION DE STUDIOS DE DANSE À PARIS Location de studios de danse Paris et proche banlieue – CN D - MAJ 01.24 Retour SOMMAIRE 9 STUDIO BLEU Directeur : Philippe Tricaud Responsable : Xavier Galois 7/9 rue des Petites écuries / 75010 Paris T 01 45 23 16 03 Mél : resa@studiobleu.com Site internet : www.studiobleu.com 4 sites à Paris + 1 site à Pantin : • 14 bd Poissonnière, 75009 5 salles de 95 m2, 80 m2, 65 (+11) m2, 50 m2 et 40 m2, équipées de parquet sol Harlequin Standfast pour les 3 plus grandes, miroirs, rideaux, sono, VMC + climatisation, vestiaires et douches sur place. [PDF] LOCATION DE STUDIOS DE DANSE PARIS ET PROCHE BANLIEUE. Tarifs : 17 € TTC/heure LOCATION DE STUDIOS DE DANSE À PARIS Location de studios de danse Paris et proche banlieue – CN D - MAJ 01.24 Retour SOMMAIRE 9 STUDIO BLEU Directeur : Philippe Tricaud Responsable : Xavier Galois 7/9 rue des Petites écuries / 75010 Paris T 01 45 23 16 03 Mél : resa@studiobleu.com Site internet : www.studiobleu.com 4 sites à Paris + 1 site à Pantin : • 14 bd Poissonnière, 75009 5 salles de 95 m2, 80 m2, 65 (+11) m2, 50 m2 et 40 m2, équipées de parquet sol Harlequin Standfast pour les 3 plus grandes, miroirs, rideaux, sono, VMC + climatisation, vestiaires et douches sur place. studio_danse  [PDF] LOCATION DE STUDIOS DE DANSE PARIS ET PROCHE BANLIEUE",,"[PDF] LOCATION DE STUDIOS DE DANSE PARIS ET PROCHE BANLIEUE. Tarifs : 17 € TTC/heure LOCATION DE STUDIOS DE DANSE À PARIS Location de studios de danse Paris et proche banlieue – CN D - MAJ 01.24 Retour SOMMAIRE 9 STUDIO BLEU Directeur : Philippe Tricaud Responsable : Xavier Galois 7/9 rue des Petites écuries / 75010 Paris T 01 45 23 16 03 Mél : resa@studiobleu.com Site internet : www.studiobleu.com 4 sites à Paris + 1 site à Pantin : • 14 bd Poissonnière, 75009 5 salles de 95 m2, 80 m2, 65 (+11) m2, 50 m2 et 40 m2, équipées de parquet sol Harlequin Standfast pour les 3 plus grandes, miroirs, rideaux, sono, VMC + climatisation, vestiaires et douches sur place.",97,2026-06-19,,,,,[],[PDF] LOCATION DE STUDIOS DE DANSE PARIS ET PROCHE BANLIEUE,pdf location de studios de danse paris et proche banlieue,,"['activité dance +18', 'espace mirrors +7', 'espace wood_floor +12', 'catégorie studio_danse +22', 'preuve + danse', 'preuve + parquet', 'site web']",medium,src_https-www-cnd-fr-fr-file-file-2231-i_27b2cc6d34,web_search,https://www.cnd.fr/fr/file/file/2231/inline/location%20de%20studio%20nov%2023.pdf,"['mirrors', 'wood_floor']",https://www.cnd.fr/fr/file/file/2231/inline/location%20de%20studio%20nov%2023.pdf
10,['dance'],,cand_best-dance-studios-near-boulogne-bil_8b96441f16,new,,studio_danse,Hauts-de-Seine,35,[],,m.yelp.com/search,92,"1. De Neuville Catherine · 2. BBDC - Boulogne Billancourt Danse Club · 3. Cirque Nomade - Cours Cirque Enfants · 4. Centre Exelmans · 5. Paris Capoeira avec Bamba. Best Dance Studios near Boulogne-Billancourt, Hauts-de-Seine .... 1. De Neuville Catherine · 2. BBDC - Boulogne Billancourt Danse Club · 3. Cirque Nomade - Cours Cirque Enfants · 4. Centre Exelmans · 5. Paris Capoeira avec Bamba. studio_danse  Best Dance Studios near Boulogne-Billancourt, Hauts-de-Seine ...",,"Best Dance Studios near Boulogne-Billancourt, Hauts-de-Seine .... 1. De Neuville Catherine · 2. BBDC - Boulogne Billancourt Danse Club · 3. Cirque Nomade - Cours Cirque Enfants · 4. Centre Exelmans · 5. Paris Capoeira avec Bamba.",74,2026-06-19,,,,,[],"Best Dance Studios near Boulogne-Billancourt, Hauts-de-Seine ...",best dance studios near boulogne billancourt hauts de seine,,"['activité dance +18', 'catégorie studio_danse +22', 'preuve + danse', 'site web']",low,src_https-m-yelp-com-search-find-desc-da_3ff02142e9,web_search,https://m.yelp.com/search?find_desc=Dance+Studios&find_loc=Boulogne-Billancourt,[],https://m.yelp.com/search?find_desc=Dance+Studios&find_loc=Boulogne-Billancourt
10,"['bodywork', 'dance', 'theatre']",,cand_location-de-salle-de-danse-78180-stu_12ac899cef,new,,studio_danse,Hauts-de-Seine,60,[],,themuselab.fr/location-de-salles,92,"THE MUSE LAB MONTIGNY LE BRETONNEUX 78 Studio de danse Yvelines. ## Location de salle de danse à Montigny-le-Bretonneux, Yvelines (78) en libre-service. ## Réserver le Lab. Votre salle de danse à louer, votre location de studio de danse. Vous recherchez un espace pour vos répétitions, cours, shootings ou événements artistiques dans les Yvelines ? The Muse Lab met à disposition son studio de danse à Montigny-le-Bretonneux, un lieu pensé pour la danse et la créativité. Vous recherchez une salle de danse à louer, un studio de répétition dans les Yvelines (78), un studio de danse pour vos projets artistiques ou bien-être ? The Muse Lab vous accueille dans son studio de danse à Montigny-le-Bretonneux, un espace chaleureux où la passion et la créativité s’épanouissent. The Muse Lab 78 92Studio de danse à Saint-Quentin en Yvelines, à Montigny le bretonneux (78) et Boulogne-Billancourt (92) location de salle. Location de salle de danse - 78180 - Studio de danse -. THE MUSE LAB MONTIGNY LE BRETONNEUX 78 Studio de danse Yvelines. ## Location de salle de danse à Montigny-le-Bretonneux, Yvelines (78) en libre-service. ## Réserver le Lab. Votre salle de danse à louer, votre location de studio de danse. Vous recherchez un espace pour vos répétitions, cours, shootings ou événements artistiques dans les Yvelines ? The Muse Lab met à disposition son studio de danse à Montigny-le-Bretonneux, un lieu pensé pour la danse et la créativité. Vous recherchez une salle de danse à louer, un studio de répétition dans les Yvelines (78), un studio de danse pour vos projets artistiques ou bien-être ? The Muse Lab vous accueille dans son studio de danse à Montigny-le-Bretonneux, un espace chaleureux où la passion et la créativité s’épanouissent. The Muse Lab 78 92Studio de danse à Saint-Quentin en Yvelines, à Montigny le bretonneux (78) et Boulogne-Billancourt (92) location de salle. studio_danse  Location de salle de danse - 78180 - Studio de danse -",,"Location de salle de danse - 78180 - Studio de danse -. THE MUSE LAB MONTIGNY LE BRETONNEUX 78 Studio de danse Yvelines. ## Location de salle de danse à Montigny-le-Bretonneux, Yvelines (78) en libre-service. ## Réserver le Lab. Votre salle de danse à louer, votre location de studio de danse. Vous recherchez un espace pour vos répétitions, cours, shootings ou événements artistiques dans les Yvelines ? The Muse Lab met à disposition son studio de danse à Montigny-le-Bretonneux, un lieu pensé pour la danse et la créativité. Vous recherchez une salle de danse à louer, un studio de répétition dans les Yvelines (78), un studio de danse pour vos projets artistiques ou bien-être ? The Muse Lab vous accueille dans son studio de danse à Montigny-le-Bretonneux, un espace chaleureux où la passion et la créativité s’épanouissent. The Muse Lab 78 92Studio de danse à Saint-Quentin en Yvelines, à Montigny le bretonneux (78) et Boulogne-Billancourt (92) location de salle.",100,2026-06-19,,,,,[],Location de salle de danse - 78180 - Studio de danse -,location de salle de danse 78180 studio de danse,,"['activité bodywork +14', 'activité dance +18', 'activité theatre +14', 'catégorie studio_danse +22', 'preuve + danse', 'preuve + répétition', 'preuve + repetition', 'site web']",medium,src_https-themuselab-fr-location-de-sall_e8c815ea4d,web_search,https://themuselab.fr/location-de-salles,[],https://themuselab.fr/location-de-salles
10,"['dance', 'theatre']",,cand_local-de-repetition-location-recherc_59a7b1c8d5,new,,studio_danse,Seine-Saint-Denis,35,[],,spectable.com/seine-saint-denis/petites-annonces/local-de-repetition/n_2648-l_40876.php,93,"Découvrez le studio de 150 m² de La Fabrique de la Danse à Pantin, un espace lumineux bénéficiant de la lumière naturelle, avec plancher de danse et équipé Local de répétition / Location, recherche en Seine Saint Denis. Découvrez le studio de 150 m² de La Fabrique de la Danse à Pantin, un espace lumineux bénéficiant de la lumière naturelle, avec plancher de danse et équipé studio_danse  Local de répétition / Location, recherche en Seine Saint Denis",,"Local de répétition / Location, recherche en Seine Saint Denis. Découvrez le studio de 150 m² de La Fabrique de la Danse à Pantin, un espace lumineux bénéficiant de la lumière naturelle, avec plancher de danse et équipé",96,2026-06-19,,,,,[],"Local de répétition / Location, recherche en Seine Saint Denis",local de repetition location recherche en seine saint denis,,"['activité dance +18', 'activité theatre +14', 'catégorie studio_danse +22', 'preuve + danse', 'preuve + répétition', 'preuve + repetition', 'site web']",low,src_https-www-spectable-com-seine-saint-_cc202bbb37,web_search,https://www.spectable.com/seine-saint-denis/petites-annonces/local-de-repetition/n_2648-l_40876.php,[],https://www.spectable.com/seine-saint-denis/petites-annonces/local-de-repetition/n_2648-l_40876.php
10,['dance'],,cand_danse-salles-et-lecons-en-seine-sain_2e87e59c62,new,,studio_danse,Seine-Saint-Denis,60,[],,pagesjaunes.fr/annuaire/departement/seine-saint-denis-93/danse-salles-et-lecons,93,"Le Feeling Dance est un centre de danse pour les amateurs et professionnels. Il propose des cours collectif, de danse et stages, locations de studios, Danse salles et leçons en Seine-saint-denis - Pages Jaunes. Le Feeling Dance est un centre de danse pour les amateurs et professionnels. Il propose des cours collectif, de danse et stages, locations de studios, studio_danse  Danse salles et leçons en Seine-saint-denis - Pages Jaunes",,"Danse salles et leçons en Seine-saint-denis - Pages Jaunes. Le Feeling Dance est un centre de danse pour les amateurs et professionnels. Il propose des cours collectif, de danse et stages, locations de studios,",74,2026-06-19,,,,,[],Danse salles et leçons en Seine-saint-denis - Pages Jaunes,danse salles et lecons en seine saint denis pages jaunes,,"['activité dance +18', 'catégorie studio_danse +22', 'preuve + danse', 'site web']",medium,src_https-www-pagesjaunes-fr-annuaire-de_ebb4941a57,web_search,https://www.pagesjaunes.fr/annuaire/departement/seine-saint-denis-93/danse-salles-et-lecons,[],https://www.pagesjaunes.fr/annuaire/departement/seine-saint-denis-93/danse-salles-et-lecons
10,['dance'],,cand_studio-danse-en-corps-studio-de-dans_aaffa1b9b8,new,,studio_danse,Seine-Saint-Denis,35,[],,studiodanseencorps.re,93,"Le studio de danse à Saint-Denis propose des cours de danse pour enfants, adolescents et adultes, accessibles à tous les niveaux. Studio Danse en Corps: Studio de danse à Saint-Denis de La Réunion. Le studio de danse à Saint-Denis propose des cours de danse pour enfants, adolescents et adultes, accessibles à tous les niveaux. studio_danse  Studio Danse en Corps: Studio de danse à Saint-Denis de La Réunion",,"Studio Danse en Corps: Studio de danse à Saint-Denis de La Réunion. Le studio de danse à Saint-Denis propose des cours de danse pour enfants, adolescents et adultes, accessibles à tous les niveaux.",74,2026-06-19,,,,,[],Studio Danse en Corps: Studio de danse à Saint-Denis de La Réunion,studio danse en corps studio de danse a saint denis de la reunion,,"['activité dance +18', 'catégorie studio_danse +22', 'preuve + danse', 'site web']",low,src_https-studiodanseencorps-re_033c9578da,web_search,https://studiodanseencorps.re,[],https://studiodanseencorps.re
10,"['dance', 'theatre']",,cand_local-de-repetition-location-recherc_65eecc98ef,new,,studio_danse,Val-de-Marne,35,[],,spectable.com/val-de-marne/petites-annonces/local-de-repetition/n_2648-l_136.php,94,"5 studios / 1500 m2, pour Danse, Tournage, Events, Stages... Factory ClubThiais (94320). Idéalement situé, ce club de 1500 m² se compose de 5 salles Local de répétition / Location, recherche dans le Val de Marne. 5 studios / 1500 m2, pour Danse, Tournage, Events, Stages... Factory ClubThiais (94320). Idéalement situé, ce club de 1500 m² se compose de 5 salles studio_danse  Local de répétition / Location, recherche dans le Val de Marne",,"Local de répétition / Location, recherche dans le Val de Marne. 5 studios / 1500 m2, pour Danse, Tournage, Events, Stages... Factory ClubThiais (94320). Idéalement situé, ce club de 1500 m² se compose de 5 salles",96,2026-06-19,,,,,[],"Local de répétition / Location, recherche dans le Val de Marne",local de repetition location recherche dans le val de marne,,"['activité dance +18', 'activité theatre +14', 'catégorie studio_danse +22', 'preuve + danse', 'preuve + répétition', 'preuve + repetition', 'site web']",low,src_https-www-spectable-com-val-de-marne_4aec6a238f,web_search,https://www.spectable.com/val-de-marne/petites-annonces/local-de-repetition/n_2648-l_136.php,[],https://www.spectable.com/val-de-marne/petites-annonces/local-de-repetition/n_2648-l_136.php
10,['dance'],,cand_danse-salles-et-lecons-en-val-de-mar_d1c7bfb49d,new,,studio_danse,Val-de-Marne,60,[],,pagesjaunes.fr/annuaire/departement/val-de-marne-94/danse-salles-et-lecons,94,Liste des professionnels ; Goudal Anne/Studio Cadence · 2 rue Paul Doumer 94130 Nogent sur Marne · Photo de Goudal Anne/Studio Cadence ; All Fit Alfortville · 52 rue Danse salles et leçons en Val-de-marne. Liste des professionnels ; Goudal Anne/Studio Cadence · 2 rue Paul Doumer 94130 Nogent sur Marne · Photo de Goudal Anne/Studio Cadence ; All Fit Alfortville · 52 rue studio_danse  Danse salles et leçons en Val-de-marne,,Danse salles et leçons en Val-de-marne. Liste des professionnels ; Goudal Anne/Studio Cadence · 2 rue Paul Doumer 94130 Nogent sur Marne · Photo de Goudal Anne/Studio Cadence ; All Fit Alfortville · 52 rue,74,2026-06-19,,,,,[],Danse salles et leçons en Val-de-marne,danse salles et lecons en val de marne,,"['activité dance +18', 'catégorie studio_danse +22', 'preuve + danse', 'site web']",medium,src_https-www-pagesjaunes-fr-annuaire-de_6e2662acec,web_search,https://www.pagesjaunes.fr/annuaire/departement/val-de-marne-94/danse-salles-et-lecons,[],https://www.pagesjaunes.fr/annuaire/departement/val-de-marne-94/danse-salles-et-lecons
10,['dance'],,cand_the-best-10-dance-studios-in-saint-m_b54f230dbe,new,,studio_danse,Val-de-Marne,35,[],,yelp.com/search,94,"Complexe sportif, art du déplacement, tricking, école de danse, stages internationaux, locations de salles, etc. See all reviews. Salsa Caraibes - Dance Studios THE BEST 10 Dance Studios in SAINT-MAUR-DES-FOSSÉS, VAL .... Complexe sportif, art du déplacement, tricking, école de danse, stages internationaux, locations de salles, etc. See all reviews. Salsa Caraibes - Dance Studios studio_danse  THE BEST 10 Dance Studios in SAINT-MAUR-DES-FOSSÉS, VAL ...",,"THE BEST 10 Dance Studios in SAINT-MAUR-DES-FOSSÉS, VAL .... Complexe sportif, art du déplacement, tricking, école de danse, stages internationaux, locations de salles, etc. See all reviews. Salsa Caraibes - Dance Studios",74,2026-06-19,,,,,[],"THE BEST 10 Dance Studios in SAINT-MAUR-DES-FOSSÉS, VAL ...",the best 10 dance studios in saint maur des fosses val,,"['activité dance +18', 'catégorie studio_danse +22', 'preuve + danse', 'site web']",low,src_https-www-yelp-com-search-cflt-dance_2e095d21a2,web_search,https://www.yelp.com/search?cflt=dancestudio&find_loc=Saint-Maur-des-Foss%C3%A9s%2C+Val-de-Marne,[],https://www.yelp.com/search?cflt=dancestudio&find_loc=Saint-Maur-des-Foss%C3%A9s%2C+Val-de-Marne
10,"['bodywork', 'dance']",,cand_salles-de-danse-a-louer-sur-le-75-92_b448eb74d2,new,,studio_danse,Val-de-Marne,35,[],,facebook.com/groups/3730163793874619,94,"Studio La Casa - Paris 19e vous propose : □ □ LOCATION DE SALLE □ □ PARIS 19e Toutes disciplines - Artistiques/Sportives/Bien être/Relaxation Toutes Danses Salles de danse, à louer sur le 75, 92, 94, pas cher ou en troc. Studio La Casa - Paris 19e vous propose : □ □ LOCATION DE SALLE □ □ PARIS 19e Toutes disciplines - Artistiques/Sportives/Bien être/Relaxation Toutes Danses studio_danse  Salles de danse, à louer sur le 75, 92, 94, pas cher ou en troc",,"Salles de danse, à louer sur le 75, 92, 94, pas cher ou en troc. Studio La Casa - Paris 19e vous propose : □ □ LOCATION DE SALLE □ □ PARIS 19e Toutes disciplines - Artistiques/Sportives/Bien être/Relaxation Toutes Danses",88,2026-06-19,,,,,[],"Salles de danse, à louer sur le 75, 92, 94, pas cher ou en troc",salles de danse a louer sur le 75 92 94 pas cher ou en troc,,"['activité bodywork +14', 'activité dance +18', 'catégorie studio_danse +22', 'preuve + danse', 'site web']",low,src_https-www-facebook-com-groups-373016_3c4be3f325,web_search,https://www.facebook.com/groups/3730163793874619,[],https://www.facebook.com/groups/3730163793874619
10,"['dance', 'theatre', 'yoga']",,cand_local-de-repetition-location-recherc_0dee187249,new,,studio_danse,Seine-et-Marne,35,[],,spectable.com/seine-et-marne/petites-annonces/local-de-repetition/n_2648-l_119.php,77,"Salle de danse à louer pour intervenants souhaitant développer des activités artistiques et culturelles. Aujourd'hui, des cours de danse, yoga, bachata, salsa, Local de répétition / Location, recherche en Seine et Marne. Salle de danse à louer pour intervenants souhaitant développer des activités artistiques et culturelles. Aujourd'hui, des cours de danse, yoga, bachata, salsa, studio_danse  Local de répétition / Location, recherche en Seine et Marne",,"Local de répétition / Location, recherche en Seine et Marne. Salle de danse à louer pour intervenants souhaitant développer des activités artistiques et culturelles. Aujourd'hui, des cours de danse, yoga, bachata, salsa,",100,2026-06-19,,,,,[],"Local de répétition / Location, recherche en Seine et Marne",local de repetition location recherche en seine et marne,,"['activité dance +18', 'activité theatre +14', 'activité yoga +18', 'catégorie studio_danse +22', 'preuve + danse', 'preuve + yoga', 'preuve + répétition', 'preuve + repetition', 'site web']",low,src_https-www-spectable-com-seine-et-mar_715c14f84f,web_search,https://www.spectable.com/seine-et-marne/petites-annonces/local-de-repetition/n_2648-l_119.php,[],https://www.spectable.com/seine-et-marne/petites-annonces/local-de-repetition/n_2648-l_119.php
10,['dance'],,cand_location-capdanse_00000ca04a,new,,studio_danse,Seine-et-Marne,60,[],,capdanse.fr/location.html,77,"Cours de danse en seine et marne, cours de danse dans le 77, cours de salsa cubaine, salsa cubaine, cours de salsa, cours de salsa cubaine 77, salsa cubaine 77, cours de salsa 77, cours de salsa cubaine val d’europe, salsa cubaine val d’europe, cours de salsa val d’europe, cours de salsa cubaine seine et marne, salsa cubaine seine et marne, cours de salsa seine et marne, cours de bachata, bachata, cours de bachata, cours de bachata 77, bachata 77, cours de bachata 77, cours de bachata val d’europe, bachata val d’europe, cours de bachata val d’europe, cours de bachata seine et marne, bachata seine et marne, cours de bachata seine et marne, cours de salsa portoricaine, salsa portoricaine, cours de portoricaine, cours de salsa portoricaine 77, salsa portoricaine 77, cours de portoricaine 77, cours de salsa portoricaine val d’europe, salsa portoricaine val d’europe, cours de portoricaine val d’europe, cours de portoricaine seine et marne, salsa portoricaine seine et marne, cours de zumba, zumba, cours de zumba 77, zumba 77, zumba val d’europe, cours de zumba val d’europe, cours de zumba seine et marne, zumba seine et marne, cours de zumbatomic, zumbatomic, cours de zumbatomic 77, zumbatomic 77, zumbatomic val d’europe, cours de zumbatomic val d’europe, cours de zumbatomic seine et marne, zumbatomic seine et marne, cours de danse orientale, danse orientale, cours de danse orientale 77, danse orientale 77, danse orientale val d’europe, cours de danse orientale val d’europe, cours de danse orientale seine et marne, danse orientale seine et marne, cours de hip hop new style, hip hop new style, cours de hip hop new style 77, hip hop new style 77, hip hop new style val d’europe, cours de hip hop new style val d’europe, cours de hip hop new style seine et marne, hip hop new style seine et marne, cours de hip hop break, hip hop break, cours de hip hop break 77, hip hop Location - Capdanse. Cours de danse en seine et marne, cours de danse dans le 77, cours de salsa cubaine, salsa cubaine, cours de salsa, cours de salsa cubaine 77, salsa cubaine 77, cours de salsa 77, cours de salsa cubaine val d’europe, salsa cubaine val d’europe, cours de salsa val d’europe, cours de salsa cubaine seine et marne, salsa cubaine seine et marne, cours de salsa seine et marne, cours de bachata, bachata, cours de bachata, cours de bachata 77, bachata 77, cours de bachata 77, cours de bachata val d’europe, bachata val d’europe, cours de bachata val d’europe, cours de bachata seine et marne, bachata seine et marne, cours de bachata seine et marne, cours de salsa portoricaine, salsa portoricaine, cours de portoricaine, cours de salsa portoricaine 77, salsa portoricaine 77, cours de portoricaine 77, cours de salsa portoricaine val d’europe, salsa portoricaine val d’europe, cours de portoricaine val d’europe, cours de portoricaine seine et marne, salsa portoricaine seine et ma studio_danse  Location - Capdanse",,"Location - Capdanse. Cours de danse en seine et marne, cours de danse dans le 77, cours de salsa cubaine, salsa cubaine, cours de salsa, cours de salsa cubaine 77, salsa cubaine 77, cours de salsa 77, cours de salsa cubaine val d’europe, salsa cubaine val d’europe, cours de salsa val d’europe, cours de salsa cubaine seine et marne, salsa cubaine seine et marne, cours de salsa seine et marne, cours de bachata, bachata, cours de bachata, cours de bachata 77, bachata 77, cours de bachata 77, cours de bachata val d’europe, bachata val d’europe, cours de bachata val d’europe, cours de bachata seine et marne, bachata seine et marne, cours de bachata seine et marne, cours de salsa portoricaine, salsa portoricaine, cours de portoricaine, cours de salsa portoricaine 77, salsa portoricaine 77, cours de portoricaine 77, cours de salsa portoricaine val d’europe, salsa portoricaine val d’europe, cours de portoricaine val d’europe, cours de portoricaine seine et marne, salsa portoricaine seine et ma",74,2026-06-19,,,,,[],Location - Capdanse,location capdanse,,"['activité dance +18', 'catégorie studio_danse +22', 'preuve + danse', 'site web']",medium,src_http-www-capdanse-fr-location-html_50a63e325d,web_search,http://www.capdanse.fr/location.html,[],http://www.capdanse.fr/location.html
10,"['dance', 'yoga']",,cand_bonjour-salle-a-louer-lagny-sur-marn_fb641b27f3,new,,studio_danse,Seine-et-Marne,35,[],,facebook.com/groups/257289725206307/posts/1557302315205035,77,"Bonjour Salle a louer Lagny sur Marne 77 Pour activités danse, fitness, pilates,yoga .. Une salle 30m2 avec parquet et miroir Une salle 40m2 Bonjour Salle a louer Lagny sur Marne 77 Pour activités danse .... Bonjour Salle a louer Lagny sur Marne 77 Pour activités danse, fitness, pilates,yoga .. Une salle 30m2 avec parquet et miroir Une salle 40m2 studio_danse  Bonjour Salle a louer Lagny sur Marne 77 Pour activités danse ...",,"Bonjour Salle a louer Lagny sur Marne 77 Pour activités danse .... Bonjour Salle a louer Lagny sur Marne 77 Pour activités danse, fitness, pilates,yoga .. Une salle 30m2 avec parquet et miroir Une salle 40m2",100,2026-06-19,,,,,[],Bonjour Salle a louer Lagny sur Marne 77 Pour activités danse ...,bonjour salle a louer lagny sur marne 77 pour activites danse,,"['activité dance +18', 'activité yoga +18', 'espace mirrors +7', 'espace wood_floor +12', 'catégorie studio_danse +22', 'preuve + danse', 'preuve + yoga', 'preuve + parquet', 'site web']",low,src_https-www-facebook-com-groups-257289_9f849ebfc9,web_search,https://www.facebook.com/groups/257289725206307/posts/1557302315205035,"['mirrors', 'wood_floor']",https://www.facebook.com/groups/257289725206307/posts/1557302315205035
10,"['dance', 'theatre']",,cand_studio-de-danse-l-aire-studio-de-dan_ceb606a28f,new,,studio_danse,Yvelines,60,[],,studio-danse-l-aire-yvelines.fr/studio-de-danse,78,"STUDIO DE DANSE ・ de 13m de diamètre (135 m2 au sol) Accueil danse, musique, chant, théâtre, séance. Possibilité locations ponctuelles ・ répétitions, stages, Studio de danse l'Aire - STUDIO DE DANSE. STUDIO DE DANSE ・ de 13m de diamètre (135 m2 au sol) Accueil danse, musique, chant, théâtre, séance. Possibilité locations ponctuelles ・ répétitions, stages, studio_danse  Studio de danse l'Aire - STUDIO DE DANSE",,"Studio de danse l'Aire - STUDIO DE DANSE. STUDIO DE DANSE ・ de 13m de diamètre (135 m2 au sol) Accueil danse, musique, chant, théâtre, séance. Possibilité locations ponctuelles ・ répétitions, stages,",100,2026-06-19,,,,,[],Studio de danse l'Aire - STUDIO DE DANSE,studio de danse l aire studio de danse,,"['activité dance +18', 'activité theatre +14', 'catégorie studio_danse +22', 'preuve + danse', 'preuve + théâtre', 'preuve + theatre', 'preuve + répétition', 'preuve + repetition', 'site web']",medium,src_https-studio-danse-l-aire-yvelines-f_89359c6fe6,web_search,https://studio-danse-l-aire-yvelines.fr/studio-de-danse,[],https://studio-danse-l-aire-yvelines.fr/studio-de-danse
10,['dance'],,cand_event-arena-society_20f7161b22,new,,studio_danse,Yvelines,35,[],,event-arena-society.com,78,"* Notre mission : vous accompagner pour créer votre événement à votre image ! # **Bienvenue à** **EVENT SOCIETY**. ### **Nous sommes une société de location de salles basée sur les activités :**. ### **La SALLE ARENA située dans le centre de Conflans-Sainte-Honorine, Yvelines,**. ### **bientôt la****SALLE ATMOS sur Meulan les Mureaux,****Yvelines.**. ### **Notre mission de vous accompagner à réaliser votre événement en toute simplicité à un prix concurrentiel.**. STUDIO ARENA à CONFLANS-SAINTE-HONORINE. SALLE RÉCEPTION ARENA à CONFLANS-SAINTE-HONORINE. STUDIO ATMOS à MEULAN-LES-MUREAUX. SALLE ATMOS à MEULAN-LES-MUREAUX. Nous pouvons vous proposer une liste de prestataires habitués aux lieux et de qualité : traiteurs, maitres de cérémonie, service ménage, plonge... ### “EVENT ARENA est une société familiale ayant à coeur de connaitre nos clients et d'être à leur écoute, afin de rendre votre événement exceptionnel."". N'hésitez pas à nous contacter pour toute demande de location de salle, réservation de studio de danse et autres prestations. EVENT ARENA SOCIETY. * Notre mission : vous accompagner pour créer votre événement à votre image ! # **Bienvenue à** **EVENT SOCIETY**. ### **Nous sommes une société de location de salles basée sur les activités :**. ### **La SALLE ARENA située dans le centre de Conflans-Sainte-Honorine, Yvelines,**. ### **bientôt la****SALLE ATMOS sur Meulan les Mureaux,****Yvelines.**. ### **Notre mission de vous accompagner à réaliser votre événement en toute simplicité à un prix concurrentiel.**. STUDIO ARENA à CONFLANS-SAINTE-HONORINE. SALLE RÉCEPTION ARENA à CONFLANS-SAINTE-HONORINE. STUDIO ATMOS à MEULAN-LES-MUREAUX. SALLE ATMOS à MEULAN-LES-MUREAUX. Nous pouvons vous proposer une liste de prestataires habitués aux lieux et de qualité : traiteurs, maitres de cérémonie, service ménage, plonge... ### “EVENT ARENA est une société familiale ayant à coeur de connaitre nos clients et d'être à leur écoute, afin de rendre votre événement exceptionnel."". N'hésitez pas à nous contacter pour toute demande  studio_danse  EVENT ARENA SOCIETY",,"EVENT ARENA SOCIETY. * Notre mission : vous accompagner pour créer votre événement à votre image ! # **Bienvenue à** **EVENT SOCIETY**. ### **Nous sommes une société de location de salles basée sur les activités :**. ### **La SALLE ARENA située dans le centre de Conflans-Sainte-Honorine, Yvelines,**. ### **bientôt la****SALLE ATMOS sur Meulan les Mureaux,****Yvelines.**. ### **Notre mission de vous accompagner à réaliser votre événement en toute simplicité à un prix concurrentiel.**. STUDIO ARENA à CONFLANS-SAINTE-HONORINE. SALLE RÉCEPTION ARENA à CONFLANS-SAINTE-HONORINE. STUDIO ATMOS à MEULAN-LES-MUREAUX. SALLE ATMOS à MEULAN-LES-MUREAUX. Nous pouvons vous proposer une liste de prestataires habitués aux lieux et de qualité : traiteurs, maitres de cérémonie, service ménage, plonge... ### “EVENT ARENA est une société familiale ayant à coeur de connaitre nos clients et d'être à leur écoute, afin de rendre votre événement exceptionnel."". N'hésitez pas à nous contacter pour toute demande ",66,2026-06-19,,,,,[],EVENT ARENA SOCIETY,event arena society,,"['activité dance +18', 'catégorie studio_danse +22', 'preuve + danse', 'preuve - réception', 'site web']",low,src_https-www-event-arena-society-com_aa481f4d04,web_search,https://www.event-arena-society.com,[],https://www.event-arena-society.com
10,"['dance', 'theatre']",,cand_location-de-studios-de-repetition-en_b28a85f2a4,new,,studio_danse,Yvelines,60,[],,pagesjaunes.fr/annuaire/departement/yvelines-78/location-de-studios-de-repetition,78,Gam Studio Productions · 21 route Houdan 78113 Bourdonné ; Le Barde Atomique · 61 rue Fontenelles 78920 Ecquevilly ; BEHAY PRODMUZIK · bât 1 26 avenue Frères Lumière Location de studios de répétition en Yvelines - Pages Jaunes. Gam Studio Productions · 21 route Houdan 78113 Bourdonné ; Le Barde Atomique · 61 rue Fontenelles 78920 Ecquevilly ; BEHAY PRODMUZIK · bât 1 26 avenue Frères Lumière studio_danse  Location de studios de répétition en Yvelines - Pages Jaunes,,Location de studios de répétition en Yvelines - Pages Jaunes. Gam Studio Productions · 21 route Houdan 78113 Bourdonné ; Le Barde Atomique · 61 rue Fontenelles 78920 Ecquevilly ; BEHAY PRODMUZIK · bât 1 26 avenue Frères Lumière,96,2026-06-19,,,,,[],Location de studios de répétition en Yvelines - Pages Jaunes,location de studios de repetition en yvelines pages jaunes,,"['activité dance +18', 'activité theatre +14', 'catégorie studio_danse +22', 'preuve + danse', 'preuve + répétition', 'preuve + repetition', 'site web']",medium,src_https-www-pagesjaunes-fr-annuaire-de_c6ce7d6c54,web_search,https://www.pagesjaunes.fr/annuaire/departement/yvelines-78/location-de-studios-de-repetition,[],https://www.pagesjaunes.fr/annuaire/departement/yvelines-78/location-de-studios-de-repetition
10,"['dance', 'theatre']",,cand_local-de-repetition-location-recherc_520ba603f9,new,,studio_danse,Essonne,35,[],,spectable.com/corbeil-essonnes-91100/petites-annonces/local-de-repetition/n_2648-l_17548.php,91,"Studio musique équipé + espace lounge — 690€/mois Studio de musique privatif, situé au RDC d'une maison, idéal pour producteur, beatmaker, compositeur ou Local de répétition / Location, recherche à Corbeil Essonnes (91100). Studio musique équipé + espace lounge — 690€/mois Studio de musique privatif, situé au RDC d'une maison, idéal pour producteur, beatmaker, compositeur ou studio_danse  Local de répétition / Location, recherche à Corbeil Essonnes (91100)",,"Local de répétition / Location, recherche à Corbeil Essonnes (91100). Studio musique équipé + espace lounge — 690€/mois Studio de musique privatif, situé au RDC d'une maison, idéal pour producteur, beatmaker, compositeur ou",96,2026-06-19,,,,,[],"Local de répétition / Location, recherche à Corbeil Essonnes (91100)",local de repetition location recherche a corbeil essonnes 91100,,"['activité dance +18', 'activité theatre +14', 'catégorie studio_danse +22', 'preuve + danse', 'preuve + répétition', 'preuve + repetition', 'site web']",low,src_https-www-spectable-com-corbeil-esso_ef0dd74090,web_search,https://www.spectable.com/corbeil-essonnes-91100/petites-annonces/local-de-repetition/n_2648-l_17548.php,[],https://www.spectable.com/corbeil-essonnes-91100/petites-annonces/local-de-repetition/n_2648-l_17548.php
10,['dance'],,cand_danse-salles-et-lecons-en-essonne-pa_5f34c6c9a9,new,,studio_danse,Essonne,60,[],,pagesjaunes.fr/annuaire/departement/essonne-91/danse-salles-et-lecons,91,"Belle Fée Danse vous invite à explorer la danse au cœur d'un espace convivial et chaleureux en Essonne (91). Sur 600 m² avec trois salles en parquet, cet Danse salles et leçons en Essonne - Pages Jaunes. Belle Fée Danse vous invite à explorer la danse au cœur d'un espace convivial et chaleureux en Essonne (91). Sur 600 m² avec trois salles en parquet, cet studio_danse  Danse salles et leçons en Essonne - Pages Jaunes",,"Danse salles et leçons en Essonne - Pages Jaunes. Belle Fée Danse vous invite à explorer la danse au cœur d'un espace convivial et chaleureux en Essonne (91). Sur 600 m² avec trois salles en parquet, cet",90,2026-06-19,,,,,[],Danse salles et leçons en Essonne - Pages Jaunes,danse salles et lecons en essonne pages jaunes,,"['activité dance +18', 'espace wood_floor +12', 'catégorie studio_danse +22', 'preuve + danse', 'preuve + parquet', 'site web']",medium,src_https-www-pagesjaunes-fr-annuaire-de_33f0e0fd30,web_search,https://www.pagesjaunes.fr/annuaire/departement/essonne-91/danse-salles-et-lecons,['wood_floor'],https://www.pagesjaunes.fr/annuaire/departement/essonne-91/danse-salles-et-lecons
10,['dance'],,cand_20-meilleur-studios-de-danse-a-louer_43aded29c0,new,,studio_danse,Essonne,35,[],,peerspace.com/fr/plan/dance-studio,91,"# 20 meilleur Studios De Danse à louer à proximité | Peerspace. Découvrez des milliers de studios de danse uniques à louer pour votre événement. ## Fonctionnement des lieux pour cours de danse sur Peerspace. Peerspace est le moyen le plus simple de réserver des studios de danse uniques pour vos fêtes, mariages, réunions, productions médias et plus encore. Nous découvrons chaque jour de nouveaux lieux créatifs, dont des lieux pour cours de danse, à louer pour votre activité. Les prix de nos studios de danse sont adaptés à votre budget. Grâce à nos outils, il vous suffit d'un clic pour réserver des lieux pour lieu pour cours de danse. Restaurant et bar au design industriel avec terrasse végétalisée privatisable à deux pas du Marais Paris, Île-de-France 150 guestsFR/ Notre restaurant, idéalement situé dans le 11ème arrondissement de Paris et à deux pas du Marais, peut accueillir entre 70 personnes assises et 150 personnes debout pour des cocktails dinatoires. 20 meilleur Studios De Danse à louer à proximité - Peerspace. # 20 meilleur Studios De Danse à louer à proximité | Peerspace. Découvrez des milliers de studios de danse uniques à louer pour votre événement. ## Fonctionnement des lieux pour cours de danse sur Peerspace. Peerspace est le moyen le plus simple de réserver des studios de danse uniques pour vos fêtes, mariages, réunions, productions médias et plus encore. Nous découvrons chaque jour de nouveaux lieux créatifs, dont des lieux pour cours de danse, à louer pour votre activité. Les prix de nos studios de danse sont adaptés à votre budget. Grâce à nos outils, il vous suffit d'un clic pour réserver des lieux pour lieu pour cours de danse. Restaurant et bar au design industriel avec terrasse végétalisée privatisable à deux pas du Marais Paris, Île-de-France 150 guestsFR/ Notre restaurant, idéalement situé dans le 11ème arrondissement de Paris et à deux pas du Marais, peut accueillir entre 70 personnes assises et 150 personnes debou studio_danse  20 meilleur Studios De Danse à louer à proximité - Peerspace",,"20 meilleur Studios De Danse à louer à proximité - Peerspace. # 20 meilleur Studios De Danse à louer à proximité | Peerspace. Découvrez des milliers de studios de danse uniques à louer pour votre événement. ## Fonctionnement des lieux pour cours de danse sur Peerspace. Peerspace est le moyen le plus simple de réserver des studios de danse uniques pour vos fêtes, mariages, réunions, productions médias et plus encore. Nous découvrons chaque jour de nouveaux lieux créatifs, dont des lieux pour cours de danse, à louer pour votre activité. Les prix de nos studios de danse sont adaptés à votre budget. Grâce à nos outils, il vous suffit d'un clic pour réserver des lieux pour lieu pour cours de danse. Restaurant et bar au design industriel avec terrasse végétalisée privatisable à deux pas du Marais Paris, Île-de-France 150 guestsFR/ Notre restaurant, idéalement situé dans le 11ème arrondissement de Paris et à deux pas du Marais, peut accueillir entre 70 personnes assises et 150 personnes debou",66,2026-06-19,,,,,[],20 meilleur Studios De Danse à louer à proximité - Peerspace,20 meilleur studios de danse a louer a proximite peerspace,,"['activité dance +18', 'catégorie studio_danse +22', 'preuve + danse', 'preuve - mariage', 'site web']",low,src_https-www-peerspace-com-fr-plan-danc_32642fd82a,web_search,https://www.peerspace.com/fr/plan/dance-studio,[],https://www.peerspace.com/fr/plan/dance-studio
10,['dance'],,cand_studio-location-centre-de-danse-m2l_8dff14f4a5,new,,studio_danse,Val-d'Oise,35,[],,centrededansem2l.com/projects-6,95,"Logo Centre de danse M2L. # Le studio de danse. Espace de 245m2, composé d'une grande salle de danse d'environ 130m2, d'une estrade, de barres et de miroirs sans oublier un grand vestiaire, deux toilettes. Le tout sur le parking gratuit, du magasin Auchan, proche du centre ville, de commerces et d'écoles, accessible en bus. Studio de danse location Oise. Location studio de danse Oise. ## Location du studio. Vous êtes à la recherche d'une grande salle pour accueillir vos stages, vos ateliers artistiques et culturels, ou encore vos groupes de sophrologie, de développement personnelle, demandez un devis. Grande salle de danse avec scène, murs en brique et planchers en bois. ## Tarifs location régulière. Grande salle de danse avec barres de ballet. ## Tarifs location occasionnelle. Demi-journée ou journée complète sur devis. Vestiaire avec banc et patères. Studio/Location | Centre de danse M2L. Logo Centre de danse M2L. # Le studio de danse. Espace de 245m2, composé d'une grande salle de danse d'environ 130m2, d'une estrade, de barres et de miroirs sans oublier un grand vestiaire, deux toilettes. Le tout sur le parking gratuit, du magasin Auchan, proche du centre ville, de commerces et d'écoles, accessible en bus. Studio de danse location Oise. Location studio de danse Oise. ## Location du studio. Vous êtes à la recherche d'une grande salle pour accueillir vos stages, vos ateliers artistiques et culturels, ou encore vos groupes de sophrologie, de développement personnelle, demandez un devis. Grande salle de danse avec scène, murs en brique et planchers en bois. ## Tarifs location régulière. Grande salle de danse avec barres de ballet. ## Tarifs location occasionnelle. Demi-journée ou journée complète sur devis. Vestiaire avec banc et patères. studio_danse  Studio/Location | Centre de danse M2L",,"Studio/Location | Centre de danse M2L. Logo Centre de danse M2L. # Le studio de danse. Espace de 245m2, composé d'une grande salle de danse d'environ 130m2, d'une estrade, de barres et de miroirs sans oublier un grand vestiaire, deux toilettes. Le tout sur le parking gratuit, du magasin Auchan, proche du centre ville, de commerces et d'écoles, accessible en bus. Studio de danse location Oise. Location studio de danse Oise. ## Location du studio. Vous êtes à la recherche d'une grande salle pour accueillir vos stages, vos ateliers artistiques et culturels, ou encore vos groupes de sophrologie, de développement personnelle, demandez un devis. Grande salle de danse avec scène, murs en brique et planchers en bois. ## Tarifs location régulière. Grande salle de danse avec barres de ballet. ## Tarifs location occasionnelle. Demi-journée ou journée complète sur devis. Vestiaire avec banc et patères.",81,2026-06-19,,,,,[],Studio/Location | Centre de danse M2L,studio location centre de danse m2l,,"['activité dance +18', 'espace mirrors +7', 'catégorie studio_danse +22', 'preuve + danse', 'site web']",low,src_https-www-centrededansem2l-com-proje_a33e2e8e3e,web_search,https://www.centrededansem2l.com/projects-6,['mirrors'],https://www.centrededansem2l.com/projects-6
10,['dance'],,cand_studio-influence-reviews-photos-phon_4b4c8b2f4c,new,,studio_danse,Val-d'Oise,35,[],,studio-influence.wheree.com,95,"Influence is a vibrant dance school located in Pierrelaye, France. Val-d'Oise Hours Hours Monday 06:30 A.M - 11:00 P.M Tuesday 07:00 Studio Influence - Reviews, Photos & Phone Number - Updated .... Influence is a vibrant dance school located in Pierrelaye, France. Val-d'Oise Hours Hours Monday 06:30 A.M - 11:00 P.M Tuesday 07:00 studio_danse  Studio Influence - Reviews, Photos & Phone Number - Updated ...",,"Studio Influence - Reviews, Photos & Phone Number - Updated .... Influence is a vibrant dance school located in Pierrelaye, France. Val-d'Oise Hours Hours Monday 06:30 A.M - 11:00 P.M Tuesday 07:00",74,2026-06-19,,,,,[],"Studio Influence - Reviews, Photos & Phone Number - Updated ...",studio influence reviews photos phone number updated,,"['activité dance +18', 'catégorie studio_danse +22', 'preuve + danse', 'site web']",low,src_https-studio-influence-wheree-com_8927888891,web_search,https://studio-influence.wheree.com,[],https://studio-influence.wheree.com
10,['dance'],,cand_ecole-de-pole-dance-a-domont-chaumon_2679c98ee6,new,,studio_danse,Val-d'Oise,35,[],,lestudioprive.com,95,"LA PLUS GRANDE ÉCOLE D'ARTS AÉRIENS DU VAL-D'OISE ! Avec ses trois studios spacieux de 145m², 150m² et 180m², le Studio Privé est la référence incontournable de ÉCOLE DE POLE DANCE À DOMONT, CHAUMONTEL ET CHAMBLY. LA PLUS GRANDE ÉCOLE D'ARTS AÉRIENS DU VAL-D'OISE ! Avec ses trois studios spacieux de 145m², 150m² et 180m², le Studio Privé est la référence incontournable de studio_danse  ÉCOLE DE POLE DANCE À DOMONT, CHAUMONTEL ET CHAMBLY",,"ÉCOLE DE POLE DANCE À DOMONT, CHAUMONTEL ET CHAMBLY. LA PLUS GRANDE ÉCOLE D'ARTS AÉRIENS DU VAL-D'OISE ! Avec ses trois studios spacieux de 145m², 150m² et 180m², le Studio Privé est la référence incontournable de",74,2026-06-19,,,,,[],"ÉCOLE DE POLE DANCE À DOMONT, CHAUMONTEL ET CHAMBLY",ecole de pole dance a domont chaumontel et chambly,,"['activité dance +18', 'catégorie studio_danse +22', 'preuve + danse', 'site web']",low,src_https-lestudioprive-com_0b33ab6714,web_search,https://lestudioprive.com,[],https://lestudioprive.com
10,['dance'],,cand_studio-influence-ecole-de-danse-a-pi_cc289746b7,new,,studio_danse,Val-d'Oise,35,[],,studio-influence.com,95,"# Studio Influence Studio Influence. ### École de danse située à **Pierrelaye ET Beauchamp** dans Val d'0ise. # apprendre à danser au **STUdio Influence**. ### Situé à Pierrelaye et Beauchamp dans le Val d’Oise (95), le **Studio Influence** est une École de Danse qui vous propose de nombreux cours avec les meilleurs professeurs de la région. ##### Toute l’équipe du Studio Influence. ##### prépare **une rentrée pleine d’énergie**, de **danse** et de **nouveautés** 💃. Les informations concernant les **inscriptions**, le **planning** de la **rentrée 2026–2027** seront bientôt disponibles sur le site 🎉. Encore un peu de patience… on a hte de vous retrouver pour une nouvelle saison pleine de passion, de partage et de good vibes ✨. Pour recevoir les informations **directement par mail** cliquez sur le bouton **ci-dessous.**. ## Venez découvrir ou faire découvrir nos cours lors de nos **portes ouvertes** directement au Studio Influence. Inscription aux Portes Ouvertes du Studio Influence. ### **ZOOM SUR LE STUDIO**. Studio Influence – École de danse à Pierrelaye. # Studio Influence Studio Influence. ### École de danse située à **Pierrelaye ET Beauchamp** dans Val d'0ise. # apprendre à danser au **STUdio Influence**. ### Situé à Pierrelaye et Beauchamp dans le Val d’Oise (95), le **Studio Influence** est une École de Danse qui vous propose de nombreux cours avec les meilleurs professeurs de la région. ##### Toute l’équipe du Studio Influence. ##### prépare **une rentrée pleine d’énergie**, de **danse** et de **nouveautés** 💃. Les informations concernant les **inscriptions**, le **planning** de la **rentrée 2026–2027** seront bientôt disponibles sur le site 🎉. Encore un peu de patience… on a hte de vous retrouver pour une nouvelle saison pleine de passion, de partage et de good vibes ✨. Pour recevoir les informations **directement par mail** cliquez sur le bouton **ci-dessous.**. ## Venez découvrir ou faire découvrir nos cours lors de nos **portes ouvertes** directement au Studio Influence. Inscript studio_danse  Studio Influence – École de danse à Pierrelaye",,"Studio Influence – École de danse à Pierrelaye. # Studio Influence Studio Influence. ### École de danse située à **Pierrelaye ET Beauchamp** dans Val d'0ise. # apprendre à danser au **STUdio Influence**. ### Situé à Pierrelaye et Beauchamp dans le Val d’Oise (95), le **Studio Influence** est une École de Danse qui vous propose de nombreux cours avec les meilleurs professeurs de la région. ##### Toute l’équipe du Studio Influence. ##### prépare **une rentrée pleine d’énergie**, de **danse** et de **nouveautés** 💃. Les informations concernant les **inscriptions**, le **planning** de la **rentrée 2026–2027** seront bientôt disponibles sur le site 🎉. Encore un peu de patience… on a hte de vous retrouver pour une nouvelle saison pleine de passion, de partage et de good vibes ✨. Pour recevoir les informations **directement par mail** cliquez sur le bouton **ci-dessous.**. ## Venez découvrir ou faire découvrir nos cours lors de nos **portes ouvertes** directement au Studio Influence. Inscript",74,2026-06-19,,,,,[],Studio Influence – École de danse à Pierrelaye,studio influence ecole de danse a pierrelaye,,"['activité dance +18', 'catégorie studio_danse +22', 'preuve + danse', 'site web']",low,src_https-studio-influence-com_8a28ef0588,web_search,https://studio-influence.com,[],https://studio-influence.com
10,"['meditation', 'yoga']",,cand_location-salle-yoga-paris-12-namaste_c2f83fb3c6,new,,studio_yoga,Paris,35,[],,namasteom.com/location-salle,75,"Le Centre NamastéOm. Adresse : 24 rue des Marguettes, 75012 PARIS. La location comprend la location de la salle de yoga équipée. Matériel yoga et méditation : location salle yoga paris 12 - Namasteom. Le Centre NamastéOm. Adresse : 24 rue des Marguettes, 75012 PARIS. La location comprend la location de la salle de yoga équipée. Matériel yoga et méditation : studio_yoga  location salle yoga paris 12 - Namasteom",,"location salle yoga paris 12 - Namasteom. Le Centre NamastéOm. Adresse : 24 rue des Marguettes, 75012 PARIS. La location comprend la location de la salle de yoga équipée. Matériel yoga et méditation :",92,2026-06-19,,,,,[],location salle yoga paris 12 - Namasteom,location salle yoga paris 12 namasteom,,"['activité meditation +10', 'activité yoga +18', 'catégorie studio_yoga +22', 'preuve + yoga', 'preuve + méditation', 'preuve + meditation', 'site web']",low,src_https-www-namasteom-com-location-sal_fdbcc71597,web_search,https://www.namasteom.com/location-salle,[],https://www.namasteom.com/location-salle
10,"['dance', 'yoga']",,cand_louer-une-salle-pour-cours-collectif_84dc4a72c2,new,,studio_yoga,Paris,35,[],,yay-yoga.com/yay-studios/blog/studio-yoga-pilates-a-louer-paris,75,"# Où louer une salle pour cours collectifs à Paris ? Vous êtes professeur de danse, de fitness, d’activités enfants ou seniors, et vous cherchez une salle pour accueillir vos cours collectifs à Paris ? Ce guide vous aide à identifier **où louer une salle pour cours collectifs à Paris** dans les meilleures conditions. ## Les critères d’une bonne salle pour cours collectifs à Paris. Pour un cours collectif en groupe de 8 à 12 personnes, prévoyez un minimum de 50 à 70 m². Un **parquet bois** ou un sol semi-rigide est idéal pour la danse, le fitness et les cours au sol. Pour des cours collectifs standards, un **studio de 70 à 80 m²** est le format polyvalent idéal : assez grand pour des groupes de 10 à 12 personnes, sans être surdimensionné. Le **Studio Vinaigriers 105 m²** (dès 160 €/mois) est le plus grand espace de la gamme YAY, idéal pour des groupes de 15 à 20 personnes ou pour des cours avec équipements. Louer une salle pour cours collectifs à Paris | YAY Studios. # Où louer une salle pour cours collectifs à Paris ? Vous êtes professeur de danse, de fitness, d’activités enfants ou seniors, et vous cherchez une salle pour accueillir vos cours collectifs à Paris ? Ce guide vous aide à identifier **où louer une salle pour cours collectifs à Paris** dans les meilleures conditions. ## Les critères d’une bonne salle pour cours collectifs à Paris. Pour un cours collectif en groupe de 8 à 12 personnes, prévoyez un minimum de 50 à 70 m². Un **parquet bois** ou un sol semi-rigide est idéal pour la danse, le fitness et les cours au sol. Pour des cours collectifs standards, un **studio de 70 à 80 m²** est le format polyvalent idéal : assez grand pour des groupes de 10 à 12 personnes, sans être surdimensionné. Le **Studio Vinaigriers 105 m²** (dès 160 €/mois) est le plus grand espace de la gamme YAY, idéal pour des groupes de 15 à 20 personnes ou pour des cours avec équipements. studio_yoga  Louer une salle pour cours collectifs à Paris | YAY Studios",,"Louer une salle pour cours collectifs à Paris | YAY Studios. # Où louer une salle pour cours collectifs à Paris ? Vous êtes professeur de danse, de fitness, d’activités enfants ou seniors, et vous cherchez une salle pour accueillir vos cours collectifs à Paris ? Ce guide vous aide à identifier **où louer une salle pour cours collectifs à Paris** dans les meilleures conditions. ## Les critères d’une bonne salle pour cours collectifs à Paris. Pour un cours collectif en groupe de 8 à 12 personnes, prévoyez un minimum de 50 à 70 m². Un **parquet bois** ou un sol semi-rigide est idéal pour la danse, le fitness et les cours au sol. Pour des cours collectifs standards, un **studio de 70 à 80 m²** est le format polyvalent idéal : assez grand pour des groupes de 10 à 12 personnes, sans être surdimensionné. Le **Studio Vinaigriers 105 m²** (dès 160 €/mois) est le plus grand espace de la gamme YAY, idéal pour des groupes de 15 à 20 personnes ou pour des cours avec équipements.",100,2026-06-19,,,,,[],Louer une salle pour cours collectifs à Paris | YAY Studios,louer une salle pour cours collectifs a paris yay studios,,"['activité dance +18', 'activité yoga +18', 'espace wood_floor +12', 'catégorie studio_yoga +22', 'preuve + danse', 'preuve + yoga', 'preuve + parquet', 'site web']",low,src_https-www-yay-yoga-com-yay-studios-b_5b1a6fc920,web_search,https://www.yay-yoga.com/yay-studios/blog/studio-yoga-pilates-a-louer-paris,['wood_floor'],https://www.yay-yoga.com/yay-studios/blog/studio-yoga-pilates-a-louer-paris
10,['yoga'],,cand_location-salle-yoga-paris-studio-des_20e9ecf1ec,new,,studio_yoga,Paris,35,[],,methode-taranto.com/location-de-salle-paris,75,La location de la salle de yoga comprend : · 40 tapis · 28 briques · 20 sangles · 20 bolsters · 20 paires de lestes de 1kg · 20 elastiband · 24 couvertures. Location Salle Yoga Paris | Studio dès 35€ / h - Méthode Taranto. La location de la salle de yoga comprend : · 40 tapis · 28 briques · 20 sangles · 20 bolsters · 20 paires de lestes de 1kg · 20 elastiband · 24 couvertures. studio_yoga  Location Salle Yoga Paris | Studio dès 35€ / h - Méthode Taranto,,Location Salle Yoga Paris | Studio dès 35€ / h - Méthode Taranto. La location de la salle de yoga comprend : · 40 tapis · 28 briques · 20 sangles · 20 bolsters · 20 paires de lestes de 1kg · 20 elastiband · 24 couvertures.,74,2026-06-19,,,,,[],Location Salle Yoga Paris | Studio dès 35€ / h - Méthode Taranto,location salle yoga paris studio des 35 h methode taranto,,"['activité yoga +18', 'catégorie studio_yoga +22', 'preuve + yoga', 'site web']",low,src_https-www-methode-taranto-com-locati_aa1606f540,web_search,https://www.methode-taranto.com/location-de-salle-paris,[],https://www.methode-taranto.com/location-de-salle-paris
10,['yoga'],,cand_location-de-salle-ashtanga-yoga-pari_dd978bfe15,new,,studio_yoga,Paris,60,[],,ashtangayogaparis.fr/location-salle,75,"Nous louons nos magnifiques salles de yoga ! Si vous recherchez un endroit spécial pour organiser un atelier, une formation, un cours ou un événement, Location de salle - Ashtanga Yoga Paris. Nous louons nos magnifiques salles de yoga ! Si vous recherchez un endroit spécial pour organiser un atelier, une formation, un cours ou un événement, studio_yoga  Location de salle - Ashtanga Yoga Paris",,"Location de salle - Ashtanga Yoga Paris. Nous louons nos magnifiques salles de yoga ! Si vous recherchez un endroit spécial pour organiser un atelier, une formation, un cours ou un événement,",74,2026-06-19,,,,,[],Location de salle - Ashtanga Yoga Paris,location de salle ashtanga yoga paris,,"['activité yoga +18', 'catégorie studio_yoga +22', 'preuve + yoga', 'site web']",medium,src_https-www-ashtangayogaparis-fr-locat_12cf0e4b74,web_search,https://www.ashtangayogaparis.fr/location-salle,[],https://www.ashtangayogaparis.fr/location-salle
10,['yoga'],,cand_location-studio-de-yoga-paris-yoga-v_764e7bc37e,new,,studio_yoga,Paris,60,[],,yogavillage.fr/location-studio-de-yoga-paris,75,"Nos 2 studios sont disponibles à la location. Nous avons aussi un créneau hebdomadaire à louer le jeudi 20h, 39 boulevard des Capucines 75002 PARIS. La capacité Location studio de yoga Paris - Yoga Village Paris. Nos 2 studios sont disponibles à la location. Nous avons aussi un créneau hebdomadaire à louer le jeudi 20h, 39 boulevard des Capucines 75002 PARIS. La capacité studio_yoga  Location studio de yoga Paris - Yoga Village Paris",,"Location studio de yoga Paris - Yoga Village Paris. Nos 2 studios sont disponibles à la location. Nous avons aussi un créneau hebdomadaire à louer le jeudi 20h, 39 boulevard des Capucines 75002 PARIS. La capacité",74,2026-06-19,,,,,[],Location studio de yoga Paris - Yoga Village Paris,location studio de yoga paris yoga village paris,,"['activité yoga +18', 'catégorie studio_yoga +22', 'preuve + yoga', 'site web']",medium,src_https-yogavillage-fr-location-studio_eeda14177f,web_search,https://yogavillage.fr/location-studio-de-yoga-paris,[],https://yogavillage.fr/location-studio-de-yoga-paris
10,['yoga'],,cand_studio-de-yoga-a-boulogne-billancour_0b30b8839f,new,,studio_yoga,Hauts-de-Seine,60,[],,m-yoga.fr/le-centre,92,La salle Vakog est disponible à la location pour vos cours ou évènements les après midi en semaine et le weekend de 13h30 à 17h00 . Matériel sur Studio de Yoga à Boulogne-Billancourt - M-Yoga. La salle Vakog est disponible à la location pour vos cours ou évènements les après midi en semaine et le weekend de 13h30 à 17h00 . Matériel sur studio_yoga  Studio de Yoga à Boulogne-Billancourt - M-Yoga,,Studio de Yoga à Boulogne-Billancourt - M-Yoga. La salle Vakog est disponible à la location pour vos cours ou évènements les après midi en semaine et le weekend de 13h30 à 17h00 . Matériel sur,74,2026-06-19,,,,,[],Studio de Yoga à Boulogne-Billancourt - M-Yoga,studio de yoga a boulogne billancourt m yoga,,"['activité yoga +18', 'catégorie studio_yoga +22', 'preuve + yoga', 'site web']",medium,src_https-m-yoga-fr-le-centre_9df1cd3e89,web_search,https://m-yoga.fr/le-centre,[],https://m-yoga.fr/le-centre
10,['yoga'],,cand_bonjour-je-cherche-une-salle-de-yoga_4af5e7b7aa,new,,studio_yoga,Hauts-de-Seine,35,[],,facebook.com/groups/257289725206307/posts/1989315642003698,92,"Bonjour, je cherche à louer 1 ou 2 créneaux par semaine idéalement de 19h à 20h30 ou de 19h30 à 21h pour enseigner un cours de yoga. La salle Bonjour je cherche une salle de yoga à louer sur Paris ou autour de .... Bonjour, je cherche à louer 1 ou 2 créneaux par semaine idéalement de 19h à 20h30 ou de 19h30 à 21h pour enseigner un cours de yoga. La salle studio_yoga  Bonjour je cherche une salle de yoga à louer sur Paris ou autour de ...",,"Bonjour je cherche une salle de yoga à louer sur Paris ou autour de .... Bonjour, je cherche à louer 1 ou 2 créneaux par semaine idéalement de 19h à 20h30 ou de 19h30 à 21h pour enseigner un cours de yoga. La salle",74,2026-06-19,,,,,[],Bonjour je cherche une salle de yoga à louer sur Paris ou autour de ...,bonjour je cherche une salle de yoga a louer sur paris ou autour de,,"['activité yoga +18', 'catégorie studio_yoga +22', 'preuve + yoga', 'site web']",low,src_https-www-facebook-com-groups-257289_ebcf457e3c,web_search,https://www.facebook.com/groups/257289725206307/posts/1989315642003698,[],https://www.facebook.com/groups/257289725206307/posts/1989315642003698
10,"['meditation', 'yoga']",,cand_maison-du-mieux-etre-rueil-malmaison_9e1fe85f4f,new,,studio_yoga,Hauts-de-Seine,35,[],,ouest2paris.com/annonce/fitness-sante-beaute-medecine-douce-ouest-de-paris/rueil-malmaison/maison-du-mieux-etre-rueil-malmaison,92,"Salle Yoga / Méditation : à partir de 3 € HT/pers/heure ou 5 € HT/pers/heure en soirée; Atelier / Expo : tarifs à la demande en fonction du nombre de Maison du Mieux-Etre, Rueil-Malmaison à l'Ouest de Paris. Salle Yoga / Méditation : à partir de 3 € HT/pers/heure ou 5 € HT/pers/heure en soirée; Atelier / Expo : tarifs à la demande en fonction du nombre de studio_yoga  Maison du Mieux-Etre, Rueil-Malmaison à l'Ouest de Paris",,"Maison du Mieux-Etre, Rueil-Malmaison à l'Ouest de Paris. Salle Yoga / Méditation : à partir de 3 € HT/pers/heure ou 5 € HT/pers/heure en soirée; Atelier / Expo : tarifs à la demande en fonction du nombre de",92,2026-06-19,,,,,[],"Maison du Mieux-Etre, Rueil-Malmaison à l'Ouest de Paris",maison du mieux etre rueil malmaison a l ouest de paris,,"['activité meditation +10', 'activité yoga +18', 'catégorie studio_yoga +22', 'preuve + yoga', 'preuve + méditation', 'preuve + meditation', 'site web']",low,src_https-www-ouest2paris-com-annonce-fi_cf6c583830,web_search,https://www.ouest2paris.com/annonce/fitness-sante-beaute-medecine-douce-ouest-de-paris/rueil-malmaison/maison-du-mieux-etre-rueil-malmaison,[],https://www.ouest2paris.com/annonce/fitness-sante-beaute-medecine-douce-ouest-de-paris/rueil-malmaison/maison-du-mieux-etre-rueil-malmaison
10,['yoga'],,cand_louer-un-studio-de-yoga-a-nanterre-i_a3e9a9baa5,new,,studio_yoga,Hauts-de-Seine,35,[],,peerspace.com/fr/venues/fr/nanterre--%C3%AEle-de-france/yoga-studio,92,"Studios de yoga en Nanterre €70 par heure en moyenne à louer, mais vous pouvez facilement dépenser moins ou plus en fonction de ce que vous recherchez. studios Louer un studio de yoga à Nanterre, Île-de-France - Peerspace. Studios de yoga en Nanterre €70 par heure en moyenne à louer, mais vous pouvez facilement dépenser moins ou plus en fonction de ce que vous recherchez. studios studio_yoga  Louer un studio de yoga à Nanterre, Île-de-France - Peerspace",,"Louer un studio de yoga à Nanterre, Île-de-France - Peerspace. Studios de yoga en Nanterre €70 par heure en moyenne à louer, mais vous pouvez facilement dépenser moins ou plus en fonction de ce que vous recherchez. studios",74,2026-06-19,,,,,[],"Louer un studio de yoga à Nanterre, Île-de-France - Peerspace",louer un studio de yoga a nanterre ile de france peerspace,,"['activité yoga +18', 'catégorie studio_yoga +22', 'preuve + yoga', 'site web']",low,src_https-www-peerspace-com-fr-venues-fr_fa06c2934c,web_search,https://www.peerspace.com/fr/venues/fr/nanterre--%C3%AEle-de-france/yoga-studio,[],https://www.peerspace.com/fr/venues/fr/nanterre--%C3%AEle-de-france/yoga-studio
10,['yoga'],,cand_salle-boulogne-billancourt-pont-de-s_db51e4875a,new,,studio_yoga,Hauts-de-Seine,60,[],,yoze.fr/salles/boulogne-billancourt-pont-de-sevres,92,Cours de Yoga et Pilates au centre Arkose Boulogne-Billancourt. Métro Pont de Sèvres. Matériel fourni. Offre d'essai à 12€. Réservez votre séance ! Salle Boulogne-Billancourt Pont de Sèvres - Yoze. Cours de Yoga et Pilates au centre Arkose Boulogne-Billancourt. Métro Pont de Sèvres. Matériel fourni. Offre d'essai à 12€. Réservez votre séance ! studio_yoga  Salle Boulogne-Billancourt Pont de Sèvres - Yoze,,Salle Boulogne-Billancourt Pont de Sèvres - Yoze. Cours de Yoga et Pilates au centre Arkose Boulogne-Billancourt. Métro Pont de Sèvres. Matériel fourni. Offre d'essai à 12€. Réservez votre séance !,74,2026-06-19,,,,,[],Salle Boulogne-Billancourt Pont de Sèvres - Yoze,salle boulogne billancourt pont de sevres yoze,,"['activité yoga +18', 'catégorie studio_yoga +22', 'preuve + yoga', 'site web']",medium,src_https-www-yoze-fr-salles-boulogne-bi_6dea41128c,web_search,https://www.yoze.fr/salles/boulogne-billancourt-pont-de-sevres,[],https://www.yoze.fr/salles/boulogne-billancourt-pont-de-sevres
10,['yoga'],,cand_location-salle-de-reception-a-saint-_e4ec99404a,new,,studio_yoga,Seine-Saint-Denis,60,[],,yoga-institut.fr/location,93,"Location de salle Saint-Denis de La Réunion. un emplacement stratégique. Yoga Institut vous accueille au 2 rue Ruisseau des Noirs, 97400 Saint-Denis, Location salle de réception à Saint Denis de la Réunion - Yoga Institut. Location de salle Saint-Denis de La Réunion. un emplacement stratégique. Yoga Institut vous accueille au 2 rue Ruisseau des Noirs, 97400 Saint-Denis, studio_yoga  Location salle de réception à Saint Denis de la Réunion - Yoga Institut",,"Location salle de réception à Saint Denis de la Réunion - Yoga Institut. Location de salle Saint-Denis de La Réunion. un emplacement stratégique. Yoga Institut vous accueille au 2 rue Ruisseau des Noirs, 97400 Saint-Denis,",66,2026-06-19,,,,,[],Location salle de réception à Saint Denis de la Réunion - Yoga Institut,location salle de reception a saint denis de la reunion yoga institut,,"['activité yoga +18', 'catégorie studio_yoga +22', 'preuve + yoga', 'preuve - réception', 'site web']",medium,src_https-yoga-institut-fr-location_13f4afa00a,web_search,https://yoga-institut.fr/location,[],https://yoga-institut.fr/location
10,['yoga'],,cand_location-de-salle-en-seine-saint-den_b0273667c5,new,,studio_yoga,Seine-Saint-Denis,35,[],,1001salles.com/location-de-salle-2-seine-saint-denis-d.html,93,"99 résultat(s) - Location de salle en Seine-Saint-Denis (93). # Location de salle en Seine-Saint-Denis (93). Organisez la plus belle des fêtes pour cet événement essentiel qui est sur le point d'arriver : pour ce qui est de votre recherche d'une location de salle à proximité (Ile de France, Val de Marne), faites confiance à 1001Salles. Notre savoir-faire dans ce domaine est un avantage non négligeable, pour combler la totalité de vos souhaits pour ce qui est de votre Location de salle. ## Location de salle Val de Marne Ile de France : Avec ou sans traiteur ? Pour que votre événement se déroule dans les meilleures conditions, il est primordial de prendre le temps de choisir une location de salle qui puisse vous correspondre. Effectuez en quelques clics une comparaison des différents lieux et salles à louer, pour dénicher la meilleure alternative, pour ce qui est de votre Location de salle en Ile de France, ou dans le département Val de Marne. Location de salle en Seine-Saint-Denis (93) - 1001 Salles. 99 résultat(s) - Location de salle en Seine-Saint-Denis (93). # Location de salle en Seine-Saint-Denis (93). Organisez la plus belle des fêtes pour cet événement essentiel qui est sur le point d'arriver : pour ce qui est de votre recherche d'une location de salle à proximité (Ile de France, Val de Marne), faites confiance à 1001Salles. Notre savoir-faire dans ce domaine est un avantage non négligeable, pour combler la totalité de vos souhaits pour ce qui est de votre Location de salle. ## Location de salle Val de Marne Ile de France : Avec ou sans traiteur ? Pour que votre événement se déroule dans les meilleures conditions, il est primordial de prendre le temps de choisir une location de salle qui puisse vous correspondre. Effectuez en quelques clics une comparaison des différents lieux et salles à louer, pour dénicher la meilleure alternative, pour ce qui est de votre Location de salle en Ile de France, ou dans le département studio_yoga  Location de salle en Seine-Saint-Denis (93) - 1001 Salles",,"Location de salle en Seine-Saint-Denis (93) - 1001 Salles. 99 résultat(s) - Location de salle en Seine-Saint-Denis (93). # Location de salle en Seine-Saint-Denis (93). Organisez la plus belle des fêtes pour cet événement essentiel qui est sur le point d'arriver : pour ce qui est de votre recherche d'une location de salle à proximité (Ile de France, Val de Marne), faites confiance à 1001Salles. Notre savoir-faire dans ce domaine est un avantage non négligeable, pour combler la totalité de vos souhaits pour ce qui est de votre Location de salle. ## Location de salle Val de Marne Ile de France : Avec ou sans traiteur ? Pour que votre événement se déroule dans les meilleures conditions, il est primordial de prendre le temps de choisir une location de salle qui puisse vous correspondre. Effectuez en quelques clics une comparaison des différents lieux et salles à louer, pour dénicher la meilleure alternative, pour ce qui est de votre Location de salle en Ile de France, ou dans le département",74,2026-06-19,,,,,[],Location de salle en Seine-Saint-Denis (93) - 1001 Salles,location de salle en seine saint denis 93 1001 salles,,"['activité yoga +18', 'catégorie studio_yoga +22', 'preuve + yoga', 'site web']",low,src_https-www-1001salles-com-location-de_5a9ace72e8,web_search,https://www.1001salles.com/location-de-salle-2-seine-saint-denis-d.html,[],https://www.1001salles.com/location-de-salle-2-seine-saint-denis-d.html
10,['yoga'],,cand_salle-de-sport-l-ile-saint-denis-pur_794cbb1c8b,new,,studio_yoga,Seine-Saint-Denis,35,['premium_price'],,pur-fitness.com/salle/lile-saint-denis,93,Notre Club Pure Fitness vous propose également des cours de Yoga dispensés par notre coach diplômé d'état. Le yoga est la pratique d'un ensemble de postures et SALLE DE SPORT L'Île-Saint-Denis - Pure Fitness Premium. Notre Club Pure Fitness vous propose également des cours de Yoga dispensés par notre coach diplômé d'état. Le yoga est la pratique d'un ensemble de postures et studio_yoga  SALLE DE SPORT L'Île-Saint-Denis - Pure Fitness Premium,,SALLE DE SPORT L'Île-Saint-Denis - Pure Fitness Premium. Notre Club Pure Fitness vous propose également des cours de Yoga dispensés par notre coach diplômé d'état. Le yoga est la pratique d'un ensemble de postures et,54,2026-06-19,,,,,[],SALLE DE SPORT L'Île-Saint-Denis - Pure Fitness Premium,salle de sport l ile saint denis pure fitness premium,,"['activité yoga +18', 'contrainte premium_price -20', 'catégorie studio_yoga +22', 'preuve + yoga', 'site web']",low,src_https-pur-fitness-com-salle-lile-sai_5fc3f0dadc,web_search,https://pur-fitness.com/salle/lile-saint-denis,[],https://pur-fitness.com/salle/lile-saint-denis
10,['yoga'],,cand_location-de-salles-de-reunion-en-val_7809a3adde,new,,studio_yoga,Val-de-Marne,60,[],,pagesjaunes.fr/annuaire/departement/val-de-marne-94/salles-de-reunion,94,Le Restaurant Arculin' se situe à Fresnes dans le département du Val-de-Marne et vous propose la location de salle pour tous vos événements. Réservez pour un Location de salles de réunion en Val-de-Marne - Pages Jaunes. Le Restaurant Arculin' se situe à Fresnes dans le département du Val-de-Marne et vous propose la location de salle pour tous vos événements. Réservez pour un studio_yoga  Location de salles de réunion en Val-de-Marne - Pages Jaunes,,Location de salles de réunion en Val-de-Marne - Pages Jaunes. Le Restaurant Arculin' se situe à Fresnes dans le département du Val-de-Marne et vous propose la location de salle pour tous vos événements. Réservez pour un,74,2026-06-19,,,,,[],Location de salles de réunion en Val-de-Marne - Pages Jaunes,location de salles de reunion en val de marne pages jaunes,,"['activité yoga +18', 'catégorie studio_yoga +22', 'preuve + yoga', 'site web']",medium,src_https-www-pagesjaunes-fr-annuaire-de_5e433918a1,web_search,https://www.pagesjaunes.fr/annuaire/departement/val-de-marne-94/salles-de-reunion,[],https://www.pagesjaunes.fr/annuaire/departement/val-de-marne-94/salles-de-reunion
10,"['bodywork', 'yoga']",,cand_location-salle-de-yoga-espace-bien-e_8cc589cb9c,new,,studio_yoga,Val-de-Marne,35,[],,yogasearcher.com/pages/location-salle-yoga,94,"Location de salles de yoga entièrement équipées à Paris et Hossegor avec YogaSearcher. Idéal pour les professeurs de yoga, coachs et professionnels. Location salle de yoga – Espace bien-être & cours privés. Location de salles de yoga entièrement équipées à Paris et Hossegor avec YogaSearcher. Idéal pour les professeurs de yoga, coachs et professionnels. studio_yoga  Location salle de yoga – Espace bien-être & cours privés",,"Location salle de yoga – Espace bien-être & cours privés. Location de salles de yoga entièrement équipées à Paris et Hossegor avec YogaSearcher. Idéal pour les professeurs de yoga, coachs et professionnels.",88,2026-06-19,,,,,[],Location salle de yoga – Espace bien-être & cours privés,location salle de yoga espace bien etre cours prives,,"['activité bodywork +14', 'activité yoga +18', 'catégorie studio_yoga +22', 'preuve + yoga', 'site web']",low,src_https-yogasearcher-com-pages-locatio_1cfe34d88e,web_search,https://yogasearcher.com/pages/location-salle-yoga,[],https://yogasearcher.com/pages/location-salle-yoga
10,"['theatre', 'yoga']",,cand_location-de-salle-a-saint-maur-des-f_ee36a81556,new,,studio_yoga,Val-de-Marne,35,[],,jemepropose.com/annonces/location-de-salle/st-maur-des-fosses-94,94,"Le Centre forme et santé propose deux salles à louer pour des activités telles que le yoga, le pilate, les arts martiaux, le théàtre... Une salle Location de salle à Saint-Maur-des-Fossés (94100) - Jemepropose. Le Centre forme et santé propose deux salles à louer pour des activités telles que le yoga, le pilate, les arts martiaux, le théàtre... Une salle studio_yoga  Location de salle à Saint-Maur-des-Fossés (94100) - Jemepropose",,"Location de salle à Saint-Maur-des-Fossés (94100) - Jemepropose. Le Centre forme et santé propose deux salles à louer pour des activités telles que le yoga, le pilate, les arts martiaux, le théàtre... Une salle",96,2026-06-19,,,,,[],Location de salle à Saint-Maur-des-Fossés (94100) - Jemepropose,location de salle a saint maur des fosses 94100 jemepropose,,"['activité theatre +14', 'activité yoga +18', 'catégorie studio_yoga +22', 'preuve + yoga', 'preuve + théâtre', 'preuve + theatre', 'site web']",low,src_https-www-jemepropose-com-annonces-l_0f82ef4a40,web_search,https://www.jemepropose.com/annonces/location-de-salle/st-maur-des-fosses-94,[],https://www.jemepropose.com/annonces/location-de-salle/st-maur-des-fosses-94
10,['yoga'],,cand_salles-et-lieux-a-louer-pour-yoga-st_e628504545,new,,studio_yoga,Val-de-Marne,60,[],,yogmee.fr/salles,94,"Trouvez des salles et lieux à louer pour organiser cours, stages, retraites ou événements de yoga partout en France grâce à l'annuaire YogMee. Salles et lieux à louer pour yoga, stages et retraites - YogMee. Trouvez des salles et lieux à louer pour organiser cours, stages, retraites ou événements de yoga partout en France grâce à l'annuaire YogMee. studio_yoga  Salles et lieux à louer pour yoga, stages et retraites - YogMee",,"Salles et lieux à louer pour yoga, stages et retraites - YogMee. Trouvez des salles et lieux à louer pour organiser cours, stages, retraites ou événements de yoga partout en France grâce à l'annuaire YogMee.",74,2026-06-19,,,,,[],"Salles et lieux à louer pour yoga, stages et retraites - YogMee",salles et lieux a louer pour yoga stages et retraites yogmee,,"['activité yoga +18', 'catégorie studio_yoga +22', 'preuve + yoga', 'site web']",medium,src_https-www-yogmee-fr-salles_31d05a5bf5,web_search,https://www.yogmee.fr/salles,[],https://www.yogmee.fr/salles
10,['yoga'],,cand_location-yoga-lagny-sur-marne-salle-_73c0b168fd,new,,studio_yoga,Seine-et-Marne,35,[],,kyaoso.com/listings/salle-egypte-a-louer-37-m-lagny-sur-marne_7a5ab19f-9f19-47ab-a3e1-a55175a82c93,77,"En SEINE-ET-MARNE - Lagny-sur-Marne (77) Situé en hyper centre-ville à 5 mn à pied de la gare, proche du secteur Disneyland et à 25 mn de Paris en train. Location Yoga Lagny-sur-Marne – - Salle ""EGYPTE"" à louer (37 m²). En SEINE-ET-MARNE - Lagny-sur-Marne (77) Situé en hyper centre-ville à 5 mn à pied de la gare, proche du secteur Disneyland et à 25 mn de Paris en train. studio_yoga  Location Yoga Lagny-sur-Marne – - Salle ""EGYPTE"" à louer (37 m²)",,"Location Yoga Lagny-sur-Marne – - Salle ""EGYPTE"" à louer (37 m²). En SEINE-ET-MARNE - Lagny-sur-Marne (77) Situé en hyper centre-ville à 5 mn à pied de la gare, proche du secteur Disneyland et à 25 mn de Paris en train.",74,2026-06-19,,,,,[],"Location Yoga Lagny-sur-Marne – - Salle ""EGYPTE"" à louer (37 m²)",location yoga lagny sur marne salle egypte a louer 37 m,,"['activité yoga +18', 'catégorie studio_yoga +22', 'preuve + yoga', 'site web']",low,src_https-kyaoso-com-listings-salle-egyp_a4a019c4f7,web_search,https://kyaoso.com/listings/salle-egypte-a-louer-37-m-lagny-sur-marne_7a5ab19f-9f19-47ab-a3e1-a55175a82c93,[],https://kyaoso.com/listings/salle-egypte-a-louer-37-m-lagny-sur-marne_7a5ab19f-9f19-47ab-a3e1-a55175a82c93
10,['yoga'],,cand_les-meilleures-yoga-et-pilates-a-sei_56001ec65e,new,,studio_yoga,Seine-et-Marne,60,[],,tripadvisor.fr/Attractions-g1816325-Activities-c40-t260-Seine_et_Marne_Ile_de_France.html,77,Yoga et Pilates à Seine-et-Marne · Convient aux enfants · Convient aux grands groupes · Entrée gratuite · Aventure · Abordable · Convient les jours de pluie · Joyaux LES MEILLEURES Yoga et Pilates à Seine-et-Marne (avec photos). Yoga et Pilates à Seine-et-Marne · Convient aux enfants · Convient aux grands groupes · Entrée gratuite · Aventure · Abordable · Convient les jours de pluie · Joyaux studio_yoga  LES MEILLEURES Yoga et Pilates à Seine-et-Marne (avec photos),,LES MEILLEURES Yoga et Pilates à Seine-et-Marne (avec photos). Yoga et Pilates à Seine-et-Marne · Convient aux enfants · Convient aux grands groupes · Entrée gratuite · Aventure · Abordable · Convient les jours de pluie · Joyaux,74,2026-06-19,,,,,[],LES MEILLEURES Yoga et Pilates à Seine-et-Marne (avec photos),les meilleures yoga et pilates a seine et marne avec photos,,"['activité yoga +18', 'catégorie studio_yoga +22', 'preuve + yoga', 'site web']",medium,src_https-www-tripadvisor-fr-attractions_2c10a20143,web_search,https://www.tripadvisor.fr/Attractions-g1816325-Activities-c40-t260-Seine_et_Marne_Ile_de_France.html,[],https://www.tripadvisor.fr/Attractions-g1816325-Activities-c40-t260-Seine_et_Marne_Ile_de_France.html
10,['yoga'],,cand_location-de-salle-versailles-yogaman_49d7bd0c45,new,,studio_yoga,Yvelines,60,[],,yogamania.fr/location-de-salle,78,"QUARTIER RIVE-DROITE “47 Foch” : Salle Prema, 47 rue du Maréchal Foch, 78000 Versailles : salle collective de 90m² avec espace vestiaire dans la salle. TARIFS :. Location de salle - Versailles - Yogamania. QUARTIER RIVE-DROITE “47 Foch” : Salle Prema, 47 rue du Maréchal Foch, 78000 Versailles : salle collective de 90m² avec espace vestiaire dans la salle. TARIFS :. studio_yoga  Location de salle - Versailles - Yogamania",,"Location de salle - Versailles - Yogamania. QUARTIER RIVE-DROITE “47 Foch” : Salle Prema, 47 rue du Maréchal Foch, 78000 Versailles : salle collective de 90m² avec espace vestiaire dans la salle. TARIFS :.",74,2026-06-19,,,,,[],Location de salle - Versailles - Yogamania,location de salle versailles yogamania,,"['activité yoga +18', 'catégorie studio_yoga +22', 'preuve + yoga', 'site web']",medium,src_https-www-yogamania-fr-location-de-s_6e9d8d786b,web_search,https://www.yogamania.fr/location-de-salle,[],https://www.yogamania.fr/location-de-salle
10,['yoga'],,cand_accueil-yoga78-yoga78-saint-germain-_c1feabbce6,new,,studio_yoga,Yvelines,60,[],,yoga78.fr,78,"Louer nos salles. Vous souhaitez louer un cabinet de consultation ou une salle pour un atelier, stage ou des cours réguliers en harmonie avec le Yoga ? Accueil | Yoga78 | Yoga78 Saint-Germain-en-Laye. Louer nos salles. Vous souhaitez louer un cabinet de consultation ou une salle pour un atelier, stage ou des cours réguliers en harmonie avec le Yoga ? studio_yoga  Accueil | Yoga78 | Yoga78 Saint-Germain-en-Laye",,"Accueil | Yoga78 | Yoga78 Saint-Germain-en-Laye. Louer nos salles. Vous souhaitez louer un cabinet de consultation ou une salle pour un atelier, stage ou des cours réguliers en harmonie avec le Yoga ?",74,2026-06-19,,,,,[],Accueil | Yoga78 | Yoga78 Saint-Germain-en-Laye,accueil yoga78 yoga78 saint germain en laye,,"['activité yoga +18', 'catégorie studio_yoga +22', 'preuve + yoga', 'site web']",medium,src_https-yoga78-fr_d966a61343,web_search,https://yoga78.fr,[],https://yoga78.fr
10,['yoga'],,cand_secteur-versailles-le-chesnay-78-bon_bd7fc24642,new,,studio_yoga,Yvelines,35,[],,facebook.com/groups/partagedecabinet/posts/7797463943607261,78,"Bonjour, je cherche à louer 1 ou 2 créneaux par semaine idéalement de 19h à 20h30 ou de 19h30 à 21h pour enseigner un cours de yoga. La salle Secteur Versailles /le chesnay (78) Bonjour, Je propose des salles .... Bonjour, je cherche à louer 1 ou 2 créneaux par semaine idéalement de 19h à 20h30 ou de 19h30 à 21h pour enseigner un cours de yoga. La salle studio_yoga  Secteur Versailles /le chesnay (78) Bonjour, Je propose des salles ...",,"Secteur Versailles /le chesnay (78) Bonjour, Je propose des salles .... Bonjour, je cherche à louer 1 ou 2 créneaux par semaine idéalement de 19h à 20h30 ou de 19h30 à 21h pour enseigner un cours de yoga. La salle",74,2026-06-19,,,,,[],"Secteur Versailles /le chesnay (78) Bonjour, Je propose des salles ...",secteur versailles le chesnay 78 bonjour je propose des salles,,"['activité yoga +18', 'catégorie studio_yoga +22', 'preuve + yoga', 'site web']",low,src_https-www-facebook-com-groups-partag_4af3f5bccc,web_search,https://www.facebook.com/groups/partagedecabinet/posts/7797463943607261,[],https://www.facebook.com/groups/partagedecabinet/posts/7797463943607261
10,"['dance', 'yoga']",,cand_location-salle-de-formation-en-esson_95d1f259ca,new,,studio_yoga,Essonne,35,[],,1001salles.com/salle-de-formation-3-essonne-d.html,91,"Location possible de la salle pour formations (SST, PSC, ...) ou cours (danse, yoga etc..) 8-30 Location dès 150 € Location salle de formation en Essonne (91) - 1001 Salles PRO. Location possible de la salle pour formations (SST, PSC, ...) ou cours (danse, yoga etc..) 8-30 Location dès 150 € studio_yoga  Location salle de formation en Essonne (91) - 1001 Salles PRO",,"Location salle de formation en Essonne (91) - 1001 Salles PRO. Location possible de la salle pour formations (SST, PSC, ...) ou cours (danse, yoga etc..) 8-30 Location dès 150 €",96,2026-06-19,,,,,[],Location salle de formation en Essonne (91) - 1001 Salles PRO,location salle de formation en essonne 91 1001 salles pro,,"['activité dance +18', 'activité yoga +18', 'catégorie studio_yoga +22', 'preuve + danse', 'preuve + yoga', 'site web']",low,src_https-www-1001salles-com-salle-de-fo_f92825952e,web_search,https://www.1001salles.com/salle-de-formation-3-essonne-d.html,[],https://www.1001salles.com/salle-de-formation-3-essonne-d.html
10,['yoga'],,cand_centre-ahimsa-abc-salles_9ce3f8b894,new,,studio_yoga,Essonne,35,[],,abcsalles.com/lieu/le-centre-ahimsa,91,Salle de réception à Verrières-le-Buisson (Essonne) à louer pour des événements professionnels et privés rassemblant entre 2 et 60 personnes. Centre Ahimsa - ABC Salles. Salle de réception à Verrières-le-Buisson (Essonne) à louer pour des événements professionnels et privés rassemblant entre 2 et 60 personnes. studio_yoga  Centre Ahimsa - ABC Salles,,Centre Ahimsa - ABC Salles. Salle de réception à Verrières-le-Buisson (Essonne) à louer pour des événements professionnels et privés rassemblant entre 2 et 60 personnes.,66,2026-06-19,,,,,[],Centre Ahimsa - ABC Salles,centre ahimsa abc salles,,"['activité yoga +18', 'catégorie studio_yoga +22', 'preuve + yoga', 'preuve - réception', 'site web']",low,src_https-www-abcsalles-com-lieu-le-cent_d44d9cd7c7,web_search,https://www.abcsalles.com/lieu/le-centre-ahimsa,[],https://www.abcsalles.com/lieu/le-centre-ahimsa
10,['yoga'],,cand_location-espaces-professionnels-ress_d007c1edd8,new,,studio_yoga,Essonne,60,[],,ressourceenvous.fr/location-espaces-professionnels,91,Salle de Yoga · 170 € / journée – 9h00 à 17h30 · 40 € / cours – 1h00 · Supplément de 20€ si utilisation du matériel de yoga. Location Espaces Professionnels - Ressource En Vous. Salle de Yoga · 170 € / journée – 9h00 à 17h30 · 40 € / cours – 1h00 · Supplément de 20€ si utilisation du matériel de yoga. studio_yoga  Location Espaces Professionnels - Ressource En Vous,,Location Espaces Professionnels - Ressource En Vous. Salle de Yoga · 170 € / journée – 9h00 à 17h30 · 40 € / cours – 1h00 · Supplément de 20€ si utilisation du matériel de yoga.,74,2026-06-19,,,,,[],Location Espaces Professionnels - Ressource En Vous,location espaces professionnels ressource en vous,,"['activité yoga +18', 'catégorie studio_yoga +22', 'preuve + yoga', 'site web']",medium,src_https-ressourceenvous-fr-location-es_53be60be9b,web_search,https://ressourceenvous.fr/location-espaces-professionnels,[],https://ressourceenvous.fr/location-espaces-professionnels
10,['yoga'],,cand_location-gite-stage-la-maison-gioia-_e35b4060b1,new,,studio_yoga,Val-d'Oise,60,[],,lamaisongioia.fr/stages,95,"Location gite pour stage de yoga, retraites spirituelles en Val d'Oise à Nerville à seulement 30 min de Paris, Accès aux deux salles de pratique compris. Du Location gite stage - La Maison Gioia - Val d'Oise (95) l'Isle .... Location gite pour stage de yoga, retraites spirituelles en Val d'Oise à Nerville à seulement 30 min de Paris, Accès aux deux salles de pratique compris. Du studio_yoga  Location gite stage - La Maison Gioia - Val d'Oise (95) l'Isle ...",,"Location gite stage - La Maison Gioia - Val d'Oise (95) l'Isle .... Location gite pour stage de yoga, retraites spirituelles en Val d'Oise à Nerville à seulement 30 min de Paris, Accès aux deux salles de pratique compris. Du",74,2026-06-19,,,,,[],Location gite stage - La Maison Gioia - Val d'Oise (95) l'Isle ...,location gite stage la maison gioia val d oise 95 l isle,,"['activité yoga +18', 'catégorie studio_yoga +22', 'preuve + yoga', 'site web']",medium,src_https-lamaisongioia-fr-stages_d78315039f,web_search,https://lamaisongioia.fr/stages,[],https://lamaisongioia.fr/stages
10,['yoga'],,cand_cours-de-yoga-a-val-d-oise_3180b82204,new,,studio_yoga,Val-d'Oise,60,[],,pagesjaunes.fr/annuaire/departement/val-d-oise-95/yoga-lecons,95,"Situé au 10 rue Baratier à Franconville, les cours sont dirigés par un instructeur qualifié et expérimenté, qui guide chaque participant à travers une séquence Cours de yoga à Val d'Oise. Situé au 10 rue Baratier à Franconville, les cours sont dirigés par un instructeur qualifié et expérimenté, qui guide chaque participant à travers une séquence studio_yoga  Cours de yoga à Val d'Oise",,"Cours de yoga à Val d'Oise. Situé au 10 rue Baratier à Franconville, les cours sont dirigés par un instructeur qualifié et expérimenté, qui guide chaque participant à travers une séquence",74,2026-06-19,,,,,[],Cours de yoga à Val d'Oise,cours de yoga a val d oise,,"['activité yoga +18', 'catégorie studio_yoga +22', 'preuve + yoga', 'site web']",medium,src_https-www-pagesjaunes-fr-annuaire-de_2bad9058a3,web_search,https://www.pagesjaunes.fr/annuaire/departement/val-d-oise-95/yoga-lecons,[],https://www.pagesjaunes.fr/annuaire/departement/val-d-oise-95/yoga-lecons
10,['yoga'],,cand_location-du-studio_c6ec1a0ffb,new,,studio_yoga,Val-d'Oise,60,[],,yoga-nogent.fr/location.html,95,TARIFS · cours ou atelier ponctuels le WE · cours hebdomadaires en semaine 25€ TTC/ 1h payants mensuellement · Pas de location pour des évènements privés. LOCATION DU STUDIO. TARIFS · cours ou atelier ponctuels le WE · cours hebdomadaires en semaine 25€ TTC/ 1h payants mensuellement · Pas de location pour des évènements privés. studio_yoga  LOCATION DU STUDIO,,LOCATION DU STUDIO. TARIFS · cours ou atelier ponctuels le WE · cours hebdomadaires en semaine 25€ TTC/ 1h payants mensuellement · Pas de location pour des évènements privés.,74,2026-06-19,,,,,[],LOCATION DU STUDIO,location du studio,,"['activité yoga +18', 'catégorie studio_yoga +22', 'preuve + yoga', 'site web']",medium,src_https-yoga-nogent-fr-location-html-t_591ce4205b,web_search,https://yoga-nogent.fr/location.html?twtheme=no,[],https://yoga-nogent.fr/location.html?twtheme=no
10,['yoga'],,cand_location-du-studio-besoin-d-un-espac_f5edeaed7b,new,,studio_yoga,Val-d'Oise,35,[],,instagram.com/p/DN8eEbC0C2P,95,"Mon studio de yoga est disponible à la location, : tapis, blocs de yoga, coussins de yoga, plaids, chaises, table pliante. : 15 euros Tout. Location du studio 🌿 Besoin d'un espace pour vos activités .... Mon studio de yoga est disponible à la location, : tapis, blocs de yoga, coussins de yoga, plaids, chaises, table pliante. : 15 euros Tout. studio_yoga  Location du studio 🌿 Besoin d'un espace pour vos activités ...",,"Location du studio 🌿 Besoin d'un espace pour vos activités .... Mon studio de yoga est disponible à la location, : tapis, blocs de yoga, coussins de yoga, plaids, chaises, table pliante. : 15 euros Tout.",74,2026-06-19,,,,,[],Location du studio 🌿 Besoin d'un espace pour vos activités ...,location du studio besoin d un espace pour vos activites,,"['activité yoga +18', 'catégorie studio_yoga +22', 'preuve + yoga', 'site web']",low,src_https-www-instagram-com-p-dn8eebc0c2_b0c026f9c6,web_search,https://www.instagram.com/p/DN8eEbC0C2P,[],https://www.instagram.com/p/DN8eEbC0C2P
10,"['dance', 'dojo', 'yoga']",,cand_dojo-paris-location-de-dojo-a-paris-_8dd191c307,new,,dojo,Paris,60,[],,dojoparis.fr,75,"Logo de Dojo Paris en bordeaux avec une typographie épaisse. Logo de Dojo Paris en bordeaux avec une typographie épaisse._edited.png). Dojo Paris est un espace sportif privatisable, accessible en toute autonomie. Réservez vos créneaux en ligne et profitez d’un lieu calme, propre et disponible quand vous l'êtes. Un grand espace pensé pour le confort et la performance. Choisissez votre créneau, réservez en ligne, et entrez en toute autonomie. Situé au 68 Avenue de Versailles, dans le 16e arrondissement, Dojo Paris est facilement accessible en métro ou RER. Dojo Paris est un espace sportif privatisable en plein cœur du 16e arrondissement. Les créneaux sont disponibles à partir de 30 € de l’heure pour une privatisation complète de l’espace. Avec ses **65 m² de tatamis** au cœur du 16e arrondissement, l’espace est parfait pour les **arts martiaux** (MMA, judo, lutte, karaté, JJB...), mais aussi pour le **yoga, le pilates, la remise en forme, le stretching ou la danse.**. Dojo Paris | Location de Dojo à Paris | 68 Avenue de Versailles, Paris. Logo de Dojo Paris en bordeaux avec une typographie épaisse. Logo de Dojo Paris en bordeaux avec une typographie épaisse._edited.png). Dojo Paris est un espace sportif privatisable, accessible en toute autonomie. Réservez vos créneaux en ligne et profitez d’un lieu calme, propre et disponible quand vous l'êtes. Un grand espace pensé pour le confort et la performance. Choisissez votre créneau, réservez en ligne, et entrez en toute autonomie. Situé au 68 Avenue de Versailles, dans le 16e arrondissement, Dojo Paris est facilement accessible en métro ou RER. Dojo Paris est un espace sportif privatisable en plein cœur du 16e arrondissement. Les créneaux sont disponibles à partir de 30 € de l’heure pour une privatisation complète de l’espace. Avec ses **65 m² de tatamis** au cœur du 16e arrondissement, l’espace est parfait pour les **arts martiaux** (MMA, judo, lutte, karaté, JJB...), mais aussi pour le **yoga, le pilate dojo  Dojo Paris | Location de Dojo à Paris | 68 Avenue de Versailles, Paris",,"Dojo Paris | Location de Dojo à Paris | 68 Avenue de Versailles, Paris. Logo de Dojo Paris en bordeaux avec une typographie épaisse. Logo de Dojo Paris en bordeaux avec une typographie épaisse._edited.png). Dojo Paris est un espace sportif privatisable, accessible en toute autonomie. Réservez vos créneaux en ligne et profitez d’un lieu calme, propre et disponible quand vous l'êtes. Un grand espace pensé pour le confort et la performance. Choisissez votre créneau, réservez en ligne, et entrez en toute autonomie. Situé au 68 Avenue de Versailles, dans le 16e arrondissement, Dojo Paris est facilement accessible en métro ou RER. Dojo Paris est un espace sportif privatisable en plein cœur du 16e arrondissement. Les créneaux sont disponibles à partir de 30 € de l’heure pour une privatisation complète de l’espace. Avec ses **65 m² de tatamis** au cœur du 16e arrondissement, l’espace est parfait pour les **arts martiaux** (MMA, judo, lutte, karaté, JJB...), mais aussi pour le **yoga, le pilate",100,2026-06-19,,,,,[],"Dojo Paris | Location de Dojo à Paris | 68 Avenue de Versailles, Paris",dojo paris location de dojo a paris 68 avenue de versailles paris,,"['activité dance +18', 'activité dojo +18', 'activité yoga +18', 'espace tatami +12', 'catégorie dojo +22', 'preuve + danse', 'preuve + yoga', 'preuve + dojo', 'preuve + tatami', 'site web']",medium,src_https-www-dojoparis-fr_6dc2c1b88f,web_search,https://www.dojoparis.fr,['tatami'],https://www.dojoparis.fr
10,['dojo'],,cand_location-de-dojo-asso-wix-com_6016d33fde,new,,dojo,Paris,60,[],,pariswushu.wixsite.com/asso/location-de-dojo,75,"Location du dojo: 130 m² dont 90 m² de surface recouverts de tatamis. Miroir, barres au mur et sacs de frappe installés. Vestiaires hommes et femmes, Location de dojo | asso - Wix.com. Location du dojo: 130 m² dont 90 m² de surface recouverts de tatamis. Miroir, barres au mur et sacs de frappe installés. Vestiaires hommes et femmes, dojo  Location de dojo | asso - Wix.com",,"Location de dojo | asso - Wix.com. Location du dojo: 130 m² dont 90 m² de surface recouverts de tatamis. Miroir, barres au mur et sacs de frappe installés. Vestiaires hommes et femmes,",97,2026-06-19,,,,,[],Location de dojo | asso - Wix.com,location de dojo asso wix com,,"['activité dojo +18', 'espace mirrors +7', 'espace tatami +12', 'catégorie dojo +22', 'preuve + dojo', 'preuve + tatami', 'site web']",medium,src_https-pariswushu-wixsite-com-asso-lo_2fa3907b74,web_search,https://pariswushu.wixsite.com/asso/location-de-dojo,"['mirrors', 'tatami']",https://pariswushu.wixsite.com/asso/location-de-dojo
10,['dojo'],,cand_dojo-de-paris-in-paris-france-apple-_43e6efb01d,new,,dojo,Paris,35,[],,maps.apple.com/place,75,# Apple Maps. Have a Business on Maps? # Dojo de Paris. ## Ratings. ## Overall. ## Details. ### Website. ### Phone. ### Address. 21/25 Avenue de la Porte de Chtillon. Dojo de Paris in Paris France - Apple Maps. # Apple Maps. Have a Business on Maps? # Dojo de Paris. ## Ratings. ## Overall. ## Details. ### Website. ### Phone. ### Address. 21/25 Avenue de la Porte de Chtillon. dojo  Dojo de Paris in Paris France - Apple Maps,,Dojo de Paris in Paris France - Apple Maps. # Apple Maps. Have a Business on Maps? # Dojo de Paris. ## Ratings. ## Overall. ## Details. ### Website. ### Phone. ### Address. 21/25 Avenue de la Porte de Chtillon.,74,2026-06-19,,,,,[],Dojo de Paris in Paris France - Apple Maps,dojo de paris in paris france apple maps,,"['activité dojo +18', 'catégorie dojo +22', 'preuve + dojo', 'site web']",low,src_https-maps-apple-com-place-place-id-_d03f471d9e,web_search,https://maps.apple.com/place?place-id=IEF88A0A421A5B6DF,[],https://maps.apple.com/place?place-id=IEF88A0A421A5B6DF
10,['dojo'],,cand_dojo-paris-location-d-espace-sportif_4518df479d,new,,dojo,Paris,35,[],,instagram.com/dojo.paris,75,"Dojo Paris, un emplacement idéal au cœur du 16e arrondissement. À quelques pas du RER C – Javel, du métro ligne 10 et de plusieurs lignes de bus, le Dojo est Dojo Paris - Location d'espace sportif dans le 16e ... - Instagram. Dojo Paris, un emplacement idéal au cœur du 16e arrondissement. À quelques pas du RER C – Javel, du métro ligne 10 et de plusieurs lignes de bus, le Dojo est dojo  Dojo Paris - Location d'espace sportif dans le 16e ... - Instagram",,"Dojo Paris - Location d'espace sportif dans le 16e ... - Instagram. Dojo Paris, un emplacement idéal au cœur du 16e arrondissement. À quelques pas du RER C – Javel, du métro ligne 10 et de plusieurs lignes de bus, le Dojo est",74,2026-06-19,,,,,[],Dojo Paris - Location d'espace sportif dans le 16e ... - Instagram,dojo paris location d espace sportif dans le 16e instagram,,"['activité dojo +18', 'catégorie dojo +22', 'preuve + dojo', 'site web']",low,src_https-www-instagram-com-dojo-paris_b2fb2bcb7e,web_search,https://www.instagram.com/dojo.paris,[],https://www.instagram.com/dojo.paris
10,['dojo'],,cand_dojo-paris-location-d-espace-sportif_ee25be751a,new,,dojo,Paris,35,[],,facebook.com/people/Dojo-Paris-Location-despace-sportif-dans-le-16e/61570014873764,75,"Contactez-nous dès maintenant au 06 46 54 91 13 pour découvrir nos offres spéciales du mois de mars et réserver votre créneau. #DojoParis #artsmartiaux #Dojo # Dojo Paris, Location d'espace sportif dans le 16e - Facebook. Contactez-nous dès maintenant au 06 46 54 91 13 pour découvrir nos offres spéciales du mois de mars et réserver votre créneau. #DojoParis #artsmartiaux #Dojo # dojo  Dojo Paris, Location d'espace sportif dans le 16e - Facebook",,"Dojo Paris, Location d'espace sportif dans le 16e - Facebook. Contactez-nous dès maintenant au 06 46 54 91 13 pour découvrir nos offres spéciales du mois de mars et réserver votre créneau. #DojoParis #artsmartiaux #Dojo #",74,2026-06-19,,,,,[],"Dojo Paris, Location d'espace sportif dans le 16e - Facebook",dojo paris location d espace sportif dans le 16e facebook,,"['activité dojo +18', 'catégorie dojo +22', 'preuve + dojo', 'site web']",low,src_https-www-facebook-com-people-dojo-p_8b40fb3d71,web_search,https://www.facebook.com/people/Dojo-Paris-Location-despace-sportif-dans-le-16e/61570014873764,[],https://www.facebook.com/people/Dojo-Paris-Location-despace-sportif-dans-le-16e/61570014873764
10,['dojo'],,cand_paris-saint-germain-judo-team_74febc80ab,new,,dojo,Hauts-de-Seine,60,[],,psg.fr/en/judo,92,"Since the start of the 2024 season, Paris Saint-Germain Judo has had its own dojo, located in Le Plessis-Robinson, in the Hauts-de-Seine. A modern and Paris Saint-Germain Judo Team. Since the start of the 2024 season, Paris Saint-Germain Judo has had its own dojo, located in Le Plessis-Robinson, in the Hauts-de-Seine. A modern and dojo  Paris Saint-Germain Judo Team",,"Paris Saint-Germain Judo Team. Since the start of the 2024 season, Paris Saint-Germain Judo has had its own dojo, located in Le Plessis-Robinson, in the Hauts-de-Seine. A modern and",74,2026-06-19,,,,,[],Paris Saint-Germain Judo Team,paris saint germain judo team,,"['activité dojo +18', 'catégorie dojo +22', 'preuve + dojo', 'site web']",medium,src_https-www-psg-fr-en-judo_301f47c733,web_search,https://www.psg.fr/en/judo,[],https://www.psg.fr/en/judo
10,['dojo'],,cand_dojo-de-paris-tickets-2026-promos-pr_189670c16c,new,,dojo,Hauts-de-Seine,35,[],,sg.trip.com/travel-guide/attraction/hauts-de-seine/dojo-de-paris-142678789,92,"Dojo de Paris. Ile-de-France Hauts-de-Seine . Dojo de Paris. Institut du Judo. 󰺂2.2. Opening hours of Dojo de Paris.. 21 Av. de la Prte de Châtillon, 75014 Dojo de Paris Tickets [2026] - Promos, Prices, Reviews & Opening .... Dojo de Paris. Ile-de-France Hauts-de-Seine . Dojo de Paris. Institut du Judo. 󰺂2.2. Opening hours of Dojo de Paris.. 21 Av. de la Prte de Châtillon, 75014 dojo  Dojo de Paris Tickets [2026] - Promos, Prices, Reviews & Opening ...",,"Dojo de Paris Tickets [2026] - Promos, Prices, Reviews & Opening .... Dojo de Paris. Ile-de-France Hauts-de-Seine . Dojo de Paris. Institut du Judo. 󰺂2.2. Opening hours of Dojo de Paris.. 21 Av. de la Prte de Châtillon, 75014",74,2026-06-19,,,,,[],"Dojo de Paris Tickets [2026] - Promos, Prices, Reviews & Opening ...",dojo de paris tickets 2026 promos prices reviews opening,,"['activité dojo +18', 'catégorie dojo +22', 'preuve + dojo', 'site web']",low,src_https-sg-trip-com-travel-guide-attra_ce4ae105c4,web_search,https://sg.trip.com/travel-guide/attraction/hauts-de-seine/dojo-de-paris-142678789,[],https://sg.trip.com/travel-guide/attraction/hauts-de-seine/dojo-de-paris-142678789
10,['dojo'],,cand_dojo-de-paris-map-sports-venue_4561d753fb,new,,dojo,Hauts-de-Seine,35,[],,mapcarta.com/W171544175,92,"Dojo de Paris is a sports venue in Paris, Île-de-France which is located on Avenue de la Porte de Châtillon. Dojo de Paris is situated nearby to the health club Dojo de Paris Map - Sports venue. Dojo de Paris is a sports venue in Paris, Île-de-France which is located on Avenue de la Porte de Châtillon. Dojo de Paris is situated nearby to the health club dojo  Dojo de Paris Map - Sports venue",,"Dojo de Paris Map - Sports venue. Dojo de Paris is a sports venue in Paris, Île-de-France which is located on Avenue de la Porte de Châtillon. Dojo de Paris is situated nearby to the health club",74,2026-06-19,,,,,[],Dojo de Paris Map - Sports venue,dojo de paris map sports venue,,"['activité dojo +18', 'catégorie dojo +22', 'preuve + dojo', 'site web']",low,src_https-mapcarta-com-w171544175_ccbb41972d,web_search,https://mapcarta.com/W171544175,[],https://mapcarta.com/W171544175
10,['dojo'],,cand_dojo-de-paris-organisez-un-seminaire_4c779dd6ae,new,,dojo,Hauts-de-Seine,35,[],,alfredmeeting.com/en/location-lieu/dojo-de-paris,92,Arena du dojo (1 200 m²) From 13750 € excl. tax / day ; Dojo awazu (400 m²) From 5500 € excl. tax / day ; La galerie (40 m²) From 1870 € excl. tax / day ; La salle Dojo de paris | Organisez un Séminaire Résidentiel à Paris. Arena du dojo (1 200 m²) From 13750 € excl. tax / day ; Dojo awazu (400 m²) From 5500 € excl. tax / day ; La galerie (40 m²) From 1870 € excl. tax / day ; La salle dojo  Dojo de paris | Organisez un Séminaire Résidentiel à Paris,,Dojo de paris | Organisez un Séminaire Résidentiel à Paris. Arena du dojo (1 200 m²) From 13750 € excl. tax / day ; Dojo awazu (400 m²) From 5500 € excl. tax / day ; La galerie (40 m²) From 1870 € excl. tax / day ; La salle,74,2026-06-19,,,,,[],Dojo de paris | Organisez un Séminaire Résidentiel à Paris,dojo de paris organisez un seminaire residentiel a paris,,"['activité dojo +18', 'catégorie dojo +22', 'preuve + dojo', 'site web']",low,src_https-www-alfredmeeting-com-en-locat_1ed37bb6fc,web_search,https://www.alfredmeeting.com/en/location-lieu/dojo-de-paris,[],https://www.alfredmeeting.com/en/location-lieu/dojo-de-paris
10,['dojo'],,cand_dojo-de-paris-exterieurs-film-france_4d93ddc16d,new,,dojo,Hauts-de-Seine,35,[],,locations.filmfrance.net/node/189796,92,Le Dojo de Paris est un complexe sportif parisien dédié à la pratique du judo. Location Condition Type. Well maintained. Dojo de Paris - Extérieurs - Film France | Locations. Le Dojo de Paris est un complexe sportif parisien dédié à la pratique du judo. Location Condition Type. Well maintained. dojo  Dojo de Paris - Extérieurs - Film France | Locations,,Dojo de Paris - Extérieurs - Film France | Locations. Le Dojo de Paris est un complexe sportif parisien dédié à la pratique du judo. Location Condition Type. Well maintained.,74,2026-06-19,,,,,[],Dojo de Paris - Extérieurs - Film France | Locations,dojo de paris exterieurs film france locations,,"['activité dojo +18', 'catégorie dojo +22', 'preuve + dojo', 'site web']",low,src_https-locations-filmfrance-net-node-_efb71021ff,web_search,https://locations.filmfrance.net/node/189796,[],https://locations.filmfrance.net/node/189796
10,['dojo'],,cand_dojo-club-93-a-saint-denis-sportenfr_2fc4e3f4a6,new,,dojo,Seine-Saint-Denis,60,[],,sportenfrance.fr/ile-de-france/seine-saint-denis/saint-denis/930660004-dojo-club-93,93,"# DOJO CLUB 93. Accueil > Île-de-France > Seine-Saint-Denis > Saint-Denis > DOJO CLUB 93. Seine-Saint-Denis, Île-de-France. **Description de l’installation sportive**. L’installation sportive Dojo Club 93 est située dans la commune Saint-Denis (93), dispose de 20 places de parking. Dojo / Salle d’arts martiaux en synthétique (hors gazon) disposant d’un éclairage et de 2 vestiaires avec douches. Cet équipement est à usage des clubs, de compétitions sportives, de formations sportives et de loisir. | Tai chi chuan / Chi gong | Oui | Oui | Oui | Entrainement |. | Judo / Jujitsu / Taïso | Oui | Oui | Oui | Compétition nationale |. | Activités de forme et de santé | Oui | Oui | Oui | Entrainement |. Salle de musculation/cardiotraining en synthétique (hors gazon) disposant d’un éclairage et de 2 vestiaires avec douches. Cet équipement est à usage des clubs et de loisir. | Culturisme | Oui | Oui | Oui | Entrainement |. Pas d'actualités pour cette installation sportive. Dojo Club 93 à Saint-Denis - sportenfrance.fr guide pratique du sport en France. # DOJO CLUB 93. Accueil > Île-de-France > Seine-Saint-Denis > Saint-Denis > DOJO CLUB 93. Seine-Saint-Denis, Île-de-France. **Description de l’installation sportive**. L’installation sportive Dojo Club 93 est située dans la commune Saint-Denis (93), dispose de 20 places de parking. Dojo / Salle d’arts martiaux en synthétique (hors gazon) disposant d’un éclairage et de 2 vestiaires avec douches. Cet équipement est à usage des clubs, de compétitions sportives, de formations sportives et de loisir. | Tai chi chuan / Chi gong | Oui | Oui | Oui | Entrainement |. | Judo / Jujitsu / Taïso | Oui | Oui | Oui | Compétition nationale |. | Activités de forme et de santé | Oui | Oui | Oui | Entrainement |. Salle de musculation/cardiotraining en synthétique (hors gazon) disposant d’un éclairage et de 2 vestiaires avec douches. Cet équipement est à usage des clubs et de loisir. | Culturisme | Oui | Oui | Oui | Entraineme dojo  Dojo Club 93 à Saint-Denis - sportenfrance.fr guide pratique du sport en France",,"Dojo Club 93 à Saint-Denis - sportenfrance.fr guide pratique du sport en France. # DOJO CLUB 93. Accueil > Île-de-France > Seine-Saint-Denis > Saint-Denis > DOJO CLUB 93. Seine-Saint-Denis, Île-de-France. **Description de l’installation sportive**. L’installation sportive Dojo Club 93 est située dans la commune Saint-Denis (93), dispose de 20 places de parking. Dojo / Salle d’arts martiaux en synthétique (hors gazon) disposant d’un éclairage et de 2 vestiaires avec douches. Cet équipement est à usage des clubs, de compétitions sportives, de formations sportives et de loisir. | Tai chi chuan / Chi gong | Oui | Oui | Oui | Entrainement |. | Judo / Jujitsu / Taïso | Oui | Oui | Oui | Compétition nationale |. | Activités de forme et de santé | Oui | Oui | Oui | Entrainement |. Salle de musculation/cardiotraining en synthétique (hors gazon) disposant d’un éclairage et de 2 vestiaires avec douches. Cet équipement est à usage des clubs et de loisir. | Culturisme | Oui | Oui | Oui | Entraineme",74,2026-06-19,,,,,[],Dojo Club 93 à Saint-Denis - sportenfrance.fr guide pratique du sport en France,dojo club 93 a saint denis sportenfrance fr guide pratique du sport en france,,"['activité dojo +18', 'catégorie dojo +22', 'preuve + dojo', 'site web']",medium,src_https-www-sportenfrance-fr-ile-de-fr_144a3e3a2d,web_search,https://www.sportenfrance.fr/ile-de-france/seine-saint-denis/saint-denis/930660004-dojo-club-93,[],https://www.sportenfrance.fr/ile-de-france/seine-saint-denis/saint-denis/930660004-dojo-club-93
10,['dojo'],,cand_dojo-a-saint-denis-93200_fc18b5a27a,new,,dojo,Seine-Saint-Denis,35,[],,dojoici.com/ville/saint-denis_93200,93,"Adresse : 6-10 Quai de Seine, 93200 Saint-Denis · Quartier : · Téléphone : 0613387245 · Aikido Seiden Saint-Denis de garde : non renseigné · Aikido Seiden Saint- Dojo à Saint-Denis, 93200.. Adresse : 6-10 Quai de Seine, 93200 Saint-Denis · Quartier : · Téléphone : 0613387245 · Aikido Seiden Saint-Denis de garde : non renseigné · Aikido Seiden Saint- dojo  Dojo à Saint-Denis, 93200.",,"Dojo à Saint-Denis, 93200.. Adresse : 6-10 Quai de Seine, 93200 Saint-Denis · Quartier : · Téléphone : 0613387245 · Aikido Seiden Saint-Denis de garde : non renseigné · Aikido Seiden Saint-",74,2026-06-19,,,,,[],"Dojo à Saint-Denis, 93200.",dojo a saint denis 93200,,"['activité dojo +18', 'catégorie dojo +22', 'preuve + dojo', 'site web']",low,src_https-dojoici-com-ville-saint-denis-_71b2378d2e,web_search,https://dojoici.com/ville/saint-denis_93200,[],https://dojoici.com/ville/saint-denis_93200
10,['dojo'],,cand_saint-denis-dojo_903a04ed72,new,,dojo,Seine-Saint-Denis,60,[],,stdenislesbourg.fr/657-saint-denis-dojo.htm,93,120 Rue des Ecoles. CONTACT: 120 Rue des Ecoles à SAINT DENIS LES BOURG 06 15 62 49 92 saintdenisdojo@gmail.com. Du lundi au vendredi : 8h30-12h Saint-Denis Dojo. 120 Rue des Ecoles. CONTACT: 120 Rue des Ecoles à SAINT DENIS LES BOURG 06 15 62 49 92 saintdenisdojo@gmail.com. Du lundi au vendredi : 8h30-12h dojo  Saint-Denis Dojo,,Saint-Denis Dojo. 120 Rue des Ecoles. CONTACT: 120 Rue des Ecoles à SAINT DENIS LES BOURG 06 15 62 49 92 saintdenisdojo@gmail.com. Du lundi au vendredi : 8h30-12h,74,2026-06-19,,,,,[],Saint-Denis Dojo,saint denis dojo,,"['activité dojo +18', 'catégorie dojo +22', 'preuve + dojo', 'site web']",medium,src_https-www-stdenislesbourg-fr-657-sai_b3965e6e51,web_search,https://www.stdenislesbourg.fr/657-saint-denis-dojo.htm,[],https://www.stdenislesbourg.fr/657-saint-denis-dojo.htm
10,['dojo'],,cand_dojo-regional-saint-denis-home-faceb_54a586538e,new,,dojo,Seine-Saint-Denis,35,[],,facebook.com/417793978315567,93,"Dojo Regional Saint Denis, Sainte-Clotilde, Réunion. 2 talking about this · 2 were here. Stadium, Arena & Sports Venue. Dojo Regional Saint Denis - Home | Facebook. Dojo Regional Saint Denis, Sainte-Clotilde, Réunion. 2 talking about this · 2 were here. Stadium, Arena & Sports Venue. dojo  Dojo Regional Saint Denis - Home | Facebook",,"Dojo Regional Saint Denis - Home | Facebook. Dojo Regional Saint Denis, Sainte-Clotilde, Réunion. 2 talking about this · 2 were here. Stadium, Arena & Sports Venue.",74,2026-06-19,,,,,[],Dojo Regional Saint Denis - Home | Facebook,dojo regional saint denis home facebook,,"['activité dojo +18', 'catégorie dojo +22', 'preuve + dojo', 'site web']",low,src_https-www-facebook-com-4177939783155_adb6914a5e,web_search,https://www.facebook.com/417793978315567,[],https://www.facebook.com/417793978315567
10,['dojo'],,cand_dojo-en-val-de-marne-pages-jaunes_0cab91e51d,new,,dojo,Val-de-Marne,60,[],,pagesjaunes.fr/annuaire/departement/val-de-marne-94/dojo,94,"Notre club met à votre disposition un stade avec piste, aire de saut et de lancer, ainsi qu'une salle de musculation pour progresser à votre rythme, que vous Dojo en Val-de-marne - Pages Jaunes. Notre club met à votre disposition un stade avec piste, aire de saut et de lancer, ainsi qu'une salle de musculation pour progresser à votre rythme, que vous dojo  Dojo en Val-de-marne - Pages Jaunes",,"Dojo en Val-de-marne - Pages Jaunes. Notre club met à votre disposition un stade avec piste, aire de saut et de lancer, ainsi qu'une salle de musculation pour progresser à votre rythme, que vous",74,2026-06-19,,,,,[],Dojo en Val-de-marne - Pages Jaunes,dojo en val de marne pages jaunes,,"['activité dojo +18', 'catégorie dojo +22', 'preuve + dojo', 'site web']",medium,src_https-www-pagesjaunes-fr-annuaire-de_a6096e5d2a,web_search,https://www.pagesjaunes.fr/annuaire/departement/val-de-marne-94/dojo,[],https://www.pagesjaunes.fr/annuaire/departement/val-de-marne-94/dojo
10,['dojo'],,cand_dojo-roger-ginet-sports-gouv-fr_bc50defaa8,new,,dojo,Val-de-Marne,60,[],,sports.gouv.fr/en/dojo-roger-ginet,94,"Département du Val-de-Marne. Champigny-sur-Marne , Île-de-France. Altitude: 56 ... The Dojo Roger Ginet is located between the city center and the banks Dojo Roger Ginet | sports.gouv.fr. Département du Val-de-Marne. Champigny-sur-Marne , Île-de-France. Altitude: 56 ... The Dojo Roger Ginet is located between the city center and the banks dojo  Dojo Roger Ginet | sports.gouv.fr",,"Dojo Roger Ginet | sports.gouv.fr. Département du Val-de-Marne. Champigny-sur-Marne , Île-de-France. Altitude: 56 ... The Dojo Roger Ginet is located between the city center and the banks",74,2026-06-19,,,,,[],Dojo Roger Ginet | sports.gouv.fr,dojo roger ginet sports gouv fr,,"['activité dojo +18', 'catégorie dojo +22', 'preuve + dojo', 'site web']",medium,src_https-www-sports-gouv-fr-en-dojo-rog_d0c27189b4,web_search,https://www.sports.gouv.fr/en/dojo-roger-ginet,[],https://www.sports.gouv.fr/en/dojo-roger-ginet
10,['dojo'],,cand_repertoire-des-equipements-sportifs-_4dfe93fe84,new,,dojo,Val-de-Marne,60,[],,repertoire-equipements-sportifs.fr/france/ile-de-france/val-de-marne/94028/creteil/centre-andre-dassibat/dojo/e001i940280029.html,94,"Répertoire des équipements sportifs français. # Equipement sportif « CENTRE ANDRE DASSIBAT - DOJO (Dojo / Salle d'arts martiaux) » de Créteil, département. **Les données de ce site proviennent du Ministère des sports et des jeux olympiques et paralympiques qui gère le répertoire des installations et équipements sportifs de France.** Il met à disposition ces informations sous forme de données ouvertes, qui sont actualisées sur ce site chaque jour, à 18h00. Les informations suivantes concernent l'équipement sportif **CENTRE ANDRE DASSIBAT- DOJO** situé à Créteil. | Nom de l'installation sportive | **CENTRE ANDRE DASSIBAT** |. | Adresse | 7 AVENUE FRANCOIS MAURIAC 94000 Créteil, France |. ## Les 3 équipements de l'installation CENTRE ANDRE DASSIBAT de Créteil. | Nom de l'équipement sportif | **SALLE DE TENNIS DE TABLE**   N° : E002I940280029 |. | Type d'équipement sportif | **Salle de tennis de table** |. | Famille d'équipement sportif | **Salle de combat** |. ## Équipements sportifs de la commune de Créteil. Répertoire des équipements sportifs français. Répertoire des équipements sportifs français. # Equipement sportif « CENTRE ANDRE DASSIBAT - DOJO (Dojo / Salle d'arts martiaux) » de Créteil, département. **Les données de ce site proviennent du Ministère des sports et des jeux olympiques et paralympiques qui gère le répertoire des installations et équipements sportifs de France.** Il met à disposition ces informations sous forme de données ouvertes, qui sont actualisées sur ce site chaque jour, à 18h00. Les informations suivantes concernent l'équipement sportif **CENTRE ANDRE DASSIBAT- DOJO** situé à Créteil. | Nom de l'installation sportive | **CENTRE ANDRE DASSIBAT** |. | Adresse | 7 AVENUE FRANCOIS MAURIAC 94000 Créteil, France |. ## Les 3 équipements de l'installation CENTRE ANDRE DASSIBAT de Créteil. | Nom de l'équipement sportif | **SALLE DE TENNIS DE TABLE**   N° : E002I940280029 |. | Type d'équipement sportif | **Salle de tennis de table** |. | Famille d'équipement sportif | **Sal dojo  Répertoire des équipements sportifs français",,"Répertoire des équipements sportifs français. Répertoire des équipements sportifs français. # Equipement sportif « CENTRE ANDRE DASSIBAT - DOJO (Dojo / Salle d'arts martiaux) » de Créteil, département. **Les données de ce site proviennent du Ministère des sports et des jeux olympiques et paralympiques qui gère le répertoire des installations et équipements sportifs de France.** Il met à disposition ces informations sous forme de données ouvertes, qui sont actualisées sur ce site chaque jour, à 18h00. Les informations suivantes concernent l'équipement sportif **CENTRE ANDRE DASSIBAT- DOJO** situé à Créteil. | Nom de l'installation sportive | **CENTRE ANDRE DASSIBAT** |. | Adresse | 7 AVENUE FRANCOIS MAURIAC 94000 Créteil, France |. ## Les 3 équipements de l'installation CENTRE ANDRE DASSIBAT de Créteil. | Nom de l'équipement sportif | **SALLE DE TENNIS DE TABLE**   N° : E002I940280029 |. | Type d'équipement sportif | **Salle de tennis de table** |. | Famille d'équipement sportif | **Sal",74,2026-06-19,,,,,[],Répertoire des équipements sportifs français,repertoire des equipements sportifs francais,,"['activité dojo +18', 'catégorie dojo +22', 'preuve + dojo', 'site web']",medium,src_https-www-repertoire-equipements-spo_4bf3ba1eca,web_search,https://www.repertoire-equipements-sportifs.fr/france/ile-de-france/val-de-marne/94028/creteil/centre-andre-dassibat/dojo/e001i940280029.html,[],https://www.repertoire-equipements-sportifs.fr/france/ile-de-france/val-de-marne/94028/creteil/centre-andre-dassibat/dojo/e001i940280029.html
10,['dojo'],,cand_les-dojo-et-districts-comite-de-judo_5e8a495c0d,new,,dojo,Val-de-Marne,35,[],,judo94.net/la-ligue/dojos-et-districts,94,Les DOJO : DOJO Val de Marnais accueillant les animations et compétitions de la ligue: THIAIS : Dojo du Palais Omnisports – Place Vincent Van Gogh Tél. : 01 Les DOJO et Districts – Comité de Judo du Val de Marne - judo94.net. Les DOJO : DOJO Val de Marnais accueillant les animations et compétitions de la ligue: THIAIS : Dojo du Palais Omnisports – Place Vincent Van Gogh Tél. : 01 dojo  Les DOJO et Districts – Comité de Judo du Val de Marne - judo94.net,,Les DOJO et Districts – Comité de Judo du Val de Marne - judo94.net. Les DOJO : DOJO Val de Marnais accueillant les animations et compétitions de la ligue: THIAIS : Dojo du Palais Omnisports – Place Vincent Van Gogh Tél. : 01,74,2026-06-19,,,,,[],Les DOJO et Districts – Comité de Judo du Val de Marne - judo94.net,les dojo et districts comite de judo du val de marne judo94 net,,"['activité dojo +18', 'catégorie dojo +22', 'preuve + dojo', 'site web']",low,src_https-judo94-net-la-ligue-dojos-et-d_3d955f8395,web_search,https://judo94.net/la-ligue/dojos-et-districts,[],https://judo94.net/la-ligue/dojos-et-districts
10,['dojo'],,cand_aikido-club-charenton-val-de-marne-9_303b21fb68,new,,dojo,Val-de-Marne,60,[],,aikido-charenton.cravan.fr,94,Cours d'essai gratuit toute l'année ! Téléchargez la fiche d'inscription. Dojo Gymnase Maurice Herzog · 9 rue du Nouveau Bercy · 94220 Charenton. Articles Aikido Club Charenton Val-de-Marne – 9 rue du Nouveau Bercy .... Cours d'essai gratuit toute l'année ! Téléchargez la fiche d'inscription. Dojo Gymnase Maurice Herzog · 9 rue du Nouveau Bercy · 94220 Charenton. Articles dojo  Aikido Club Charenton Val-de-Marne – 9 rue du Nouveau Bercy ...,,Aikido Club Charenton Val-de-Marne – 9 rue du Nouveau Bercy .... Cours d'essai gratuit toute l'année ! Téléchargez la fiche d'inscription. Dojo Gymnase Maurice Herzog · 9 rue du Nouveau Bercy · 94220 Charenton. Articles,74,2026-06-19,,,,,[],Aikido Club Charenton Val-de-Marne – 9 rue du Nouveau Bercy ...,aikido club charenton val de marne 9 rue du nouveau bercy,,"['activité dojo +18', 'catégorie dojo +22', 'preuve + dojo', 'site web']",medium,src_https-aikido-charenton-cravan-fr_788580e877,web_search,https://aikido-charenton.cravan.fr,[],https://aikido-charenton.cravan.fr
10,['dojo'],,cand_seibukan-dojo-arts-du-sabre-japonais_eea239d844,new,,dojo,Seine-et-Marne,60,[],,seibukan77.fr,77,"Prendre contact. Téléphone: 0631078979. Courriel: seibukan.dojo.croissy77@gmail.com. Adresse: 25 JEAN MONNET, Lagny-Sur-Marne, 77400, Seine-et-Marne, France. Seibukan Dojo - Arts du Sabre Japonais. Prendre contact. Téléphone: 0631078979. Courriel: seibukan.dojo.croissy77@gmail.com. Adresse: 25 JEAN MONNET, Lagny-Sur-Marne, 77400, Seine-et-Marne, France. dojo  Seibukan Dojo - Arts du Sabre Japonais",,"Seibukan Dojo - Arts du Sabre Japonais. Prendre contact. Téléphone: 0631078979. Courriel: seibukan.dojo.croissy77@gmail.com. Adresse: 25 JEAN MONNET, Lagny-Sur-Marne, 77400, Seine-et-Marne, France.",74,2026-06-19,,,,,[],Seibukan Dojo - Arts du Sabre Japonais,seibukan dojo arts du sabre japonais,,"['activité dojo +18', 'catégorie dojo +22', 'preuve + dojo', 'site web']",medium,src_https-www-seibukan77-fr_f26b0bfb81,web_search,https://www.seibukan77.fr,[],https://www.seibukan77.fr
10,['dojo'],,cand_dojo-en-seine-et-marne-pages-jaunes_804d9d8c64,new,,dojo,Seine-et-Marne,60,[],,pagesjaunes.fr/annuaire/departement/seine-et-marne-77/dojo,77,KUNPUKAN DOJO · 173 rue St Merry 77300 Fontainebleau ; Dojo Sud 77 · 39 rue Royale 77300 Fontainebleau ; SEIRYUKAN DOJO · 11 rue Caillets 77120 Coulommiers ; Self Dojo en Seine-et-marne - Pages Jaunes. KUNPUKAN DOJO · 173 rue St Merry 77300 Fontainebleau ; Dojo Sud 77 · 39 rue Royale 77300 Fontainebleau ; SEIRYUKAN DOJO · 11 rue Caillets 77120 Coulommiers ; Self dojo  Dojo en Seine-et-marne - Pages Jaunes,,Dojo en Seine-et-marne - Pages Jaunes. KUNPUKAN DOJO · 173 rue St Merry 77300 Fontainebleau ; Dojo Sud 77 · 39 rue Royale 77300 Fontainebleau ; SEIRYUKAN DOJO · 11 rue Caillets 77120 Coulommiers ; Self,74,2026-06-19,,,,,[],Dojo en Seine-et-marne - Pages Jaunes,dojo en seine et marne pages jaunes,,"['activité dojo +18', 'catégorie dojo +22', 'preuve + dojo', 'site web']",medium,src_https-www-pagesjaunes-fr-annuaire-de_e7105b8d9c,web_search,https://www.pagesjaunes.fr/annuaire/departement/seine-et-marne-77/dojo,[],https://www.pagesjaunes.fr/annuaire/departement/seine-et-marne-77/dojo
10,['dojo'],,cand_dojo-77-accueil-dojo-77-self-defense_5de612a4b1,new,,dojo,Seine-et-Marne,60,[],,dojo77.fr,77,"Dojo 77 : votre club de self defense et sports de combat en Seine et Marne. Cours de self defense, krav maga, kick boxing, MMA, karaté, tai chi et boxe thaï Dojo 77 - Accueil - DOJO 77 : Self-Défense, Boxes, Arts Martiaux. Dojo 77 : votre club de self defense et sports de combat en Seine et Marne. Cours de self defense, krav maga, kick boxing, MMA, karaté, tai chi et boxe thaï dojo  Dojo 77 - Accueil - DOJO 77 : Self-Défense, Boxes, Arts Martiaux",,"Dojo 77 - Accueil - DOJO 77 : Self-Défense, Boxes, Arts Martiaux. Dojo 77 : votre club de self defense et sports de combat en Seine et Marne. Cours de self defense, krav maga, kick boxing, MMA, karaté, tai chi et boxe thaï",74,2026-06-19,,,,,[],"Dojo 77 - Accueil - DOJO 77 : Self-Défense, Boxes, Arts Martiaux",dojo 77 accueil dojo 77 self defense boxes arts martiaux,,"['activité dojo +18', 'catégorie dojo +22', 'preuve + dojo', 'site web']",medium,src_https-dojo77-fr_22f34ad84c,web_search,https://dojo77.fr,[],https://dojo77.fr
10,['dojo'],,cand_dojo77-valdeurope-instagram_c29c2217ad,new,,dojo,Seine-et-Marne,35,[],,instagram.com/dojo77.valdeurope,77,"Département de Seine-et-Marne. Saint-Thibault, 9h-13h Gymnase municipal, 44 rue des sablons, 77400, Saint-Thibault-des-Vignes 1 Rue du Général Leclerc, 77400 dojo77.valdeurope - Instagram. Département de Seine-et-Marne. Saint-Thibault, 9h-13h Gymnase municipal, 44 rue des sablons, 77400, Saint-Thibault-des-Vignes 1 Rue du Général Leclerc, 77400 dojo  dojo77.valdeurope - Instagram",,"dojo77.valdeurope - Instagram. Département de Seine-et-Marne. Saint-Thibault, 9h-13h Gymnase municipal, 44 rue des sablons, 77400, Saint-Thibault-des-Vignes 1 Rue du Général Leclerc, 77400",74,2026-06-19,,,,,[],dojo77.valdeurope - Instagram,dojo77 valdeurope instagram,,"['activité dojo +18', 'catégorie dojo +22', 'preuve + dojo', 'site web']",low,src_https-www-instagram-com-dojo77-valde_cd47f529bf,web_search,https://www.instagram.com/dojo77.valdeurope,[],https://www.instagram.com/dojo77.valdeurope
10,['dojo'],,cand_boxe-thai-dojo-77-self-defense-boxes_5a2f45a762,new,,dojo,Seine-et-Marne,60,[],,dojo77.fr/boxe-thai,77,"Bienvenue au Dojo 77, votre club de boxe thaïlandaise en Seine-et-Marne ! À l'est de Paris, au coeur du Val d'Europe, nous un art martial dynamique et complet. Boxe thaï - DOJO 77 : Self-Défense, Boxes, Arts Martiaux. Bienvenue au Dojo 77, votre club de boxe thaïlandaise en Seine-et-Marne ! À l'est de Paris, au coeur du Val d'Europe, nous un art martial dynamique et complet. dojo  Boxe thaï - DOJO 77 : Self-Défense, Boxes, Arts Martiaux",,"Boxe thaï - DOJO 77 : Self-Défense, Boxes, Arts Martiaux. Bienvenue au Dojo 77, votre club de boxe thaïlandaise en Seine-et-Marne ! À l'est de Paris, au coeur du Val d'Europe, nous un art martial dynamique et complet.",74,2026-06-19,,,,,[],"Boxe thaï - DOJO 77 : Self-Défense, Boxes, Arts Martiaux",boxe thai dojo 77 self defense boxes arts martiaux,,"['activité dojo +18', 'catégorie dojo +22', 'preuve + dojo', 'site web']",medium,src_https-dojo77-fr-boxe-thai_deb7f32ddd,web_search,https://dojo77.fr/boxe-thai,[],https://dojo77.fr/boxe-thai
10,['dojo'],,cand_dojo-en-yvelines-pages-jaunes_413f470118,new,,dojo,Yvelines,60,[],,pagesjaunes.fr/annuaire/departement/yvelines-78/dojo,78,"Le Club Le Village est un lieu dynamique dédié au sport, aux loisirs et à l'organisation d'événements. Nous mettons à votre disposition des infrastructures Dojo en Yvelines - Pages Jaunes. Le Club Le Village est un lieu dynamique dédié au sport, aux loisirs et à l'organisation d'événements. Nous mettons à votre disposition des infrastructures dojo  Dojo en Yvelines - Pages Jaunes",,"Dojo en Yvelines - Pages Jaunes. Le Club Le Village est un lieu dynamique dédié au sport, aux loisirs et à l'organisation d'événements. Nous mettons à votre disposition des infrastructures",74,2026-06-19,,,,,[],Dojo en Yvelines - Pages Jaunes,dojo en yvelines pages jaunes,,"['activité dojo +18', 'catégorie dojo +22', 'preuve + dojo', 'site web']",medium,src_https-www-pagesjaunes-fr-annuaire-de_2557f2f7f8,web_search,https://www.pagesjaunes.fr/annuaire/departement/yvelines-78/dojo,[],https://www.pagesjaunes.fr/annuaire/departement/yvelines-78/dojo
10,['dojo'],,cand_vit-centre-d-arts-martiaux-fitness-d_0e65e9b2d5,new,,dojo,Yvelines,60,[],,vitaeartsmartiaux.fr,78,"Un environnement sportif adapté à vos besoins. Le centre dispose de deux dojos de 250 m² avec espaces tatamis, musculation et cardio-training. ... L'espace est VITÆ Centre d'Arts Martiaux & Fitness dans les Yvelines 78. Un environnement sportif adapté à vos besoins. Le centre dispose de deux dojos de 250 m² avec espaces tatamis, musculation et cardio-training. ... L'espace est dojo  VITÆ Centre d'Arts Martiaux & Fitness dans les Yvelines 78",,"VITÆ Centre d'Arts Martiaux & Fitness dans les Yvelines 78. Un environnement sportif adapté à vos besoins. Le centre dispose de deux dojos de 250 m² avec espaces tatamis, musculation et cardio-training. ... L'espace est",90,2026-06-19,,,,,[],VITÆ Centre d'Arts Martiaux & Fitness dans les Yvelines 78,vit centre d arts martiaux fitness dans les yvelines 78,,"['activité dojo +18', 'espace tatami +12', 'catégorie dojo +22', 'preuve + dojo', 'preuve + tatami', 'site web']",medium,src_https-vitaeartsmartiaux-fr_ba78a4bd2c,web_search,https://vitaeartsmartiaux.fr,['tatami'],https://vitaeartsmartiaux.fr
10,['dojo'],,cand_le-perray-st-leger-jjda-france-judo_cfaf9d00f9,new,,dojo,Yvelines,35,[],,ffjudo.com/club-le-perray-st-leger-jj-da,78,"Dojo A. DOJO DU PERRAY RUE DES LAURIERS, 78610 LE PERRAY EN YVELINES ; Dojo B · DOJO ST LEGER PLACE DU GROS BILLOT, 78610 ST LEGER EN YVELINES ; Dojo Z · DOJO le perray-st leger jjda - France Judo. Dojo A. DOJO DU PERRAY RUE DES LAURIERS, 78610 LE PERRAY EN YVELINES ; Dojo B · DOJO ST LEGER PLACE DU GROS BILLOT, 78610 ST LEGER EN YVELINES ; Dojo Z · DOJO dojo  le perray-st leger jjda - France Judo",,"le perray-st leger jjda - France Judo. Dojo A. DOJO DU PERRAY RUE DES LAURIERS, 78610 LE PERRAY EN YVELINES ; Dojo B · DOJO ST LEGER PLACE DU GROS BILLOT, 78610 ST LEGER EN YVELINES ; Dojo Z · DOJO",74,2026-06-19,,,,,[],le perray-st leger jjda - France Judo,le perray st leger jjda france judo,,"['activité dojo +18', 'catégorie dojo +22', 'preuve + dojo', 'site web']",low,src_https-www-ffjudo-com-club-le-perray-_ec2a0ab903,web_search,https://www.ffjudo.com/club-le-perray-st-leger-jj-da,[],https://www.ffjudo.com/club-le-perray-st-leger-jj-da
10,['dojo'],,cand_association-aikido-shingitai-dojo-le_523017ba3d,new,,dojo,Yvelines,60,[],,m.yelp.com/biz/association-aikido-shingitai-dojo-le-chesnay-le-chesnay,78,7 Rue Pottier. 78150 Le Chesnay. France. Directions ; 01 39 43 93 45. Call Now ; Visit Website. http://www.shingitaidojo.fr. ASSOCIATION AIKIDO SHINGITAI DOJO LE CHESNAY - Yelp. 7 Rue Pottier. 78150 Le Chesnay. France. Directions ; 01 39 43 93 45. Call Now ; Visit Website. http://www.shingitaidojo.fr. dojo  ASSOCIATION AIKIDO SHINGITAI DOJO LE CHESNAY - Yelp,,ASSOCIATION AIKIDO SHINGITAI DOJO LE CHESNAY - Yelp. 7 Rue Pottier. 78150 Le Chesnay. France. Directions ; 01 39 43 93 45. Call Now ; Visit Website. http://www.shingitaidojo.fr.,74,2026-06-19,,,,,[],ASSOCIATION AIKIDO SHINGITAI DOJO LE CHESNAY - Yelp,association aikido shingitai dojo le chesnay yelp,,"['activité dojo +18', 'catégorie dojo +22', 'preuve + dojo', 'site web']",medium,src_https-m-yelp-com-biz-association-aik_172b98b035,web_search,https://m.yelp.com/biz/association-aikido-shingitai-dojo-le-chesnay-le-chesnay,[],https://m.yelp.com/biz/association-aikido-shingitai-dojo-le-chesnay-le-chesnay
10,['dojo'],,cand_dojo-en-essonne-pages-jaunes_ede9791457,new,,dojo,Essonne,60,[],,pagesjaunes.fr/annuaire/departement/essonne-91/dojo,91,"Dojo en Essonne 37 route Leuville 91180 Saint Germain lès Arpajon SEISHIN'TANREN DOJO. Marivaux rue Rouget 91640. Location de terrain, abonnement, championnat, Dojo en Essonne - Pages Jaunes. Dojo en Essonne 37 route Leuville 91180 Saint Germain lès Arpajon SEISHIN'TANREN DOJO. Marivaux rue Rouget 91640. Location de terrain, abonnement, championnat, dojo  Dojo en Essonne - Pages Jaunes",,"Dojo en Essonne - Pages Jaunes. Dojo en Essonne 37 route Leuville 91180 Saint Germain lès Arpajon SEISHIN'TANREN DOJO. Marivaux rue Rouget 91640. Location de terrain, abonnement, championnat,",74,2026-06-19,,,,,[],Dojo en Essonne - Pages Jaunes,dojo en essonne pages jaunes,,"['activité dojo +18', 'catégorie dojo +22', 'preuve + dojo', 'site web']",medium,src_https-www-pagesjaunes-fr-annuaire-de_a7d6ac6f53,web_search,https://www.pagesjaunes.fr/annuaire/departement/essonne-91/dojo,[],https://www.pagesjaunes.fr/annuaire/departement/essonne-91/dojo
10,['dojo'],,cand_arts-martiaux-boxe-mma-en-essonne-vi_4363d6e23a,new,,dojo,Essonne,60,[],,ville-data.com/salle-de-combat-dojo/essonne-91-91D,91,"HALLE DES SPORTS HAUTERIVE. DOJO. Equipement : Dojo / Salle d'arts martiaux. Sur place : Judo / Jujitsu / Taïso, Karaté/Karaté jutsu/Goshin Arts Martiaux, Boxe, MMA en Essonne - Ville-Data.com. HALLE DES SPORTS HAUTERIVE. DOJO. Equipement : Dojo / Salle d'arts martiaux. Sur place : Judo / Jujitsu / Taïso, Karaté/Karaté jutsu/Goshin dojo  Arts Martiaux, Boxe, MMA en Essonne - Ville-Data.com",,"Arts Martiaux, Boxe, MMA en Essonne - Ville-Data.com. HALLE DES SPORTS HAUTERIVE. DOJO. Equipement : Dojo / Salle d'arts martiaux. Sur place : Judo / Jujitsu / Taïso, Karaté/Karaté jutsu/Goshin",74,2026-06-19,,,,,[],"Arts Martiaux, Boxe, MMA en Essonne - Ville-Data.com",arts martiaux boxe mma en essonne ville data com,,"['activité dojo +18', 'catégorie dojo +22', 'preuve + dojo', 'site web']",medium,src_https-ville-data-com-salle-de-combat_6b1a03253e,web_search,https://ville-data.com/salle-de-combat-dojo/essonne-91-91D,[],https://ville-data.com/salle-de-combat-dojo/essonne-91-91D
10,['dojo'],,cand_dojo-gerard-bailo-sainte-genevieve-d_fe7ac7ddf0,new,,dojo,Essonne,60,[],,essonne.gouv.fr/Jeux-Olympiques-et-Paralympiques-de-Paris-2024/Les-Centres-de-Preparation-aux-Jeux-CPJ/Judo/Dojo-Gerard-Bailo-Sainte-Genevieve-des-Bois,91,"Le Dojo se compose d'un espace accueil, d'une salle de réunion, 2 saunas, une salle de musculation, d'une infirmerie. Parking avec 150 places, Dojo Gérard Bailo - Sainte-Geneviève-des-Bois - Essonne.gouv.fr. Le Dojo se compose d'un espace accueil, d'une salle de réunion, 2 saunas, une salle de musculation, d'une infirmerie. Parking avec 150 places, dojo  Dojo Gérard Bailo - Sainte-Geneviève-des-Bois - Essonne.gouv.fr",,"Dojo Gérard Bailo - Sainte-Geneviève-des-Bois - Essonne.gouv.fr. Le Dojo se compose d'un espace accueil, d'une salle de réunion, 2 saunas, une salle de musculation, d'une infirmerie. Parking avec 150 places,",66,2026-06-19,,,,,[],Dojo Gérard Bailo - Sainte-Geneviève-des-Bois - Essonne.gouv.fr,dojo gerard bailo sainte genevieve des bois essonne gouv fr,,"['activité dojo +18', 'catégorie dojo +22', 'preuve + dojo', 'preuve - salle de réunion', 'site web']",medium,src_https-www-essonne-gouv-fr-jeux-olymp_ba1a03ae06,web_search,https://www.essonne.gouv.fr/Jeux-Olympiques-et-Paralympiques-de-Paris-2024/Les-Centres-de-Preparation-aux-Jeux-CPJ/Judo/Dojo-Gerard-Bailo-Sainte-Genevieve-des-Bois,[],https://www.essonne.gouv.fr/Jeux-Olympiques-et-Paralympiques-de-Paris-2024/Les-Centres-de-Preparation-aux-Jeux-CPJ/Judo/Dojo-Gerard-Bailo-Sainte-Genevieve-des-Bois
10,['dojo'],,cand_file-dojo-espace-sportif-maurice-baq_79cd2c330f,new,,dojo,Essonne,35,[],,"commons.wikimedia.org/wiki/File:Dojo,_espace_sportif_Maurice_Baquet,_Essonne,_France.jpg",91,"Dojo, espace sportif Maurice Baquet, Essonne, France Date 20 November 2021, 12:21:21 Source Own work Author Florent Pécassou File:Dojo, espace sportif Maurice Baquet, Essonne, France.jpg. Dojo, espace sportif Maurice Baquet, Essonne, France Date 20 November 2021, 12:21:21 Source Own work Author Florent Pécassou dojo  File:Dojo, espace sportif Maurice Baquet, Essonne, France.jpg",,"File:Dojo, espace sportif Maurice Baquet, Essonne, France.jpg. Dojo, espace sportif Maurice Baquet, Essonne, France Date 20 November 2021, 12:21:21 Source Own work Author Florent Pécassou",74,2026-06-19,,,,,[],"File:Dojo, espace sportif Maurice Baquet, Essonne, France.jpg",file dojo espace sportif maurice baquet essonne france jpg,,"['activité dojo +18', 'catégorie dojo +22', 'preuve + dojo', 'site web']",low,src_https-commons-wikimedia-org-wiki-fil_70177b1e7d,web_search,"https://commons.wikimedia.org/wiki/File:Dojo,_espace_sportif_Maurice_Baquet,_Essonne,_France.jpg",[],"https://commons.wikimedia.org/wiki/File:Dojo,_espace_sportif_Maurice_Baquet,_Essonne,_France.jpg"
10,['dojo'],,cand_dojo-regional-d-herblay-sur-seine-va_a0a09074d1,new,,dojo,Val-d'Oise,35,[],,valdoise-tourisme.com/fiches/dojo-regional-dherblay-sur-seine,95,"LABEL : Judo. Le dojo se situe dans un complexe sportif regroupant gymnases, salles d'escalade, terrains multisports et salle de gymnastique. Il accueille Dojo Régional d'Herblay-sur-Seine - Val d'Oise Tourisme .... LABEL : Judo. Le dojo se situe dans un complexe sportif regroupant gymnases, salles d'escalade, terrains multisports et salle de gymnastique. Il accueille dojo  Dojo Régional d'Herblay-sur-Seine - Val d'Oise Tourisme ...",,"Dojo Régional d'Herblay-sur-Seine - Val d'Oise Tourisme .... LABEL : Judo. Le dojo se situe dans un complexe sportif regroupant gymnases, salles d'escalade, terrains multisports et salle de gymnastique. Il accueille",74,2026-06-19,,,,,[],Dojo Régional d'Herblay-sur-Seine - Val d'Oise Tourisme ...,dojo regional d herblay sur seine val d oise tourisme,,"['activité dojo +18', 'catégorie dojo +22', 'preuve + dojo', 'site web']",low,src_https-www-valdoise-tourisme-com-fich_a8dedf0c5b,web_search,https://www.valdoise-tourisme.com/fiches/dojo-regional-dherblay-sur-seine,[],https://www.valdoise-tourisme.com/fiches/dojo-regional-dherblay-sur-seine
10,['dojo'],,cand_dojo-intercommunal-reviews-photos-ph_4afb7afd7e,new,,dojo,Val-d'Oise,35,[],,dojo-intercommunal.wheree.com,95,"Location: Reviews highlight the dojo's location as convenient and accessible within Ozoir-la-Ferrière, contributing positively to its overall appeal. Dojo Intercommunal - Reviews, Photos & Phone Number .... Location: Reviews highlight the dojo's location as convenient and accessible within Ozoir-la-Ferrière, contributing positively to its overall appeal. dojo  Dojo Intercommunal - Reviews, Photos & Phone Number ...",,"Dojo Intercommunal - Reviews, Photos & Phone Number .... Location: Reviews highlight the dojo's location as convenient and accessible within Ozoir-la-Ferrière, contributing positively to its overall appeal.",74,2026-06-19,,,,,[],"Dojo Intercommunal - Reviews, Photos & Phone Number ...",dojo intercommunal reviews photos phone number,,"['activité dojo +18', 'catégorie dojo +22', 'preuve + dojo', 'site web']",low,src_https-dojo-intercommunal-wheree-com_1b5397ec85,web_search,https://dojo-intercommunal.wheree.com,[],https://dojo-intercommunal.wheree.com
10,['dojo'],,cand_the-dual-life-of-benjamin-lelu_bbd126ba87,new,,dojo,Val-d'Oise,35,[],,safran-group.com/news/portrait-office-dojo-dual-life-benjamin-lelu-2023-09-19,95,"It was at the Eaubonne club in Val d'Oise, led by a former champion, that young Benjamin, aged 5, discovered judo. It didn't take him long the dual life of Benjamin Lelu. It was at the Eaubonne club in Val d'Oise, led by a former champion, that young Benjamin, aged 5, discovered judo. It didn't take him long dojo  the dual life of Benjamin Lelu",,"the dual life of Benjamin Lelu. It was at the Eaubonne club in Val d'Oise, led by a former champion, that young Benjamin, aged 5, discovered judo. It didn't take him long",74,2026-06-19,,,,,[],the dual life of Benjamin Lelu,the dual life of benjamin lelu,,"['activité dojo +18', 'catégorie dojo +22', 'preuve + dojo', 'site web']",low,src_https-www-safran-group-com-news-port_edbda9ff10,web_search,https://www.safran-group.com/news/portrait-office-dojo-dual-life-benjamin-lelu-2023-09-19,[],https://www.safran-group.com/news/portrait-office-dojo-dual-life-benjamin-lelu-2023-09-19
10,['dojo'],,cand_association-dojo-val-d-oise-a-95000-_c1cdb700d7,new,,dojo,Val-d'Oise,60,[],,annuaire-entreprises.data.gouv.fr/entreprise/dojo-val-d-oise-482095262,95,Son siège social est domicilié au GYMNASE LES CHENES 95000 CERGY. Elle possède 1 établissement. Fiche résumé · Dirigeants · Documents · Données financières. Association DOJO VAL D OISE à 95000 CERGY. Son siège social est domicilié au GYMNASE LES CHENES 95000 CERGY. Elle possède 1 établissement. Fiche résumé · Dirigeants · Documents · Données financières. dojo  Association DOJO VAL D OISE à 95000 CERGY,,Association DOJO VAL D OISE à 95000 CERGY. Son siège social est domicilié au GYMNASE LES CHENES 95000 CERGY. Elle possède 1 établissement. Fiche résumé · Dirigeants · Documents · Données financières.,74,2026-06-19,,,,,[],Association DOJO VAL D OISE à 95000 CERGY,association dojo val d oise a 95000 cergy,,"['activité dojo +18', 'catégorie dojo +22', 'preuve + dojo', 'site web']",medium,src_https-annuaire-entreprises-data-gouv_7f2ee70a37,web_search,https://annuaire-entreprises.data.gouv.fr/entreprise/dojo-val-d-oise-482095262,[],https://annuaire-entreprises.data.gouv.fr/entreprise/dojo-val-d-oise-482095262
10,['theatre'],,cand_location-de-salles-a-paris-repetitio_feaa8eac37,new,,salle_theatre,Paris,35,[],,lemagasin.org/location-de-salles,75,"Les tarifs de location de salle de répétition, théâtre. À partir de 25€/heure. Tarifs dégressifs en fonction du volume horaire. Un devis personnalisé vous sera Location de Salles à Paris – Répétitions, Théâtre, Tournage. Les tarifs de location de salle de répétition, théâtre. À partir de 25€/heure. Tarifs dégressifs en fonction du volume horaire. Un devis personnalisé vous sera salle_theatre  Location de Salles à Paris – Répétitions, Théâtre, Tournage",,"Location de Salles à Paris – Répétitions, Théâtre, Tournage. Les tarifs de location de salle de répétition, théâtre. À partir de 25€/heure. Tarifs dégressifs en fonction du volume horaire. Un devis personnalisé vous sera",78,2026-06-19,,,,,[],"Location de Salles à Paris – Répétitions, Théâtre, Tournage",location de salles a paris repetitions theatre tournage,,"['activité theatre +14', 'catégorie salle_theatre +18', 'preuve + théâtre', 'preuve + theatre', 'preuve + répétition', 'preuve + repetition', 'site web']",low,src_https-www-lemagasin-org-location-de-_883030734d,web_search,https://www.lemagasin.org/location-de-salles,[],https://www.lemagasin.org/location-de-salles
10,"['bodywork', 'dance', 'theatre', 'yoga']",,cand_ou-repeter-dans-paris-inspire-studio_ef96e5486d,new,,salle_theatre,Paris,35,[],,inspirestudiosparis.com/post/o%C3%B9-r%C3%A9p%C3%A9ter-dans-paris,75,"Situé entre **Oberkampf**, **Bastille**, **République**, **Voltaire** et **Parmentier**, **Inspire Studio Paris 11e** met à disposition des **espaces lumineux et modulables** pour vos **répétitions, ateliers ou événements bien-être**.Idéalement placé au cœur de la capitale, notre studio est le lieu parfait pour **répéter dans Paris 11e** dans un cadre calme, professionnel et inspirant. Chez **Inspire Studio Paris**, la **location de salle à Paris 11e** est simple, flexible et adaptée à vos besoins.Vous pouvez **louer une salle à l’heure, à la demi-journée ou à la journée**, selon vos créneaux et votre activité.Nos espaces accueillent régulièrement des **répétitions à Oberkampf**, des **résidences artistiques à Bastille**, ou encore des **cours de danse ou de yoga à République, Voltaire et Parmentier**. Contactez **Inspire Studio Paris 11e** dès aujourd’hui pour **louer une salle à Paris** pour vos répétitions, vos cours ou vos ateliers.Notre équipe se tient à votre disposition pour vous accompagner dans la **location de votre salle de répétition à Paris 11** et vous proposer un espace qui correspond parfaitement à vos besoins. Où répéter dans Paris ? - Inspire Studio. Situé entre **Oberkampf**, **Bastille**, **République**, **Voltaire** et **Parmentier**, **Inspire Studio Paris 11e** met à disposition des **espaces lumineux et modulables** pour vos **répétitions, ateliers ou événements bien-être**.Idéalement placé au cœur de la capitale, notre studio est le lieu parfait pour **répéter dans Paris 11e** dans un cadre calme, professionnel et inspirant. Chez **Inspire Studio Paris**, la **location de salle à Paris 11e** est simple, flexible et adaptée à vos besoins.Vous pouvez **louer une salle à l’heure, à la demi-journée ou à la journée**, selon vos créneaux et votre activité.Nos espaces accueillent régulièrement des **répétitions à Oberkampf**, des **résidences artistiques à Bastille**, ou encore des **cours de danse ou de yoga à République, Voltaire et Parmentier**. Contactez **Inspire Studio Paris 11e** dès aujourd’hui pour **louer une salle à Paris** pour vos répétitions, vos cours ou vos ateliers.Notre éq salle_theatre  Où répéter dans Paris ? - Inspire Studio",,"Où répéter dans Paris ? - Inspire Studio. Situé entre **Oberkampf**, **Bastille**, **République**, **Voltaire** et **Parmentier**, **Inspire Studio Paris 11e** met à disposition des **espaces lumineux et modulables** pour vos **répétitions, ateliers ou événements bien-être**.Idéalement placé au cœur de la capitale, notre studio est le lieu parfait pour **répéter dans Paris 11e** dans un cadre calme, professionnel et inspirant. Chez **Inspire Studio Paris**, la **location de salle à Paris 11e** est simple, flexible et adaptée à vos besoins.Vous pouvez **louer une salle à l’heure, à la demi-journée ou à la journée**, selon vos créneaux et votre activité.Nos espaces accueillent régulièrement des **répétitions à Oberkampf**, des **résidences artistiques à Bastille**, ou encore des **cours de danse ou de yoga à République, Voltaire et Parmentier**. Contactez **Inspire Studio Paris 11e** dès aujourd’hui pour **louer une salle à Paris** pour vos répétitions, vos cours ou vos ateliers.Notre éq",100,2026-06-19,,,,,[],Où répéter dans Paris ? - Inspire Studio,ou repeter dans paris inspire studio,,"['activité bodywork +14', 'activité dance +18', 'activité theatre +14', 'activité yoga +18', 'espace modular +10', 'catégorie salle_theatre +18', 'preuve + danse', 'preuve + yoga', 'preuve + théâtre', 'preuve + theatre', 'preuve + répétition', 'preuve + repetition', 'site web']",low,src_https-www-inspirestudiosparis-com-po_caafdc4bb5,web_search,https://www.inspirestudiosparis.com/post/o%C3%B9-r%C3%A9p%C3%A9ter-dans-paris,['modular'],https://www.inspirestudiosparis.com/post/o%C3%B9-r%C3%A9p%C3%A9ter-dans-paris
10,"['dance', 'theatre']",,cand_location-salle-de-repetition-paris-i_96ad381306,new,,salle_theatre,Paris,35,[],,izyshow.com/salle-de-repetition-paris,75,"Trouvez et louez une salle de répétition à Paris pour la musique, la danse, le théâtre ou le cirque. Comparez les studios disponibles par arrondissement. Location Salle de Répétition Paris | IZYSHOW. Trouvez et louez une salle de répétition à Paris pour la musique, la danse, le théâtre ou le cirque. Comparez les studios disponibles par arrondissement. salle_theatre  Location Salle de Répétition Paris | IZYSHOW",,"Location Salle de Répétition Paris | IZYSHOW. Trouvez et louez une salle de répétition à Paris pour la musique, la danse, le théâtre ou le cirque. Comparez les studios disponibles par arrondissement.",100,2026-06-19,,,,,[],Location Salle de Répétition Paris | IZYSHOW,location salle de repetition paris izyshow,,"['activité dance +18', 'activité theatre +14', 'catégorie salle_theatre +18', 'preuve + danse', 'preuve + théâtre', 'preuve + theatre', 'preuve + répétition', 'preuve + repetition', 'site web']",low,src_https-www-izyshow-com-salle-de-repet_853850fd9a,web_search,https://www.izyshow.com/salle-de-repetition-paris,[],https://www.izyshow.com/salle-de-repetition-paris
10,['theatre'],,cand_local-de-repetition-location-recherc_056ede759b,new,,salle_theatre,Paris,35,[],,spectable.com/paris-19-75019/petites-annonces/local-de-repetition/n_2648-l_38157.php,75,"Local 25m² porte de Pantin dans lieu sécurisé et dédié à la musique à louer : 1 créneau/semaine , en journée (10h-18h) ou soirée (à partir de 19h) pour 200€ Local de répétition / Location, recherche à Paris 19 (75019). Local 25m² porte de Pantin dans lieu sécurisé et dédié à la musique à louer : 1 créneau/semaine , en journée (10h-18h) ou soirée (à partir de 19h) pour 200€ salle_theatre  Local de répétition / Location, recherche à Paris 19 (75019)",,"Local de répétition / Location, recherche à Paris 19 (75019). Local 25m² porte de Pantin dans lieu sécurisé et dédié à la musique à louer : 1 créneau/semaine , en journée (10h-18h) ou soirée (à partir de 19h) pour 200€",78,2026-06-19,,,,,[],"Local de répétition / Location, recherche à Paris 19 (75019)",local de repetition location recherche a paris 19 75019,,"['activité theatre +14', 'catégorie salle_theatre +18', 'preuve + théâtre', 'preuve + theatre', 'preuve + répétition', 'preuve + repetition', 'site web']",low,src_https-www-spectable-com-paris-19-750_7109a95e73,web_search,https://www.spectable.com/paris-19-75019/petites-annonces/local-de-repetition/n_2648-l_38157.php,[],https://www.spectable.com/paris-19-75019/petites-annonces/local-de-repetition/n_2648-l_38157.php
10,"['dance', 'theatre']",,cand_location-de-salles-de-repetition-a-p_4131e968ea,new,,salle_theatre,Paris,35,[],,facebook.com/groups/257289725206307,75,"lacasa19@gmail.com studiolacasa.fr ☎️01 40 40 73 60 Au plaisir de vous y accueillir Frédérique - at Studio La Casa - Paris 19e. Location de salles de répétition à Paris (danse, théâtre...) | Facebook. lacasa19@gmail.com studiolacasa.fr ☎️01 40 40 73 60 Au plaisir de vous y accueillir Frédérique - at Studio La Casa - Paris 19e. salle_theatre  Location de salles de répétition à Paris (danse, théâtre...) | Facebook",,"Location de salles de répétition à Paris (danse, théâtre...) | Facebook. lacasa19@gmail.com studiolacasa.fr ☎️01 40 40 73 60 Au plaisir de vous y accueillir Frédérique - at Studio La Casa - Paris 19e.",100,2026-06-19,,,,,[],"Location de salles de répétition à Paris (danse, théâtre...) | Facebook",location de salles de repetition a paris danse theatre facebook,,"['activité dance +18', 'activité theatre +14', 'catégorie salle_theatre +18', 'preuve + danse', 'preuve + théâtre', 'preuve + theatre', 'preuve + répétition', 'preuve + repetition', 'site web']",low,src_https-www-facebook-com-groups-257289_5f671da44f,web_search,https://www.facebook.com/groups/257289725206307,[],https://www.facebook.com/groups/257289725206307
10,['theatre'],,cand_location-studio-repetition-en-hauts-_9528ac31fc,new,,salle_theatre,Hauts-de-Seine,60,[],,pagesjaunes.fr/annuaire/departement/hauts-de-seine-92/location-studio-repetition,92,Location studio répétition en Hauts-de-seine ; Studio Diapason · 4 rue Marie Laure 92270 Bois Colombes · Photo de Studio Diapason ; Studios Malambo · 4 rue Marie Location studio répétition en Hauts-de-seine - Pages Jaunes. Location studio répétition en Hauts-de-seine ; Studio Diapason · 4 rue Marie Laure 92270 Bois Colombes · Photo de Studio Diapason ; Studios Malambo · 4 rue Marie salle_theatre  Location studio répétition en Hauts-de-seine - Pages Jaunes,,Location studio répétition en Hauts-de-seine - Pages Jaunes. Location studio répétition en Hauts-de-seine ; Studio Diapason · 4 rue Marie Laure 92270 Bois Colombes · Photo de Studio Diapason ; Studios Malambo · 4 rue Marie,78,2026-06-19,,,,,[],Location studio répétition en Hauts-de-seine - Pages Jaunes,location studio repetition en hauts de seine pages jaunes,,"['activité theatre +14', 'catégorie salle_theatre +18', 'preuve + théâtre', 'preuve + theatre', 'preuve + répétition', 'preuve + repetition', 'site web']",medium,src_https-www-pagesjaunes-fr-annuaire-de_a32f6c1060,web_search,https://www.pagesjaunes.fr/annuaire/departement/hauts-de-seine-92/location-studio-repetition,[],https://www.pagesjaunes.fr/annuaire/departement/hauts-de-seine-92/location-studio-repetition
10,"['dance', 'theatre']",,cand_salle-de-theatre-location-salle-repe_1aeb0b62aa,new,,salle_theatre,Hauts-de-Seine,35,[],,lesite.izyshow.com/fr/listings/2040369-salle-de-theatre,92,"Nous mettons à votre disposition un thétre de 200 m², comprenant un grand plateau de 56 m², une régie, ainsi que plusieurs espaces annexes, dont une loge conçue pour le rangement du matériel et la préparation des artistes. Je voudrais louer une salle pour des répétitions de thétre chaque semaine entre janvier et juillet, de 19h à 22h idéalement. Bonjour, la salle est-elle disponible tous les samedis du mois de mars toute la journée? Utilisez le bouton contacter sur la page, pas ce champ qui est fait pour les commentaires sur la salle. Pourriez-vous également m’indiquer les modalités de location (tarifs, disponibilités, conditions, etc.) et la marche à suivre pour réserver ? Je vous remercie par avance pour votre retour et reste à votre disposition pour toute information complémentaire. Bonsoir, je vous contacte pour un projet de danse, j'aimerais si possible réserver un créneau de 4 voir 5h le dimanche 7 décembre si cela est possible bien sûr, nous serons 8 danseurs ! Salle de théâtre - Location salle répétition spectacle | IZYSHOW. Nous mettons à votre disposition un thétre de 200 m², comprenant un grand plateau de 56 m², une régie, ainsi que plusieurs espaces annexes, dont une loge conçue pour le rangement du matériel et la préparation des artistes. Je voudrais louer une salle pour des répétitions de thétre chaque semaine entre janvier et juillet, de 19h à 22h idéalement. Bonjour, la salle est-elle disponible tous les samedis du mois de mars toute la journée? Utilisez le bouton contacter sur la page, pas ce champ qui est fait pour les commentaires sur la salle. Pourriez-vous également m’indiquer les modalités de location (tarifs, disponibilités, conditions, etc.) et la marche à suivre pour réserver ? Je vous remercie par avance pour votre retour et reste à votre disposition pour toute information complémentaire. Bonsoir, je vous contacte pour un projet de danse, j'aimerais si possible réserver un créneau de 4 voir 5h le dimanche 7 décembre si cela salle_theatre  Salle de théâtre - Location salle répétition spectacle | IZYSHOW",,"Salle de théâtre - Location salle répétition spectacle | IZYSHOW. Nous mettons à votre disposition un thétre de 200 m², comprenant un grand plateau de 56 m², une régie, ainsi que plusieurs espaces annexes, dont une loge conçue pour le rangement du matériel et la préparation des artistes. Je voudrais louer une salle pour des répétitions de thétre chaque semaine entre janvier et juillet, de 19h à 22h idéalement. Bonjour, la salle est-elle disponible tous les samedis du mois de mars toute la journée? Utilisez le bouton contacter sur la page, pas ce champ qui est fait pour les commentaires sur la salle. Pourriez-vous également m’indiquer les modalités de location (tarifs, disponibilités, conditions, etc.) et la marche à suivre pour réserver ? Je vous remercie par avance pour votre retour et reste à votre disposition pour toute information complémentaire. Bonsoir, je vous contacte pour un projet de danse, j'aimerais si possible réserver un créneau de 4 voir 5h le dimanche 7 décembre si cela",100,2026-06-19,,,,,[],Salle de théâtre - Location salle répétition spectacle | IZYSHOW,salle de theatre location salle repetition spectacle izyshow,,"['activité dance +18', 'activité theatre +14', 'catégorie salle_theatre +18', 'preuve + danse', 'preuve + théâtre', 'preuve + theatre', 'preuve + répétition', 'preuve + repetition', 'site web']",low,src_https-lesite-izyshow-com-fr-listings_92c8863c3b,web_search,https://lesite.izyshow.com/fr/listings/2040369-salle-de-theatre,[],https://lesite.izyshow.com/fr/listings/2040369-salle-de-theatre
10,['theatre'],,cand_venir-repeter-mpaa-maison-des-pratiq_dcf700a90d,new,,salle_theatre,Hauts-de-Seine,60,[],,mpaa.fr/salles-repetition,92,"**La MPAA met à la disposition des amateur·ices 19 salles de travail et de répétition réparties sur 4 sites.**. Avec des **espaces équipés**, des **tarifs accessibles**, et une **ouverture en soirée, le week-end et pendant les vacances scolaires**, la MPAA accompagne concrètement les groupes amateurs et associations du Grand Paris dans la réalisation de leurs projets artistiques. Afin d’accueillir une grande diversité de pratiques, mieux appréhender les besoins et favoriser la venue de nouveaux groupes, il existe **deux types d’accueil**:. * Accès **en journée en semaine uniquement**, les soirées et week-ends étant réservés à la pratique amateur. * **Tarifs particuliers pour les groupes professionnels : de 10 à 20 € / l'heure,** selon la superficie et les équipements. * **Tarifs** : de **3 à 8 € / l’heure** selon la superficie et les équipements des salles de répétition, **2 € / l'heure** pour la salle de M.A.O (équipée des logiciels GarageBand et Ableton Live 11). Venir répéter | MPAA - Maison des pratiques artistiques amateurs. **La MPAA met à la disposition des amateur·ices 19 salles de travail et de répétition réparties sur 4 sites.**. Avec des **espaces équipés**, des **tarifs accessibles**, et une **ouverture en soirée, le week-end et pendant les vacances scolaires**, la MPAA accompagne concrètement les groupes amateurs et associations du Grand Paris dans la réalisation de leurs projets artistiques. Afin d’accueillir une grande diversité de pratiques, mieux appréhender les besoins et favoriser la venue de nouveaux groupes, il existe **deux types d’accueil**:. * Accès **en journée en semaine uniquement**, les soirées et week-ends étant réservés à la pratique amateur. * **Tarifs particuliers pour les groupes professionnels : de 10 à 20 € / l'heure,** selon la superficie et les équipements. * **Tarifs** : de **3 à 8 € / l’heure** selon la superficie et les équipements des salles de répétition, **2 € / l'heure** pour la salle de M.A.O (équipée  salle_theatre  Venir répéter | MPAA - Maison des pratiques artistiques amateurs",,"Venir répéter | MPAA - Maison des pratiques artistiques amateurs. **La MPAA met à la disposition des amateur·ices 19 salles de travail et de répétition réparties sur 4 sites.**. Avec des **espaces équipés**, des **tarifs accessibles**, et une **ouverture en soirée, le week-end et pendant les vacances scolaires**, la MPAA accompagne concrètement les groupes amateurs et associations du Grand Paris dans la réalisation de leurs projets artistiques. Afin d’accueillir une grande diversité de pratiques, mieux appréhender les besoins et favoriser la venue de nouveaux groupes, il existe **deux types d’accueil**:. * Accès **en journée en semaine uniquement**, les soirées et week-ends étant réservés à la pratique amateur. * **Tarifs particuliers pour les groupes professionnels : de 10 à 20 € / l'heure,** selon la superficie et les équipements. * **Tarifs** : de **3 à 8 € / l’heure** selon la superficie et les équipements des salles de répétition, **2 € / l'heure** pour la salle de M.A.O (équipée ",78,2026-06-19,,,,,[],Venir répéter | MPAA - Maison des pratiques artistiques amateurs,venir repeter mpaa maison des pratiques artistiques amateurs,,"['activité theatre +14', 'catégorie salle_theatre +18', 'preuve + théâtre', 'preuve + theatre', 'preuve + répétition', 'preuve + repetition', 'site web']",medium,src_https-www-mpaa-fr-salles-repetition_7ace5d9736,web_search,https://www.mpaa.fr/salles-repetition,[],https://www.mpaa.fr/salles-repetition
10,['theatre'],,cand_location-de-studios-de-repetition-en_033bd2f46e,new,,salle_theatre,Seine-Saint-Denis,60,[],,pagesjaunes.fr/annuaire/departement/seine-saint-denis-93/location-de-studios-de-repetition,93,Auditorium De Saint Ouen · 5 sur Facebook (7 avis) ; Echoasis Production · 32 boulevard Ornano 93200 Saint Denis ; OMANI RECORDS · 5 rue Révolution 93100 Montreuil. Location de studios de répétition en Seine-saint-denis. Auditorium De Saint Ouen · 5 sur Facebook (7 avis) ; Echoasis Production · 32 boulevard Ornano 93200 Saint Denis ; OMANI RECORDS · 5 rue Révolution 93100 Montreuil. salle_theatre  Location de studios de répétition en Seine-saint-denis,,Location de studios de répétition en Seine-saint-denis. Auditorium De Saint Ouen · 5 sur Facebook (7 avis) ; Echoasis Production · 32 boulevard Ornano 93200 Saint Denis ; OMANI RECORDS · 5 rue Révolution 93100 Montreuil.,78,2026-06-19,,,,,[],Location de studios de répétition en Seine-saint-denis,location de studios de repetition en seine saint denis,,"['activité theatre +14', 'catégorie salle_theatre +18', 'preuve + théâtre', 'preuve + theatre', 'preuve + répétition', 'preuve + repetition', 'site web']",medium,src_https-www-pagesjaunes-fr-annuaire-de_355d857e8e,web_search,https://www.pagesjaunes.fr/annuaire/departement/seine-saint-denis-93/location-de-studios-de-repetition,[],https://www.pagesjaunes.fr/annuaire/departement/seine-saint-denis-93/location-de-studios-de-repetition
10,['theatre'],,cand_mc93-maison-de-la-culture-de-seine-s_667c33edbd,new,,salle_theatre,Seine-Saint-Denis,35,[],,locations.filmfrance.net/fr/location/mc93-maison-de-la-culture-de-seine-saint-denis-bobigny-salle-de-lecture,93,"93000 Bobigny, FR. Maison de la Culture de Seine-Saint-Denis salle de répétition, hall, restaurant, coulisses et espaces techniques, grill, MC93 - Maison de la Culture de Seine-Saint-Denis - Salle de .... 93000 Bobigny, FR. Maison de la Culture de Seine-Saint-Denis salle de répétition, hall, restaurant, coulisses et espaces techniques, grill, salle_theatre  MC93 - Maison de la Culture de Seine-Saint-Denis - Salle de ...",,"MC93 - Maison de la Culture de Seine-Saint-Denis - Salle de .... 93000 Bobigny, FR. Maison de la Culture de Seine-Saint-Denis salle de répétition, hall, restaurant, coulisses et espaces techniques, grill,",78,2026-06-19,,,,,[],MC93 - Maison de la Culture de Seine-Saint-Denis - Salle de ...,mc93 maison de la culture de seine saint denis salle de,,"['activité theatre +14', 'catégorie salle_theatre +18', 'preuve + théâtre', 'preuve + theatre', 'preuve + répétition', 'preuve + repetition', 'site web']",low,src_https-locations-filmfrance-net-fr-lo_d29cdb8414,web_search,https://locations.filmfrance.net/fr/location/mc93-maison-de-la-culture-de-seine-saint-denis-bobigny-salle-de-lecture,[],https://locations.filmfrance.net/fr/location/mc93-maison-de-la-culture-de-seine-saint-denis-bobigny-salle-de-lecture
10,['theatre'],,cand_les-espaces-du-theatre-mc93-maison-d_82d85bd149,new,,salle_theatre,Seine-Saint-Denis,35,[],,mc93.com/espaces,93,"et répétition, Un studio, Seine-Saint-Denis à Bobigny 9 boulevard Lénine 93000 Bobigny reservation@mc93.com 01 41 60 72 72 La Les espaces du théâtre | MC93 · Maison de la Culture de .... et répétition, Un studio, Seine-Saint-Denis à Bobigny 9 boulevard Lénine 93000 Bobigny reservation@mc93.com 01 41 60 72 72 La salle_theatre  Les espaces du théâtre | MC93 · Maison de la Culture de ...",,"Les espaces du théâtre | MC93 · Maison de la Culture de .... et répétition, Un studio, Seine-Saint-Denis à Bobigny 9 boulevard Lénine 93000 Bobigny reservation@mc93.com 01 41 60 72 72 La",78,2026-06-19,,,,,[],Les espaces du théâtre | MC93 · Maison de la Culture de ...,les espaces du theatre mc93 maison de la culture de,,"['activité theatre +14', 'catégorie salle_theatre +18', 'preuve + théâtre', 'preuve + theatre', 'preuve + répétition', 'preuve + repetition', 'site web']",low,src_https-www-mc93-com-espaces_db40811d1a,web_search,https://www.mc93.com/espaces,[],https://www.mc93.com/espaces
10,['theatre'],,cand_seine-saint-denis-93-mc93-salle-de-r_3989028151,new,,salle_theatre,Seine-Saint-Denis,35,[],,billetreduc.com/8536/salle.htm,93,"Située à Bobigny , cette salle de spectacle est l'endroit où la magie opère ! Avec ses 100 places, elle offre un espace idéal pour des performances variées. Des Seine-Saint-Denis (93) : Mc93 - Salle De Répétition. Située à Bobigny , cette salle de spectacle est l'endroit où la magie opère ! Avec ses 100 places, elle offre un espace idéal pour des performances variées. Des salle_theatre  Seine-Saint-Denis (93) : Mc93 - Salle De Répétition",,"Seine-Saint-Denis (93) : Mc93 - Salle De Répétition. Située à Bobigny , cette salle de spectacle est l'endroit où la magie opère ! Avec ses 100 places, elle offre un espace idéal pour des performances variées. Des",78,2026-06-19,,,,,[],Seine-Saint-Denis (93) : Mc93 - Salle De Répétition,seine saint denis 93 mc93 salle de repetition,,"['activité theatre +14', 'catégorie salle_theatre +18', 'preuve + théâtre', 'preuve + theatre', 'preuve + répétition', 'preuve + repetition', 'site web']",low,src_https-www-billetreduc-com-8536-salle_c8274dbec7,web_search,https://www.billetreduc.com/8536/salle.htm,[],https://www.billetreduc.com/8536/salle.htm
10,['theatre'],,cand_local-de-repetition-location-recherc_f95e28c4fc,new,,salle_theatre,Val-de-Marne,35,[],,spectable.com/creteil-94000/petites-annonces/local-de-repetition/n_2648-l_17826.php,94,"Beau hangar de 100m2 disponible en journée pour des répétitions de théâtre ou de musique. Possibilité de bénéficier du jardin (250m2), à deux pas du métro Local de répétition / Location, recherche à Créteil (94000) - Spectable. Beau hangar de 100m2 disponible en journée pour des répétitions de théâtre ou de musique. Possibilité de bénéficier du jardin (250m2), à deux pas du métro salle_theatre  Local de répétition / Location, recherche à Créteil (94000) - Spectable",,"Local de répétition / Location, recherche à Créteil (94000) - Spectable. Beau hangar de 100m2 disponible en journée pour des répétitions de théâtre ou de musique. Possibilité de bénéficier du jardin (250m2), à deux pas du métro",78,2026-06-19,,,,,[],"Local de répétition / Location, recherche à Créteil (94000) - Spectable",local de repetition location recherche a creteil 94000 spectable,,"['activité theatre +14', 'catégorie salle_theatre +18', 'preuve + théâtre', 'preuve + theatre', 'preuve + répétition', 'preuve + repetition', 'site web']",low,src_https-www-spectable-com-creteil-9400_e44231db9e,web_search,https://www.spectable.com/creteil-94000/petites-annonces/local-de-repetition/n_2648-l_17826.php,[],https://www.spectable.com/creteil-94000/petites-annonces/local-de-repetition/n_2648-l_17826.php
10,['theatre'],,cand_izyshow-la-plateforme-de-location-de_94c87d186a,new,,salle_theatre,Val-de-Marne,35,[],,lesite.izyshow.com,94,Location salle de répétitions théâtre au Pré-Saint-Gervais. 96 € / jour · La Prairie · Location à la journée: Location Salle de répétition à la Croix-Rousse IZYSHOW — La plateforme de location de salles de répétition. Location salle de répétitions théâtre au Pré-Saint-Gervais. 96 € / jour · La Prairie · Location à la journée: Location Salle de répétition à la Croix-Rousse salle_theatre  IZYSHOW — La plateforme de location de salles de répétition,,IZYSHOW — La plateforme de location de salles de répétition. Location salle de répétitions théâtre au Pré-Saint-Gervais. 96 € / jour · La Prairie · Location à la journée: Location Salle de répétition à la Croix-Rousse,78,2026-06-19,,,,,[],IZYSHOW — La plateforme de location de salles de répétition,izyshow la plateforme de location de salles de repetition,,"['activité theatre +14', 'catégorie salle_theatre +18', 'preuve + théâtre', 'preuve + theatre', 'preuve + répétition', 'preuve + repetition', 'site web']",low,src_https-lesite-izyshow-com-transaction_66d9283f16,web_search,https://lesite.izyshow.com?transaction_type=location-a-la-journee,[],https://lesite.izyshow.com?transaction_type=location-a-la-journee
10,['theatre'],,cand_studio-de-repetition-en-val-de-marne_0a98488f72,new,,salle_theatre,Val-de-Marne,60,[],,pagesjaunes.fr/annuaire/departement/val-de-marne-94/studio-de-repetition,94,Studio de répétition en Val-de-marne ; Solibo Music · 21 rue Bir Hakeim 94550 Chevilly Larue ; Studio Pulsar · 70 rue Paris 94340 Joinville le Pont ; STUDIO Studio de répétition en Val-de-marne - Pages Jaunes. Studio de répétition en Val-de-marne ; Solibo Music · 21 rue Bir Hakeim 94550 Chevilly Larue ; Studio Pulsar · 70 rue Paris 94340 Joinville le Pont ; STUDIO salle_theatre  Studio de répétition en Val-de-marne - Pages Jaunes,,Studio de répétition en Val-de-marne - Pages Jaunes. Studio de répétition en Val-de-marne ; Solibo Music · 21 rue Bir Hakeim 94550 Chevilly Larue ; Studio Pulsar · 70 rue Paris 94340 Joinville le Pont ; STUDIO,78,2026-06-19,,,,,[],Studio de répétition en Val-de-marne - Pages Jaunes,studio de repetition en val de marne pages jaunes,,"['activité theatre +14', 'catégorie salle_theatre +18', 'preuve + théâtre', 'preuve + theatre', 'preuve + répétition', 'preuve + repetition', 'site web']",medium,src_https-www-pagesjaunes-fr-annuaire-de_4fa6bf77c6,web_search,https://www.pagesjaunes.fr/annuaire/departement/val-de-marne-94/studio-de-repetition,[],https://www.pagesjaunes.fr/annuaire/departement/val-de-marne-94/studio-de-repetition
10,"['dance', 'theatre']",,cand_accompagnement-des-artistes-salles-d_ec1076980c,new,,salle_theatre,Val-de-Marne,60,[],,maisondequartier-reims.fr/salles-de-repetition-et-de-spectacle,94,"La salle de danse de l’espace Le Ludoval est mise à disposition des troupes de danse. Le **studio de la Maison de Quartier Clairmarais** (73 rue Alexandre Henrot) est mis à disposition des groupes membres du centre de ressources. Le **studio de la Maison de Quartier Orgeval** (1 place Simone de Beauvoir) est mis à disposition des groupes membres du centre de ressources. Le **studio de la Maison de Quartier Val de Murigny - Espace Turenne** (48 rue Turenne) est mis à disposition des groupes membres du centre de ressources. La **salle de spectacle de l’espace Le Ludoval** est composée d’un plateau de 20 m2 et d’un espace régie (en hauteur derrière le gradin). Pour l’**accueil du public**, un grand espace est mis à votre disposition, servant à la fois de point de vente et de contrôle pour la billetterie, et aussi de salle d’attente avec un espace bar. Les **artistes** pourront bénéficier d’une kitchenette pour le catering durant la mise à disposition de la salle. Accompagnement des artistes : Salles de répétition et de spectacle - Association des Maisons de quartier de Reims. La salle de danse de l’espace Le Ludoval est mise à disposition des troupes de danse. Le **studio de la Maison de Quartier Clairmarais** (73 rue Alexandre Henrot) est mis à disposition des groupes membres du centre de ressources. Le **studio de la Maison de Quartier Orgeval** (1 place Simone de Beauvoir) est mis à disposition des groupes membres du centre de ressources. Le **studio de la Maison de Quartier Val de Murigny - Espace Turenne** (48 rue Turenne) est mis à disposition des groupes membres du centre de ressources. La **salle de spectacle de l’espace Le Ludoval** est composée d’un plateau de 20 m2 et d’un espace régie (en hauteur derrière le gradin). Pour l’**accueil du public**, un grand espace est mis à votre disposition, servant à la fois de point de vente et de contrôle pour la billetterie, et aussi de salle d’attente avec un espace bar. Les **artistes** pourron salle_theatre  Accompagnement des artistes : Salles de répétition et de spectacle - Association des Maisons de quartier de Reims",,"Accompagnement des artistes : Salles de répétition et de spectacle - Association des Maisons de quartier de Reims. La salle de danse de l’espace Le Ludoval est mise à disposition des troupes de danse. Le **studio de la Maison de Quartier Clairmarais** (73 rue Alexandre Henrot) est mis à disposition des groupes membres du centre de ressources. Le **studio de la Maison de Quartier Orgeval** (1 place Simone de Beauvoir) est mis à disposition des groupes membres du centre de ressources. Le **studio de la Maison de Quartier Val de Murigny - Espace Turenne** (48 rue Turenne) est mis à disposition des groupes membres du centre de ressources. La **salle de spectacle de l’espace Le Ludoval** est composée d’un plateau de 20 m2 et d’un espace régie (en hauteur derrière le gradin). Pour l’**accueil du public**, un grand espace est mis à votre disposition, servant à la fois de point de vente et de contrôle pour la billetterie, et aussi de salle d’attente avec un espace bar. Les **artistes** pourron",100,2026-06-19,,,,,[],Accompagnement des artistes : Salles de répétition et de spectacle - Association des Maisons de quartier de Reims,accompagnement des artistes salles de repetition et de spectacle association des maisons de quartier de reims,,"['activité dance +18', 'activité theatre +14', 'catégorie salle_theatre +18', 'preuve + danse', 'preuve + théâtre', 'preuve + theatre', 'preuve + répétition', 'preuve + repetition', 'site web']",medium,src_http-www-maisondequartier-reims-fr-s_11dee2d837,web_search,http://www.maisondequartier-reims.fr/salles-de-repetition-et-de-spectacle,[],http://www.maisondequartier-reims.fr/salles-de-repetition-et-de-spectacle
10,"['dance', 'theatre']",,cand_local-de-repetition-location-recherc_0928b1cf69,new,,salle_theatre,Seine-et-Marne,35,[],,spectable.com/ivry-sur-seine-94200/petites-annonces/local-de-repetition/n_2648-l_17836.php,77,"Location Salle de répétition 100m2 le soir et weekend. Parc MontsourisParis 13 (75013). Location d'une très belle salle de 100m2 pour Répétition danse, théâtre Local de répétition / Location, recherche à Ivry sur Seine (94200). Location Salle de répétition 100m2 le soir et weekend. Parc MontsourisParis 13 (75013). Location d'une très belle salle de 100m2 pour Répétition danse, théâtre salle_theatre  Local de répétition / Location, recherche à Ivry sur Seine (94200)",,"Local de répétition / Location, recherche à Ivry sur Seine (94200). Location Salle de répétition 100m2 le soir et weekend. Parc MontsourisParis 13 (75013). Location d'une très belle salle de 100m2 pour Répétition danse, théâtre",100,2026-06-19,,,,,[],"Local de répétition / Location, recherche à Ivry sur Seine (94200)",local de repetition location recherche a ivry sur seine 94200,,"['activité dance +18', 'activité theatre +14', 'catégorie salle_theatre +18', 'preuve + danse', 'preuve + théâtre', 'preuve + theatre', 'preuve + répétition', 'preuve + repetition', 'site web']",low,src_https-www-spectable-com-ivry-sur-sei_45308c7ff1,web_search,https://www.spectable.com/ivry-sur-seine-94200/petites-annonces/local-de-repetition/n_2648-l_17836.php,[],https://www.spectable.com/ivry-sur-seine-94200/petites-annonces/local-de-repetition/n_2648-l_17836.php
10,['theatre'],,cand_studio-d-enregistrement-de-repetitio_81a2545b6d,new,,salle_theatre,Seine-et-Marne,35,[],,"easyzic.com/annuaire/etablissements/meaux-chelles-melun-pontault-combault-champs-sur-marne-savigny-le-temp,l77.html",77,"61 Studio d'enregistrement / de répétition sur Meaux, Chelles, Melun, Pontault-Combault, Champs-sur-Marne, Savigny-le-Temple, Torcy, Villeparisis, Studio d'enregistrement / de répétition - Seine-et-Marne (77) - EasyZic. 61 Studio d'enregistrement / de répétition sur Meaux, Chelles, Melun, Pontault-Combault, Champs-sur-Marne, Savigny-le-Temple, Torcy, Villeparisis, salle_theatre  Studio d'enregistrement / de répétition - Seine-et-Marne (77) - EasyZic",,"Studio d'enregistrement / de répétition - Seine-et-Marne (77) - EasyZic. 61 Studio d'enregistrement / de répétition sur Meaux, Chelles, Melun, Pontault-Combault, Champs-sur-Marne, Savigny-le-Temple, Torcy, Villeparisis,",78,2026-06-19,,,,,[],Studio d'enregistrement / de répétition - Seine-et-Marne (77) - EasyZic,studio d enregistrement de repetition seine et marne 77 easyzic,,"['activité theatre +14', 'catégorie salle_theatre +18', 'preuve + théâtre', 'preuve + theatre', 'preuve + répétition', 'preuve + repetition', 'site web']",low,src_https-www-easyzic-com-annuaire-etabl_257d202c67,web_search,"https://www.easyzic.com/annuaire/etablissements/meaux-chelles-melun-pontault-combault-champs-sur-marne-savigny-le-temp,l77.html?id_libelle=60",[],"https://www.easyzic.com/annuaire/etablissements/meaux-chelles-melun-pontault-combault-champs-sur-marne-savigny-le-temp,l77.html?id_libelle=60"
10,['theatre'],,cand_studios-de-repetitions-accueil-la-ka_38ae8bdc79,new,,salle_theatre,Yvelines,35,[],,lakab.org/studios-de-repetitions-yvelines,78,"Les studios de répétition peuvent être loués à l'heure dans la limite des créneaux disponibles. Groupe adhérent, 12€/heure. Groupe non adhérent, 18€/heure. Studios de répétitions - - Accueil La KAB' -. Les studios de répétition peuvent être loués à l'heure dans la limite des créneaux disponibles. Groupe adhérent, 12€/heure. Groupe non adhérent, 18€/heure. salle_theatre  Studios de répétitions - - Accueil La KAB' -",,"Studios de répétitions - - Accueil La KAB' -. Les studios de répétition peuvent être loués à l'heure dans la limite des créneaux disponibles. Groupe adhérent, 12€/heure. Groupe non adhérent, 18€/heure.",78,2026-06-19,,,,,[],Studios de répétitions - - Accueil La KAB' -,studios de repetitions accueil la kab,,"['activité theatre +14', 'catégorie salle_theatre +18', 'preuve + théâtre', 'preuve + theatre', 'preuve + répétition', 'preuve + repetition', 'site web']",low,src_https-lakab-org-studios-de-repetitio_beaa1d2970,web_search,https://lakab.org/studios-de-repetitions-yvelines,[],https://lakab.org/studios-de-repetitions-yvelines
10,['theatre'],,cand_studio-d-enregistrement-yvelines-du-_3e5668e367,new,,salle_theatre,Yvelines,35,[],,lavoixenscene.com/location-studios,78,"# Des studios d'enregistrement dans le 78 pour un EP ou pour répéter avec son groupe. Vous cherchez un studio **pour enregistrer ou répéter avec votre groupe dans les Yvelines** ? Enregistrement studio avec une qualité pro, **possibilité d’un ingénieur du son** pour vous accompagner. Louer un studio de répétition ou d'enregistrement dans les yvelines. Que vous soyez en groupe ou en solo, trouvez votre espace de répétition musique et donnez vie à votre projet ! Grace à un espace de 20 m² (une cabine de 4m² et un studio de 16 m²) uniquement dédiés à l’enregistrement, vous disposez d’un **environnement sur-mesure** pour votre projet. * des **supports de haute qualité** : mixage son, enregistrement de maquette voix, voix off, enregistrement instrument et voix en cabine…. Out of these cookies, the cookies that are categorized as necessary are stored on your browser as they are essential for the working of basic functionalities of the website. Studio d'enregistrement Yvelines - Du bon son, du mix, du style ✨. # Des studios d'enregistrement dans le 78 pour un EP ou pour répéter avec son groupe. Vous cherchez un studio **pour enregistrer ou répéter avec votre groupe dans les Yvelines** ? Enregistrement studio avec une qualité pro, **possibilité d’un ingénieur du son** pour vous accompagner. Louer un studio de répétition ou d'enregistrement dans les yvelines. Que vous soyez en groupe ou en solo, trouvez votre espace de répétition musique et donnez vie à votre projet ! Grace à un espace de 20 m² (une cabine de 4m² et un studio de 16 m²) uniquement dédiés à l’enregistrement, vous disposez d’un **environnement sur-mesure** pour votre projet. * des **supports de haute qualité** : mixage son, enregistrement de maquette voix, voix off, enregistrement instrument et voix en cabine…. Out of these cookies, the cookies that are categorized as necessary are stored on your browser as they are essential for the working of basic functionaliti salle_theatre  Studio d'enregistrement Yvelines - Du bon son, du mix, du style ✨",,"Studio d'enregistrement Yvelines - Du bon son, du mix, du style ✨. # Des studios d'enregistrement dans le 78 pour un EP ou pour répéter avec son groupe. Vous cherchez un studio **pour enregistrer ou répéter avec votre groupe dans les Yvelines** ? Enregistrement studio avec une qualité pro, **possibilité d’un ingénieur du son** pour vous accompagner. Louer un studio de répétition ou d'enregistrement dans les yvelines. Que vous soyez en groupe ou en solo, trouvez votre espace de répétition musique et donnez vie à votre projet ! Grace à un espace de 20 m² (une cabine de 4m² et un studio de 16 m²) uniquement dédiés à l’enregistrement, vous disposez d’un **environnement sur-mesure** pour votre projet. * des **supports de haute qualité** : mixage son, enregistrement de maquette voix, voix off, enregistrement instrument et voix en cabine…. Out of these cookies, the cookies that are categorized as necessary are stored on your browser as they are essential for the working of basic functionaliti",78,2026-06-19,,,,,[],"Studio d'enregistrement Yvelines - Du bon son, du mix, du style ✨",studio d enregistrement yvelines du bon son du mix du style,,"['activité theatre +14', 'catégorie salle_theatre +18', 'preuve + théâtre', 'preuve + theatre', 'preuve + répétition', 'preuve + repetition', 'site web']",low,src_https-lavoixenscene-com-location-stu_f47c0a7045,web_search,https://lavoixenscene.com/location-studios,[],https://lavoixenscene.com/location-studios
10,['theatre'],,cand_location-studio-repetition-en-yvelin_eabcfc1d9b,new,,salle_theatre,Yvelines,60,[],,pagesjaunes.fr/annuaire/departement/yvelines-78/location-studio-repetition,78,Gam Studio Productions · 21 route Houdan 78113 Bourdonné ; Philippe Duperray · 6 rue Aulnes 78120 Rambouillet ; Le Barde Atomique · 61 rue Fontenelles 78920 Location studio répétition en Yvelines - Pages Jaunes. Gam Studio Productions · 21 route Houdan 78113 Bourdonné ; Philippe Duperray · 6 rue Aulnes 78120 Rambouillet ; Le Barde Atomique · 61 rue Fontenelles 78920 salle_theatre  Location studio répétition en Yvelines - Pages Jaunes,,Location studio répétition en Yvelines - Pages Jaunes. Gam Studio Productions · 21 route Houdan 78113 Bourdonné ; Philippe Duperray · 6 rue Aulnes 78120 Rambouillet ; Le Barde Atomique · 61 rue Fontenelles 78920,78,2026-06-19,,,,,[],Location studio répétition en Yvelines - Pages Jaunes,location studio repetition en yvelines pages jaunes,,"['activité theatre +14', 'catégorie salle_theatre +18', 'preuve + théâtre', 'preuve + theatre', 'preuve + répétition', 'preuve + repetition', 'site web']",medium,src_https-www-pagesjaunes-fr-annuaire-de_c274e9e5df,web_search,https://www.pagesjaunes.fr/annuaire/departement/yvelines-78/location-studio-repetition,[],https://www.pagesjaunes.fr/annuaire/departement/yvelines-78/location-studio-repetition
10,['theatre'],,cand_location-de-studios-de-repetition-en_cb71cf1caf,new,,salle_theatre,Essonne,60,[],,pagesjaunes.fr/annuaire/departement/essonne-91/location-de-studios-de-repetition,91,Location de studios de répétition en Essonne ・ 8 rue Fond des Prés 91460 Marcoussis ・ bât A 19 rue St Nicolas 91100 Corbeil Essonnes ・ 2 square Fréjus 91300 Location de studios de répétition en Essonne - Pages Jaunes. Location de studios de répétition en Essonne ・ 8 rue Fond des Prés 91460 Marcoussis ・ bât A 19 rue St Nicolas 91100 Corbeil Essonnes ・ 2 square Fréjus 91300 salle_theatre  Location de studios de répétition en Essonne - Pages Jaunes,,Location de studios de répétition en Essonne - Pages Jaunes. Location de studios de répétition en Essonne ・ 8 rue Fond des Prés 91460 Marcoussis ・ bât A 19 rue St Nicolas 91100 Corbeil Essonnes ・ 2 square Fréjus 91300,78,2026-06-19,,,,,[],Location de studios de répétition en Essonne - Pages Jaunes,location de studios de repetition en essonne pages jaunes,,"['activité theatre +14', 'catégorie salle_theatre +18', 'preuve + théâtre', 'preuve + theatre', 'preuve + répétition', 'preuve + repetition', 'site web']",medium,src_https-www-pagesjaunes-fr-annuaire-de_eb00026a9a,web_search,https://www.pagesjaunes.fr/annuaire/departement/essonne-91/location-de-studios-de-repetition,[],https://www.pagesjaunes.fr/annuaire/departement/essonne-91/location-de-studios-de-repetition
10,['theatre'],,cand_local-de-repetition-location-recherc_a6bd878184,new,,salle_theatre,Essonne,35,[],,spectable.com/massy-91300/petites-annonces/local-de-repetition/n_2648-l_17598.php,91,"La Compagnie de théâtre L'Équinoxe de Printemps cherche une salle de répétition les jeudis soirs de 19h à 22h de Octobre 2025 à Juin 2026. Il s'agirait de Local de répétition / Location, recherche à Massy (91300) - Spectable. La Compagnie de théâtre L'Équinoxe de Printemps cherche une salle de répétition les jeudis soirs de 19h à 22h de Octobre 2025 à Juin 2026. Il s'agirait de salle_theatre  Local de répétition / Location, recherche à Massy (91300) - Spectable",,"Local de répétition / Location, recherche à Massy (91300) - Spectable. La Compagnie de théâtre L'Équinoxe de Printemps cherche une salle de répétition les jeudis soirs de 19h à 22h de Octobre 2025 à Juin 2026. Il s'agirait de",78,2026-06-19,,,,,[],"Local de répétition / Location, recherche à Massy (91300) - Spectable",local de repetition location recherche a massy 91300 spectable,,"['activité theatre +14', 'catégorie salle_theatre +18', 'preuve + théâtre', 'preuve + theatre', 'preuve + répétition', 'preuve + repetition', 'site web']",low,src_https-www-spectable-com-massy-91300-_9602400a6e,web_search,https://www.spectable.com/massy-91300/petites-annonces/local-de-repetition/n_2648-l_17598.php,[],https://www.spectable.com/massy-91300/petites-annonces/local-de-repetition/n_2648-l_17598.php
10,['theatre'],,cand_studios-de-repetition-associatifs-es_793123c12b,new,,salle_theatre,Essonne,35,[],,accordmajeur.org,91,":accord majeur: est une association musicale à but non lucratif, basée à Sainte-Geneviève-des-Bois dans l’Essonne, créée en 2016 par un groupe d’amis musiciens. Son idée est née du besoin d’avoir un endroit convivial pour jouer de la musique, et de l’envie de partager notre passion. Nous sommes résidents de La Piscine d'en face, pépinière multi-activités née de la reconversion de l’ancienne piscine municipale de la ville en lieu collaboratif. Cette structure est la première de ce type en Essonne, où se côtoient associations, artisans et micro-entrepreneurs dans un esprit de partage. * Les studios de répétition : nous exploitons 3 studios entièrement équipés, ainsi qu'un petit studio pour les cours de musique et chant, disponibles à la location pour les adhérents de l'association. * Les actions solidaires : favoriser l'accès à la pratique musicale, dans une dimension sociale, culturelle et citoyenne. Le fonctionnement de l'association et des studios repose entièrement sur le bénévolat de ses membres. Studios de répétition associatifs | Essonne | Accord Majeur. :accord majeur: est une association musicale à but non lucratif, basée à Sainte-Geneviève-des-Bois dans l’Essonne, créée en 2016 par un groupe d’amis musiciens. Son idée est née du besoin d’avoir un endroit convivial pour jouer de la musique, et de l’envie de partager notre passion. Nous sommes résidents de La Piscine d'en face, pépinière multi-activités née de la reconversion de l’ancienne piscine municipale de la ville en lieu collaboratif. Cette structure est la première de ce type en Essonne, où se côtoient associations, artisans et micro-entrepreneurs dans un esprit de partage. * Les studios de répétition : nous exploitons 3 studios entièrement équipés, ainsi qu'un petit studio pour les cours de musique et chant, disponibles à la location pour les adhérents de l'association. * Les actions solidaires : favoriser l'accès à la pratique musicale, dans une dimension sociale, culturelle et citoyenne. Le fonctionnement de l'ass salle_theatre  Studios de répétition associatifs | Essonne | Accord Majeur",,"Studios de répétition associatifs | Essonne | Accord Majeur. :accord majeur: est une association musicale à but non lucratif, basée à Sainte-Geneviève-des-Bois dans l’Essonne, créée en 2016 par un groupe d’amis musiciens. Son idée est née du besoin d’avoir un endroit convivial pour jouer de la musique, et de l’envie de partager notre passion. Nous sommes résidents de La Piscine d'en face, pépinière multi-activités née de la reconversion de l’ancienne piscine municipale de la ville en lieu collaboratif. Cette structure est la première de ce type en Essonne, où se côtoient associations, artisans et micro-entrepreneurs dans un esprit de partage. * Les studios de répétition : nous exploitons 3 studios entièrement équipés, ainsi qu'un petit studio pour les cours de musique et chant, disponibles à la location pour les adhérents de l'association. * Les actions solidaires : favoriser l'accès à la pratique musicale, dans une dimension sociale, culturelle et citoyenne. Le fonctionnement de l'ass",78,2026-06-19,,,,,[],Studios de répétition associatifs | Essonne | Accord Majeur,studios de repetition associatifs essonne accord majeur,,"['activité theatre +14', 'catégorie salle_theatre +18', 'preuve + théâtre', 'preuve + theatre', 'preuve + répétition', 'preuve + repetition', 'site web']",low,src_https-www-accordmajeur-org_13219ec0a7,web_search,https://www.accordmajeur.org,[],https://www.accordmajeur.org
10,['theatre'],,cand_covent-garden-eragny-studio-pour-les_7c70457216,new,,salle_theatre,Val-d'Oise,60,[],,covent-garden-eragny.fr,95,Salle de concert · Contact · 01 85 53 02 85. Besoin de renseignements ! Contactez-nous. Studio de répétition et salle de concert à Eragny (Val d'Oise). Qu'il s Covent garden Eragny | Studio pour les projets musicaux Cergy. Salle de concert · Contact · 01 85 53 02 85. Besoin de renseignements ! Contactez-nous. Studio de répétition et salle de concert à Eragny (Val d'Oise). Qu'il s salle_theatre  Covent garden Eragny | Studio pour les projets musicaux Cergy,,Covent garden Eragny | Studio pour les projets musicaux Cergy. Salle de concert · Contact · 01 85 53 02 85. Besoin de renseignements ! Contactez-nous. Studio de répétition et salle de concert à Eragny (Val d'Oise). Qu'il s,78,2026-06-19,,,,,[],Covent garden Eragny | Studio pour les projets musicaux Cergy,covent garden eragny studio pour les projets musicaux cergy,,"['activité theatre +14', 'catégorie salle_theatre +18', 'preuve + théâtre', 'preuve + theatre', 'preuve + répétition', 'preuve + repetition', 'site web']",medium,src_https-www-covent-garden-eragny-fr_7668c73737,web_search,https://www.covent-garden-eragny.fr,[],https://www.covent-garden-eragny.fr
10,['theatre'],,cand_salle-de-repetition-theatre-artistic_aab05dc415,new,,salle_theatre,Val-d'Oise,35,[],,artistictheatre.com/salle-repetition,95,"**Vous êtes une compagnie ou un thétre,** montez un spectacle et souhaitez répéter ou organiser des auditions dans de bonnes conditions au cœur de Paris ? **Vous organisez des stages** et souhaitez disposer d’une salle toute la journée ? Notre spécificité reste la location longue durée pour des répétitions de thétre : il est possible d’installer un décor et d’avoir une utilisation exclusive de la salle pendant toute la durée de votre location avec des conditions financières adaptées. **La grande loge** de l’Artistic (18m2) peut être ouverte à des rencontres plus confidentielles : entretien, casting, rendez-vous professionnel…Enfin, à deux pas du métro Saint-Paul, la **Galerie78** accueillera dans ses 15m2 (et sa jolie vitrine sur la rue) expositions, séances de dédicace, ventes éphémères, dans un quartier particulièrement animé et prisé. Tandis que la **Galerie40**, voisine de l’Artistic, offrira ses murs blancs, son espace plus contemporain (20m2) et sa grande surface vitrée, à des événements, performances ou installations éphémères. Salle de repetition - Théâtre Artistic Athévains. **Vous êtes une compagnie ou un thétre,** montez un spectacle et souhaitez répéter ou organiser des auditions dans de bonnes conditions au cœur de Paris ? **Vous organisez des stages** et souhaitez disposer d’une salle toute la journée ? Notre spécificité reste la location longue durée pour des répétitions de thétre : il est possible d’installer un décor et d’avoir une utilisation exclusive de la salle pendant toute la durée de votre location avec des conditions financières adaptées. **La grande loge** de l’Artistic (18m2) peut être ouverte à des rencontres plus confidentielles : entretien, casting, rendez-vous professionnel…Enfin, à deux pas du métro Saint-Paul, la **Galerie78** accueillera dans ses 15m2 (et sa jolie vitrine sur la rue) expositions, séances de dédicace, ventes éphémères, dans un quartier particulièrement animé et prisé. Tandis que la **Galerie40**, voisine de l’Artistic, offrira ses murs blancs, son espace plus contemp salle_theatre  Salle de repetition - Théâtre Artistic Athévains",,"Salle de repetition - Théâtre Artistic Athévains. **Vous êtes une compagnie ou un thétre,** montez un spectacle et souhaitez répéter ou organiser des auditions dans de bonnes conditions au cœur de Paris ? **Vous organisez des stages** et souhaitez disposer d’une salle toute la journée ? Notre spécificité reste la location longue durée pour des répétitions de thétre : il est possible d’installer un décor et d’avoir une utilisation exclusive de la salle pendant toute la durée de votre location avec des conditions financières adaptées. **La grande loge** de l’Artistic (18m2) peut être ouverte à des rencontres plus confidentielles : entretien, casting, rendez-vous professionnel…Enfin, à deux pas du métro Saint-Paul, la **Galerie78** accueillera dans ses 15m2 (et sa jolie vitrine sur la rue) expositions, séances de dédicace, ventes éphémères, dans un quartier particulièrement animé et prisé. Tandis que la **Galerie40**, voisine de l’Artistic, offrira ses murs blancs, son espace plus contemp",78,2026-06-19,,,,,[],Salle de repetition - Théâtre Artistic Athévains,salle de repetition theatre artistic athevains,,"['activité theatre +14', 'catégorie salle_theatre +18', 'preuve + théâtre', 'preuve + theatre', 'preuve + répétition', 'preuve + repetition', 'site web']",low,src_https-artistictheatre-com-salle-repe_f3031ae964,web_search,https://artistictheatre.com/salle-repetition,[],https://artistictheatre.com/salle-repetition
10,['theatre'],,cand_local-de-repetition-location-recherc_150ffd7a4f,new,,salle_theatre,Val-d'Oise,60,[],,spectable.com/franconville-95130/petites-annonces/local-de-repetition/n_2648-l_17890.php,95,"Je propose un local de 50m2 avec mezzanine équipé coin cuisine, avec wc, douche, pour répétitions musique, théatre, cours, photos, castings, stages et tournages Local de répétition / Location, recherche à Franconville (95130). Je propose un local de 50m2 avec mezzanine équipé coin cuisine, avec wc, douche, pour répétitions musique, théatre, cours, photos, castings, stages et tournages salle_theatre  Local de répétition / Location, recherche à Franconville (95130)",,"Local de répétition / Location, recherche à Franconville (95130). Je propose un local de 50m2 avec mezzanine équipé coin cuisine, avec wc, douche, pour répétitions musique, théatre, cours, photos, castings, stages et tournages",78,2026-06-19,,,,,[],"Local de répétition / Location, recherche à Franconville (95130)",local de repetition location recherche a franconville 95130,,"['activité theatre +14', 'catégorie salle_theatre +18', 'preuve + théâtre', 'preuve + theatre', 'preuve + répétition', 'preuve + repetition', 'site web']",medium,src_https-www-spectable-com-franconville_bf9888249a,web_search,https://www.spectable.com/franconville-95130/petites-annonces/local-de-repetition/n_2648-l_17890.php,[],https://www.spectable.com/franconville-95130/petites-annonces/local-de-repetition/n_2648-l_17890.php
10,"['bodywork', 'meditation']",,cand_location-de-salles-bien-etre-paris-7_4c17afd120,new,,centre_bien_etre,Paris,60,[],,omvida.fr/reservation-salles,75,"Louez un espace bien-être à Paris 7e : salle collective, cabine de soins, massages, espace de méditation. Réservation flexible 24h/24, 7j/7, à l'heure ou au Location de salles bien-être Paris 7e | OMVIDA. Louez un espace bien-être à Paris 7e : salle collective, cabine de soins, massages, espace de méditation. Réservation flexible 24h/24, 7j/7, à l'heure ou au centre_bien_etre  Location de salles bien-être Paris 7e | OMVIDA",,"Location de salles bien-être Paris 7e | OMVIDA. Louez un espace bien-être à Paris 7e : salle collective, cabine de soins, massages, espace de méditation. Réservation flexible 24h/24, 7j/7, à l'heure ou au",78,2026-06-19,,,,,[],Location de salles bien-être Paris 7e | OMVIDA,location de salles bien etre paris 7e omvida,,"['activité bodywork +14', 'activité meditation +10', 'catégorie centre_bien_etre +16', 'preuve + méditation', 'preuve + meditation', 'site web']",medium,src_https-www-omvida-fr-reservation-sall_a085bace74,web_search,https://www.omvida.fr/reservation-salles,[],https://www.omvida.fr/reservation-salles
10,['bodywork'],,cand_louer-une-salle-pour-activites-de-lo_2c3e2945d8,new,,centre_bien_etre,Paris,35,[],,le8petion.com/location-salle-loisir-paris,75,"Le 8 Petion – Espace sur mesure à Paris 11 : formations, ateliers, séminaires · Bien-être et zénitude pour vos activités de détente Louer une salle pour activités de loisirs à Paris - Le 8 Petion. Le 8 Petion – Espace sur mesure à Paris 11 : formations, ateliers, séminaires · Bien-être et zénitude pour vos activités de détente centre_bien_etre  Louer une salle pour activités de loisirs à Paris - Le 8 Petion",,"Louer une salle pour activités de loisirs à Paris - Le 8 Petion. Le 8 Petion – Espace sur mesure à Paris 11 : formations, ateliers, séminaires · Bien-être et zénitude pour vos activités de détente",60,2026-06-19,,,,,[],Louer une salle pour activités de loisirs à Paris - Le 8 Petion,louer une salle pour activites de loisirs a paris le 8 petion,,"['activité bodywork +14', 'catégorie centre_bien_etre +16', 'site web']",low,src_https-le8petion-com-location-salle-l_3ef3cf5584,web_search,https://le8petion.com/location-salle-loisir-paris,[],https://le8petion.com/location-salle-loisir-paris
10,['bodywork'],,cand_espace-bien-etre-paris-14-yogmee_4a7d32caaa,new,,centre_bien_etre,Paris,60,[],,yogmee.fr/salles/espace-bien-etre-paris-14,75,Coordonnées. Gestionnaire Mme GRADEL. Téléphone 0681434891. Courriel confiance-detente@live.fr. Site internet https://www.votre-bien-etre.fr. Adresse. ESPACE BIEN ETRE PARIS 14 - YogMee. Coordonnées. Gestionnaire Mme GRADEL. Téléphone 0681434891. Courriel confiance-detente@live.fr. Site internet https://www.votre-bien-etre.fr. Adresse. centre_bien_etre  ESPACE BIEN ETRE PARIS 14 - YogMee,,ESPACE BIEN ETRE PARIS 14 - YogMee. Coordonnées. Gestionnaire Mme GRADEL. Téléphone 0681434891. Courriel confiance-detente@live.fr. Site internet https://www.votre-bien-etre.fr. Adresse.,60,2026-06-19,,,,,[],ESPACE BIEN ETRE PARIS 14 - YogMee,espace bien etre paris 14 yogmee,,"['activité bodywork +14', 'catégorie centre_bien_etre +16', 'site web']",medium,src_https-www-yogmee-fr-salles-espace-bi_6ca13763b3,web_search,https://www.yogmee.fr/salles/espace-bien-etre-paris-14,[],https://www.yogmee.fr/salles/espace-bien-etre-paris-14
10,['bodywork'],,cand_location-de-salle-hauts-de-seine-abc_cb794cb3cc,new,,centre_bien_etre,Hauts-de-Seine,35,[],,abcsalles.com/location-de-salle-2_hauts-de-seine_d.html,92,"# Location de salle Hauts-de-Seine. ABC Salles vous aide pour la location de salle dans les Hauts-de-Seine (92). Trouvez également votre salle à louer idéale pour tout type d'événement privé ou professionnel en Ile-de-France. Découvrez La Maison des Arts, un lieu d'exception au cœur du Plessis-Robinson, idéal pour vos événements professionnels. Plusieurs espaces dans cet endroit offrent une grande flexibilité pour créer diverses ambiances et répondre aux besoins spécifiques de chaque événement.Avec un patio, vous pouvez profiter d'un espace extérieur convivial où les invités peuvent se détendre et profiter du plein air, idéal pour des cocktails ou des moments de détente lors de la fête. La Demeure ayant accueilli Aimé Césaire dans les années 50, ainsi qu’un salon littéraire où passaient, entre autres, Proust, Léon Blum et Saint-Exupéry dans les années 30, aujourd'hui elle revit à travers vos événements.Avec un spacieux jardin de 1 500 m², 2 grandes terrasses couvertes disposant de tout le confort nécessaire, ainsi qu'un rez-de-jardin en mode clubbing et réception, tout y est pour passer de bons moments festifs avec vos invités.Pas de limite de volume de son en intérieur, un lieu vraiment parfait pour profiter avec vos convives en toute sérénité. Location de salle Hauts-de-Seine — ABC Salles. # Location de salle Hauts-de-Seine. ABC Salles vous aide pour la location de salle dans les Hauts-de-Seine (92). Trouvez également votre salle à louer idéale pour tout type d'événement privé ou professionnel en Ile-de-France. Découvrez La Maison des Arts, un lieu d'exception au cœur du Plessis-Robinson, idéal pour vos événements professionnels. Plusieurs espaces dans cet endroit offrent une grande flexibilité pour créer diverses ambiances et répondre aux besoins spécifiques de chaque événement.Avec un patio, vous pouvez profiter d'un espace extérieur convivial où les invités peuvent se détendre et profiter du plein air, idéal pour des cocktails ou des moments de détente lors de la fête. La Demeure ayant accueilli Aimé Césaire dans les années 50, ainsi qu’un salon littéraire où passaient, entre autres, Proust, Léon Blum et Saint-Exupéry dans les années 30, aujourd'hui elle revit à travers vos événements.Avec un spacieux jardin de 1 500 m²,  centre_bien_etre  Location de salle Hauts-de-Seine — ABC Salles",,"Location de salle Hauts-de-Seine — ABC Salles. # Location de salle Hauts-de-Seine. ABC Salles vous aide pour la location de salle dans les Hauts-de-Seine (92). Trouvez également votre salle à louer idéale pour tout type d'événement privé ou professionnel en Ile-de-France. Découvrez La Maison des Arts, un lieu d'exception au cœur du Plessis-Robinson, idéal pour vos événements professionnels. Plusieurs espaces dans cet endroit offrent une grande flexibilité pour créer diverses ambiances et répondre aux besoins spécifiques de chaque événement.Avec un patio, vous pouvez profiter d'un espace extérieur convivial où les invités peuvent se détendre et profiter du plein air, idéal pour des cocktails ou des moments de détente lors de la fête. La Demeure ayant accueilli Aimé Césaire dans les années 50, ainsi qu’un salon littéraire où passaient, entre autres, Proust, Léon Blum et Saint-Exupéry dans les années 30, aujourd'hui elle revit à travers vos événements.Avec un spacieux jardin de 1 500 m², ",52,2026-06-19,,,,,[],Location de salle Hauts-de-Seine — ABC Salles,location de salle hauts de seine abc salles,,"['activité bodywork +14', 'catégorie centre_bien_etre +16', 'preuve - réception', 'site web']",low,src_https-www-abcsalles-com-location-de-_938eb4a4e0,web_search,https://www.abcsalles.com/location-de-salle-2_hauts-de-seine_d.html,[],https://www.abcsalles.com/location-de-salle-2_hauts-de-seine_d.html
10,['bodywork'],,cand_location-de-salle-dans-les-hauts-de-_ddb7be1130,new,,centre_bien_etre,Hauts-de-Seine,35,[],,1001salles.com/location-de-salle-2-hauts-de-seine-d.html,92,"129 résultat(s) - Location de salle dans les Hauts-de-Seine (92). # Location de salle dans les Hauts-de-Seine (92). Vous organisez actuellement un événement important, vous souhaitez vous procurer une location de salle qui se situe dans votre zone géographique (Ile de France, Seine et Marne), qui soit à la hauteur de vos exigences, et qui vous permette de ravir vos invités ? Ne vous lancez pas dans cette recherche sans vous faire seconder : de nos jours, le marché des lieux de réception est plutôt grand, il est préférable de se fier à de vrais experts de ce secteur. Comparez en quelques clics les différents lieux disponibles, pour dénicher la solution la plus intéressante, concernant votre Location de salle en Ile de France, ou dans le département Seine et Marne. Location de salle : Ancien relais de chasse du Chteau de Marly, le Manoir Loft 92 est un lieu de caractère situé à Nanterre, à quelques minutes de Paris. Location de salle dans les Hauts-de-Seine (92) - 1001 Salles. 129 résultat(s) - Location de salle dans les Hauts-de-Seine (92). # Location de salle dans les Hauts-de-Seine (92). Vous organisez actuellement un événement important, vous souhaitez vous procurer une location de salle qui se situe dans votre zone géographique (Ile de France, Seine et Marne), qui soit à la hauteur de vos exigences, et qui vous permette de ravir vos invités ? Ne vous lancez pas dans cette recherche sans vous faire seconder : de nos jours, le marché des lieux de réception est plutôt grand, il est préférable de se fier à de vrais experts de ce secteur. Comparez en quelques clics les différents lieux disponibles, pour dénicher la solution la plus intéressante, concernant votre Location de salle en Ile de France, ou dans le département Seine et Marne. Location de salle : Ancien relais de chasse du Chteau de Marly, le Manoir Loft 92 est un lieu de caractère situé à Nanterre, à quelques minutes de Paris. centre_bien_etre  Location de salle dans les Hauts-de-Seine (92) - 1001 Salles",,"Location de salle dans les Hauts-de-Seine (92) - 1001 Salles. 129 résultat(s) - Location de salle dans les Hauts-de-Seine (92). # Location de salle dans les Hauts-de-Seine (92). Vous organisez actuellement un événement important, vous souhaitez vous procurer une location de salle qui se situe dans votre zone géographique (Ile de France, Seine et Marne), qui soit à la hauteur de vos exigences, et qui vous permette de ravir vos invités ? Ne vous lancez pas dans cette recherche sans vous faire seconder : de nos jours, le marché des lieux de réception est plutôt grand, il est préférable de se fier à de vrais experts de ce secteur. Comparez en quelques clics les différents lieux disponibles, pour dénicher la solution la plus intéressante, concernant votre Location de salle en Ile de France, ou dans le département Seine et Marne. Location de salle : Ancien relais de chasse du Chteau de Marly, le Manoir Loft 92 est un lieu de caractère situé à Nanterre, à quelques minutes de Paris.",52,2026-06-19,,,,,[],Location de salle dans les Hauts-de-Seine (92) - 1001 Salles,location de salle dans les hauts de seine 92 1001 salles,,"['activité bodywork +14', 'catégorie centre_bien_etre +16', 'preuve - réception', 'site web']",low,src_https-www-1001salles-com-location-de_2c39547e62,web_search,https://www.1001salles.com/location-de-salle-2-hauts-de-seine-d.html,[],https://www.1001salles.com/location-de-salle-2-hauts-de-seine-d.html
10,['bodywork'],,cand_location-de-salle-dans-les-hauts-de-_095043a993,new,,centre_bien_etre,Hauts-de-Seine,35,[],,directsalles.com/hauts-de-seine,92,"Salle à louer dans les Hauts-de-Seine (92) aller au contenu accessibilité. # Location de salle dans les Hauts-de-Seine (92). A l'aide de notre moteur de recherche, trouvez et sélectionnez les salles en location qui vous intéressent. Le département des Hauts-de-Seine entoure la moitié de la ville de Paris et fait partie de la région Île-de-France. Il est voisin des départements du Val-d'Oise, de la Seine-Saint-Denis, de l'Essonne, des Yvelines, du Val-de-Marne et bien sur de Paris. La préfecture du département des Hauts-de-Seine se situe à Nanterre et les sous-préfectures à Antony et Boulogne-Billancourt. **Direct Salles** est un annuaire et moteur de recherche de location de salle dans les **Hauts-de-Seine** (92) et en **Ile-de-France** pour l'organisation de tous types d'événements : mariages, séminaires, anniversaires, conférences, formations, réceptions, fêtes... Direct Salles se met à votre disposition pour vous aider à trouver la **salle en location dans les Hauts-de-Seine** qui convient à l’événement que vous souhaitez organiser. Location de salle dans les Hauts-de-Seine (92). Salle à louer dans les Hauts-de-Seine (92) aller au contenu accessibilité. # Location de salle dans les Hauts-de-Seine (92). A l'aide de notre moteur de recherche, trouvez et sélectionnez les salles en location qui vous intéressent. Le département des Hauts-de-Seine entoure la moitié de la ville de Paris et fait partie de la région Île-de-France. Il est voisin des départements du Val-d'Oise, de la Seine-Saint-Denis, de l'Essonne, des Yvelines, du Val-de-Marne et bien sur de Paris. La préfecture du département des Hauts-de-Seine se situe à Nanterre et les sous-préfectures à Antony et Boulogne-Billancourt. **Direct Salles** est un annuaire et moteur de recherche de location de salle dans les **Hauts-de-Seine** (92) et en **Ile-de-France** pour l'organisation de tous types d'événements : mariages, séminaires, anniversaires, conférences, formations, réceptions, fêtes... Direct Salles se met à votre disposition pour vous aider à trouver la **s centre_bien_etre  Location de salle dans les Hauts-de-Seine (92)",,"Location de salle dans les Hauts-de-Seine (92). Salle à louer dans les Hauts-de-Seine (92) aller au contenu accessibilité. # Location de salle dans les Hauts-de-Seine (92). A l'aide de notre moteur de recherche, trouvez et sélectionnez les salles en location qui vous intéressent. Le département des Hauts-de-Seine entoure la moitié de la ville de Paris et fait partie de la région Île-de-France. Il est voisin des départements du Val-d'Oise, de la Seine-Saint-Denis, de l'Essonne, des Yvelines, du Val-de-Marne et bien sur de Paris. La préfecture du département des Hauts-de-Seine se situe à Nanterre et les sous-préfectures à Antony et Boulogne-Billancourt. **Direct Salles** est un annuaire et moteur de recherche de location de salle dans les **Hauts-de-Seine** (92) et en **Ile-de-France** pour l'organisation de tous types d'événements : mariages, séminaires, anniversaires, conférences, formations, réceptions, fêtes... Direct Salles se met à votre disposition pour vous aider à trouver la **s",44,2026-06-19,,,,,[],Location de salle dans les Hauts-de-Seine (92),location de salle dans les hauts de seine 92,,"['activité bodywork +14', 'catégorie centre_bien_etre +16', 'preuve - mariage', 'preuve - réception', 'site web']",low,src_http-www-directsalles-com-hauts-de-s_85ad0d275b,web_search,http://www.directsalles.com/hauts-de-seine,[],http://www.directsalles.com/hauts-de-seine
10,['bodywork'],,cand_location-salle-des-fetes-en-hauts-de_0928465788,new,,centre_bien_etre,Hauts-de-Seine,60,[],,pagesjaunes.fr/annuaire/departement/hauts-de-seine-92/location-salle-des-fetes,92,"Semna propose la location de salles pour les particuliers, les entreprises ou les associations. L'espace Chevreul met à disposition 4 salles climatisées et Location salle des fêtes en Hauts-de-seine - Pages Jaunes. Semna propose la location de salles pour les particuliers, les entreprises ou les associations. L'espace Chevreul met à disposition 4 salles climatisées et centre_bien_etre  Location salle des fêtes en Hauts-de-seine - Pages Jaunes",,"Location salle des fêtes en Hauts-de-seine - Pages Jaunes. Semna propose la location de salles pour les particuliers, les entreprises ou les associations. L'espace Chevreul met à disposition 4 salles climatisées et",60,2026-06-19,,,,,[],Location salle des fêtes en Hauts-de-seine - Pages Jaunes,location salle des fetes en hauts de seine pages jaunes,,"['activité bodywork +14', 'catégorie centre_bien_etre +16', 'site web']",medium,src_https-www-pagesjaunes-fr-annuaire-de_19b3d690f1,web_search,https://www.pagesjaunes.fr/annuaire/departement/hauts-de-seine-92/location-salle-des-fetes,[],https://www.pagesjaunes.fr/annuaire/departement/hauts-de-seine-92/location-salle-des-fetes
10,['bodywork'],,cand_location-salle-bien-etre-hauts-de-fr_91e03a9e10,new,,centre_bien_etre,Hauts-de-Seine,60,[],,letangpresent.fr/location-salle-bien-etre-hauts-de-france,92,"D'une superficie de 35 m², notre grande salle est idéale pour les stages bien-être, formations, cercles ou pratiques collectives. Son atmosphère chaleureuse et Location salle bien-être Hauts-de-France | Gîte et yourte. D'une superficie de 35 m², notre grande salle est idéale pour les stages bien-être, formations, cercles ou pratiques collectives. Son atmosphère chaleureuse et centre_bien_etre  Location salle bien-être Hauts-de-France | Gîte et yourte",,"Location salle bien-être Hauts-de-France | Gîte et yourte. D'une superficie de 35 m², notre grande salle est idéale pour les stages bien-être, formations, cercles ou pratiques collectives. Son atmosphère chaleureuse et",64,2026-06-19,,,,,[],Location salle bien-être Hauts-de-France | Gîte et yourte,location salle bien etre hauts de france gite et yourte,,"['activité bodywork +14', 'catégorie centre_bien_etre +16', 'preuve + cercle', 'site web']",medium,src_https-letangpresent-fr-location-sall_cc48fd6636,web_search,https://letangpresent.fr/location-salle-bien-etre-hauts-de-france,[],https://letangpresent.fr/location-salle-bien-etre-hauts-de-france
10,['bodywork'],,cand_espace-bien-etre-a-louer-saint-denis_ecdd40aa90,new,,centre_bien_etre,Seine-Saint-Denis,35,[],,facebook.com/groups/coloc974/posts/2783606065158228,93,"Locaux disponibles à la location dans une construction neuve aux normes PMR : 1 salle de 16 m² ,1 salle de 15 m² ,2 salles de 14 m² Chaque salle Espace Bien-Être à Louer – Saint-Denis (La Réunion) Le centre OM .... Locaux disponibles à la location dans une construction neuve aux normes PMR : 1 salle de 16 m² ,1 salle de 15 m² ,2 salles de 14 m² Chaque salle centre_bien_etre  Espace Bien-Être à Louer – Saint-Denis (La Réunion) Le centre OM ...",,"Espace Bien-Être à Louer – Saint-Denis (La Réunion) Le centre OM .... Locaux disponibles à la location dans une construction neuve aux normes PMR : 1 salle de 16 m² ,1 salle de 15 m² ,2 salles de 14 m² Chaque salle",60,2026-06-19,,,,,[],Espace Bien-Être à Louer – Saint-Denis (La Réunion) Le centre OM ...,espace bien etre a louer saint denis la reunion le centre om,,"['activité bodywork +14', 'catégorie centre_bien_etre +16', 'site web']",low,src_https-www-facebook-com-groups-coloc9_142340683e,web_search,https://www.facebook.com/groups/coloc974/posts/2783606065158228,[],https://www.facebook.com/groups/coloc974/posts/2783606065158228
10,['bodywork'],,cand_coworking-beaute-maison-lecomte-sain_ee30c21125,new,,centre_bien_etre,Seine-Saint-Denis,35,[],,maison-lecomte.com,93,"Nos salles, allant de 8 m² à 38 m², répondent parfaitement aux exigences des professionnels de la beauté et du bien-être. Optez pour une location flexible à Coworking Beauté | Maison Lecomte | Saint-denis (93). Nos salles, allant de 8 m² à 38 m², répondent parfaitement aux exigences des professionnels de la beauté et du bien-être. Optez pour une location flexible à centre_bien_etre  Coworking Beauté | Maison Lecomte | Saint-denis (93)",,"Coworking Beauté | Maison Lecomte | Saint-denis (93). Nos salles, allant de 8 m² à 38 m², répondent parfaitement aux exigences des professionnels de la beauté et du bien-être. Optez pour une location flexible à",52,2026-06-19,,,,,[],Coworking Beauté | Maison Lecomte | Saint-denis (93),coworking beaute maison lecomte saint denis 93,,"['activité bodywork +14', 'catégorie centre_bien_etre +16', 'preuve - coworking', 'site web']",low,src_https-www-maison-lecomte-com_ea385ab646,web_search,https://www.maison-lecomte.com,[],https://www.maison-lecomte.com
10,['bodywork'],,cand_locations-de-vacances-love-room-en-s_cc685fa520,new,,centre_bien_etre,Seine-Saint-Denis,60,[],,gites.fr/love-room_seine-saint-denis_d93.html,93,"Bioty Chill & Spa. Le Blanc Mesnil Love room, 50 m² ; L'1Timiste. Neuilly Plaisance Love room, 40 m² ; Spa de la Lune - Private love room suite avec terrasse et Locations de vacances Love Room en Seine Saint-Denis - Gites.fr. Bioty Chill & Spa. Le Blanc Mesnil Love room, 50 m² ; L'1Timiste. Neuilly Plaisance Love room, 40 m² ; Spa de la Lune - Private love room suite avec terrasse et centre_bien_etre  Locations de vacances Love Room en Seine Saint-Denis - Gites.fr",,"Locations de vacances Love Room en Seine Saint-Denis - Gites.fr. Bioty Chill & Spa. Le Blanc Mesnil Love room, 50 m² ; L'1Timiste. Neuilly Plaisance Love room, 40 m² ; Spa de la Lune - Private love room suite avec terrasse et",60,2026-06-19,,,,,[],Locations de vacances Love Room en Seine Saint-Denis - Gites.fr,locations de vacances love room en seine saint denis gites fr,,"['activité bodywork +14', 'catégorie centre_bien_etre +16', 'site web']",medium,src_https-www-gites-fr-love-room-seine-s_bd190fec72,web_search,https://www.gites.fr/love-room_seine-saint-denis_d93.html,[],https://www.gites.fr/love-room_seine-saint-denis_d93.html
10,['bodywork'],,cand_espace-bien-etre-a-sous-louer-saint-_b42295ca39,new,,centre_bien_etre,Seine-Saint-Denis,35,[],,facebook.com/groups/coloc974/posts/2664064500445719,93,"Le lieu Cabinet d'environ 15 m² entièrement équipé, avec table de soin, fauteuils, mobilier et ambiance propice aux pratiques énergétiques et Espace Bien-Être à Sous-Louer – Saint-Denis (Réunion) OM .... Le lieu Cabinet d'environ 15 m² entièrement équipé, avec table de soin, fauteuils, mobilier et ambiance propice aux pratiques énergétiques et centre_bien_etre  Espace Bien-Être à Sous-Louer – Saint-Denis (Réunion) OM ...",,"Espace Bien-Être à Sous-Louer – Saint-Denis (Réunion) OM .... Le lieu Cabinet d'environ 15 m² entièrement équipé, avec table de soin, fauteuils, mobilier et ambiance propice aux pratiques énergétiques et",60,2026-06-19,,,,,[],Espace Bien-Être à Sous-Louer – Saint-Denis (Réunion) OM ...,espace bien etre a sous louer saint denis reunion om,,"['activité bodywork +14', 'catégorie centre_bien_etre +16', 'site web']",low,src_https-www-facebook-com-groups-coloc9_25b22f0b9b,web_search,https://www.facebook.com/groups/coloc974/posts/2664064500445719,[],https://www.facebook.com/groups/coloc974/posts/2664064500445719
10,['bodywork'],,cand_location-salle-pour-une-conference-d_6d327fc88a,new,,centre_bien_etre,Val-de-Marne,35,[],,1001salles.com/salle-de-conference-3-val-de-marne-d.html,94,"79 résultat(s) - Location salle pour une conférence dans le Val-de-Marne (94). 2. Location salle pour une conférence. # Location salle pour une conférence dans le Val-de-Marne (94). Pour l'organisation d'un événement professionnel d'envergure ou plus confidentiel, vous recherchezune salle de conférence qui se trouve en region Ile de France , qui soit à la hauteur de vos exigences ? Prendre soin de l'organisation de ce type d'occasion est primordial : c'est en effet votre popularité qui peut se jouer, et le lieu est probablement l'élément clé. Planifier un événement professionnel nécessite une bonne dose de minutie : pour choisir une salle de conférence vous devrez prendre le temps pour que l'ensemble des critères soient réunis. Vous vous procurerez en quelques clics votre Salle de conférence ou Location de salle de réunion, grce à ce moteur de recherche interne, pour l'ensemble de vos demandes. Bry-sur-Marne - Val-de-Marne (94). Location salle pour une conférence dans le Val-de-Marne (94) - 1001 Salles PRO. 79 résultat(s) - Location salle pour une conférence dans le Val-de-Marne (94). 2. Location salle pour une conférence. # Location salle pour une conférence dans le Val-de-Marne (94). Pour l'organisation d'un événement professionnel d'envergure ou plus confidentiel, vous recherchezune salle de conférence qui se trouve en region Ile de France , qui soit à la hauteur de vos exigences ? Prendre soin de l'organisation de ce type d'occasion est primordial : c'est en effet votre popularité qui peut se jouer, et le lieu est probablement l'élément clé. Planifier un événement professionnel nécessite une bonne dose de minutie : pour choisir une salle de conférence vous devrez prendre le temps pour que l'ensemble des critères soient réunis. Vous vous procurerez en quelques clics votre Salle de conférence ou Location de salle de réunion, grce à ce moteur de recherche interne, pour l'ensemble de vos demandes. Bry-sur-Marn centre_bien_etre  Location salle pour une conférence dans le Val-de-Marne (94) - 1001 Salles PRO",,"Location salle pour une conférence dans le Val-de-Marne (94) - 1001 Salles PRO. 79 résultat(s) - Location salle pour une conférence dans le Val-de-Marne (94). 2. Location salle pour une conférence. # Location salle pour une conférence dans le Val-de-Marne (94). Pour l'organisation d'un événement professionnel d'envergure ou plus confidentiel, vous recherchezune salle de conférence qui se trouve en region Ile de France , qui soit à la hauteur de vos exigences ? Prendre soin de l'organisation de ce type d'occasion est primordial : c'est en effet votre popularité qui peut se jouer, et le lieu est probablement l'élément clé. Planifier un événement professionnel nécessite une bonne dose de minutie : pour choisir une salle de conférence vous devrez prendre le temps pour que l'ensemble des critères soient réunis. Vous vous procurerez en quelques clics votre Salle de conférence ou Location de salle de réunion, grce à ce moteur de recherche interne, pour l'ensemble de vos demandes. Bry-sur-Marn",52,2026-06-19,,,,,[],Location salle pour une conférence dans le Val-de-Marne (94) - 1001 Salles PRO,location salle pour une conference dans le val de marne 94 1001 salles pro,,"['activité bodywork +14', 'catégorie centre_bien_etre +16', 'preuve - salle de réunion', 'site web']",low,src_https-www-1001salles-com-salle-de-co_34b5c6f778,web_search,https://www.1001salles.com/salle-de-conference-3-val-de-marne-d.html,[],https://www.1001salles.com/salle-de-conference-3-val-de-marne-d.html
10,['bodywork'],,cand_les-spas-du-parc-spa-hammam-val-de-m_db5dc73f17,new,,centre_bien_etre,Val-de-Marne,35,[],,lesspasduparc.com/fr,94,"la salle tiède, Adresse 13 Rue Pierre et Marie Curie 94200. Téléphone : +33 1 46 72 43 30 Mobile : +33 1 46 72 13 23 Les Spas du Parc - Spa Hammam Val de Marne. la salle tiède, Adresse 13 Rue Pierre et Marie Curie 94200. Téléphone : +33 1 46 72 43 30 Mobile : +33 1 46 72 13 23 centre_bien_etre  Les Spas du Parc - Spa Hammam Val de Marne",,"Les Spas du Parc - Spa Hammam Val de Marne. la salle tiède, Adresse 13 Rue Pierre et Marie Curie 94200. Téléphone : +33 1 46 72 43 30 Mobile : +33 1 46 72 13 23",60,2026-06-19,,,,,[],Les Spas du Parc - Spa Hammam Val de Marne,les spas du parc spa hammam val de marne,,"['activité bodywork +14', 'catégorie centre_bien_etre +16', 'site web']",low,src_https-www-lesspasduparc-com-fr_f95a6aa3c6,web_search,https://www.lesspasduparc.com/fr,[],https://www.lesspasduparc.com/fr
10,['bodywork'],,cand_location-de-salles-et-reception-dans_bf49764eec,new,,centre_bien_etre,Val-de-Marne,35,[],,tourisme-valdemarne.com/cote-pratique/restaurants-et-lieux-de-receptions/location-de-salles-et-reception,94,"Donjon du château de Vincennes. Le Street Art en Val-de-Marne : un musée à ciel ouvert. Arche de roses Roseraie du Val de marne. La Roseraie du Val de Marne. Facade du chateau de grosbois à boissy saint leger. Facade du musee l’exploradome. Randonnee a pied dans le bois de Vincennes. Que faire le long du Câble C1, le nouveau téléphérique du Val-de-Marne ? Val-de-Marne : 10 activités insolites à vivre proches de Paris en 2025. Trois jours à la découverte de sites incontournables ou insolites en Val-de-Marne,  avec Découvrir Ensemble. Trouvez le lieu idéal pour vos réceptions privées en Val-de-Marne, tout près de Paris. Découvrez ce que le Val-de-Marne (94) et le sud-est de Paris ont à vous offrir. **Simple ou luxueux**, **sur l’eau ou en plein air**, dans un **bâtiment classé ou un lieu atypique**, vous trouverez dans cette liste de nombreux restaurants, des châteaux champêtres, des bâtisses en bords de Marne, de grands hôtels et même le Château de Vincennes. Location de Salles et Réception dans le Val-de-Marne (94). Donjon du château de Vincennes. Le Street Art en Val-de-Marne : un musée à ciel ouvert. Arche de roses Roseraie du Val de marne. La Roseraie du Val de Marne. Facade du chateau de grosbois à boissy saint leger. Facade du musee l’exploradome. Randonnee a pied dans le bois de Vincennes. Que faire le long du Câble C1, le nouveau téléphérique du Val-de-Marne ? Val-de-Marne : 10 activités insolites à vivre proches de Paris en 2025. Trois jours à la découverte de sites incontournables ou insolites en Val-de-Marne,  avec Découvrir Ensemble. Trouvez le lieu idéal pour vos réceptions privées en Val-de-Marne, tout près de Paris. Découvrez ce que le Val-de-Marne (94) et le sud-est de Paris ont à vous offrir. **Simple ou luxueux**, **sur l’eau ou en plein air**, dans un **bâtiment classé ou un lieu atypique**, vous trouverez dans cette liste de nombreux restaurants, des châteaux champêtres, des bâtisses en bords de Marne, de grands hôtels e centre_bien_etre  Location de Salles et Réception dans le Val-de-Marne (94)",,"Location de Salles et Réception dans le Val-de-Marne (94). Donjon du château de Vincennes. Le Street Art en Val-de-Marne : un musée à ciel ouvert. Arche de roses Roseraie du Val de marne. La Roseraie du Val de Marne. Facade du chateau de grosbois à boissy saint leger. Facade du musee l’exploradome. Randonnee a pied dans le bois de Vincennes. Que faire le long du Câble C1, le nouveau téléphérique du Val-de-Marne ? Val-de-Marne : 10 activités insolites à vivre proches de Paris en 2025. Trois jours à la découverte de sites incontournables ou insolites en Val-de-Marne,  avec Découvrir Ensemble. Trouvez le lieu idéal pour vos réceptions privées en Val-de-Marne, tout près de Paris. Découvrez ce que le Val-de-Marne (94) et le sud-est de Paris ont à vous offrir. **Simple ou luxueux**, **sur l’eau ou en plein air**, dans un **bâtiment classé ou un lieu atypique**, vous trouverez dans cette liste de nombreux restaurants, des châteaux champêtres, des bâtisses en bords de Marne, de grands hôtels e",52,2026-06-19,,,,,[],Location de Salles et Réception dans le Val-de-Marne (94),location de salles et reception dans le val de marne 94,,"['activité bodywork +14', 'catégorie centre_bien_etre +16', 'preuve - réception', 'site web']",low,src_https-www-tourisme-valdemarne-com-co_2df11b7193,web_search,https://www.tourisme-valdemarne.com/cote-pratique/restaurants-et-lieux-de-receptions/location-de-salles-et-reception,[],https://www.tourisme-valdemarne.com/cote-pratique/restaurants-et-lieux-de-receptions/location-de-salles-et-reception
10,['bodywork'],,cand_les-meilleurs-spas-dans-le-val-de-ma_b64008aa2d,new,,centre_bien_etre,Val-de-Marne,35,[],,funbooker.com/fr/category/spa/val-de-marne,94,"Loft Body Concept à Nogent-sur-Marne · Tarif : 169 € · Horaires : lun-sam 10h–19h, dim 9h–20h · Équipements : jacuzzi, sauna infrarouge, douche sensorielle, Les meilleurs spas dans le Val-de-Marne dès 49 - Funbooker. Loft Body Concept à Nogent-sur-Marne · Tarif : 169 € · Horaires : lun-sam 10h–19h, dim 9h–20h · Équipements : jacuzzi, sauna infrarouge, douche sensorielle, centre_bien_etre  Les meilleurs spas dans le Val-de-Marne dès 49 - Funbooker",,"Les meilleurs spas dans le Val-de-Marne dès 49 - Funbooker. Loft Body Concept à Nogent-sur-Marne · Tarif : 169 € · Horaires : lun-sam 10h–19h, dim 9h–20h · Équipements : jacuzzi, sauna infrarouge, douche sensorielle,",60,2026-06-19,,,,,[],Les meilleurs spas dans le Val-de-Marne dès 49 - Funbooker,les meilleurs spas dans le val de marne des 49 funbooker,,"['activité bodywork +14', 'catégorie centre_bien_etre +16', 'site web']",low,src_https-www-funbooker-com-fr-category-_54f0bbe811,web_search,https://www.funbooker.com/fr/category/spa/val-de-marne,[],https://www.funbooker.com/fr/category/spa/val-de-marne
10,['bodywork'],,cand_salle-de-reception-en-val-de-marne-p_93639f89ce,new,,centre_bien_etre,Val-de-Marne,60,[],,pagesjaunes.fr/annuaire/departement/val-de-marne-94/salle-de-reception,94,La Salle des fêtes Georges Duhamel est un lieu de rendez-vous culturel situé au 5 avenue Georges Duhamel à Créteil. Elle propose une grande variété d'activités Salle de réception en Val-de-marne - Pages Jaunes. La Salle des fêtes Georges Duhamel est un lieu de rendez-vous culturel situé au 5 avenue Georges Duhamel à Créteil. Elle propose une grande variété d'activités centre_bien_etre  Salle de réception en Val-de-marne - Pages Jaunes,,Salle de réception en Val-de-marne - Pages Jaunes. La Salle des fêtes Georges Duhamel est un lieu de rendez-vous culturel situé au 5 avenue Georges Duhamel à Créteil. Elle propose une grande variété d'activités,52,2026-06-19,,,,,[],Salle de réception en Val-de-marne - Pages Jaunes,salle de reception en val de marne pages jaunes,,"['activité bodywork +14', 'catégorie centre_bien_etre +16', 'preuve - réception', 'site web']",medium,src_https-www-pagesjaunes-fr-annuaire-de_931e17e73a,web_search,https://www.pagesjaunes.fr/annuaire/departement/val-de-marne-94/salle-de-reception,[],https://www.pagesjaunes.fr/annuaire/departement/val-de-marne-94/salle-de-reception
10,['bodywork'],,cand_location-de-salle-seine-et-marne-77_25fb1e420c,new,,centre_bien_etre,Seine-et-Marne,35,[],,1001salles.com/location-de-salle-2-seine-et-marne-d.html,77,"243 résultat(s) - Location de salle dans la Seine-et-Marne (77). # Location de salle en Seine-et-Marne (77) : Tous les espaces à louer. Vous cherchez une salle à louer en Seine-et-Marne sans avoir encore arrêté le type de lieu précis ? Que votre projet soit un mariage, un anniversaire, un baptême, un séminaire d'entreprise ou une simple soirée entre amis, le département 77 dispose d'une offre de location de salles parmi les plus riches d'Île-de-France, avec des espaces pour tous les formats et tous les budgets. Le premier est le type d'événement : un mariage, un anniversaire et un séminaire n'ont pas les mêmes exigences en termes d'espace, d'équipement et d'ambiance. Côté tarifs, la location de salle en Seine-et-Marne couvre un spectre très large : de 200 € pour une salle des fêtes municipale à plus de 10 000 € pour un chteau avec hébergement en week-end. Location de salle Seine-et-Marne (77). 243 résultat(s) - Location de salle dans la Seine-et-Marne (77). # Location de salle en Seine-et-Marne (77) : Tous les espaces à louer. Vous cherchez une salle à louer en Seine-et-Marne sans avoir encore arrêté le type de lieu précis ? Que votre projet soit un mariage, un anniversaire, un baptême, un séminaire d'entreprise ou une simple soirée entre amis, le département 77 dispose d'une offre de location de salles parmi les plus riches d'Île-de-France, avec des espaces pour tous les formats et tous les budgets. Le premier est le type d'événement : un mariage, un anniversaire et un séminaire n'ont pas les mêmes exigences en termes d'espace, d'équipement et d'ambiance. Côté tarifs, la location de salle en Seine-et-Marne couvre un spectre très large : de 200 € pour une salle des fêtes municipale à plus de 10 000 € pour un chteau avec hébergement en week-end. centre_bien_etre  Location de salle Seine-et-Marne (77)",,"Location de salle Seine-et-Marne (77). 243 résultat(s) - Location de salle dans la Seine-et-Marne (77). # Location de salle en Seine-et-Marne (77) : Tous les espaces à louer. Vous cherchez une salle à louer en Seine-et-Marne sans avoir encore arrêté le type de lieu précis ? Que votre projet soit un mariage, un anniversaire, un baptême, un séminaire d'entreprise ou une simple soirée entre amis, le département 77 dispose d'une offre de location de salles parmi les plus riches d'Île-de-France, avec des espaces pour tous les formats et tous les budgets. Le premier est le type d'événement : un mariage, un anniversaire et un séminaire n'ont pas les mêmes exigences en termes d'espace, d'équipement et d'ambiance. Côté tarifs, la location de salle en Seine-et-Marne couvre un spectre très large : de 200 € pour une salle des fêtes municipale à plus de 10 000 € pour un chteau avec hébergement en week-end.",52,2026-06-19,,,,,[],Location de salle Seine-et-Marne (77),location de salle seine et marne 77,,"['activité bodywork +14', 'catégorie centre_bien_etre +16', 'preuve - mariage', 'site web']",low,src_https-www-1001salles-com-location-de_9b927f11f1,web_search,https://www.1001salles.com/location-de-salle-2-seine-et-marne-d.html,[],https://www.1001salles.com/location-de-salle-2-seine-et-marne-d.html
10,['bodywork'],,cand_location-de-salle-seine-et-marne-abc_e354c2d8c2,new,,centre_bien_etre,Seine-et-Marne,35,[],,abcsalles.com/location-de-salle-2_seine-et-marne_d.html,77,"# Location de salle Seine-et-Marne. ABC Salles vous aide pour la location de salle en Seine-et-Marne (77). Trouvez également votre salle à louer idéale pour tout type d'événement privé ou professionnel en Ile-de-France. Organisation réception : mariages, baptêmes, anniversaires, événements seniors, comité d'entreprise, soirées à thèmes...Notre seule mission est votre complète satisfaction dans le déroulement de votre événement.Nous nous adaptons en toutes circonstances : quel que soit le lieu ou l'espace, dans votre jardin ou bien dans votre entreprise, nous gérons votre événement.Du traiteur à l'animation, nous sommes votre partenaire.Professionnalisme et gourmandise sont les mots d'ordres de notre entreprise pour vous offrir un moment unique à l'occasion de votre réception de mariage. Une salle somptueuse pour la réussite de vos événements Idéale pour accueillir tout type d’événement, notre salle de réception propose son cadre exceptionnel, un lieu unique situé au en Seine et marne. Location de salle Seine-et-Marne — ABC Salles. # Location de salle Seine-et-Marne. ABC Salles vous aide pour la location de salle en Seine-et-Marne (77). Trouvez également votre salle à louer idéale pour tout type d'événement privé ou professionnel en Ile-de-France. Organisation réception : mariages, baptêmes, anniversaires, événements seniors, comité d'entreprise, soirées à thèmes...Notre seule mission est votre complète satisfaction dans le déroulement de votre événement.Nous nous adaptons en toutes circonstances : quel que soit le lieu ou l'espace, dans votre jardin ou bien dans votre entreprise, nous gérons votre événement.Du traiteur à l'animation, nous sommes votre partenaire.Professionnalisme et gourmandise sont les mots d'ordres de notre entreprise pour vous offrir un moment unique à l'occasion de votre réception de mariage. Une salle somptueuse pour la réussite de vos événements Idéale pour accueillir tout type d’événement, notre salle de réception propose son cadre exceptionn centre_bien_etre  Location de salle Seine-et-Marne — ABC Salles",,"Location de salle Seine-et-Marne — ABC Salles. # Location de salle Seine-et-Marne. ABC Salles vous aide pour la location de salle en Seine-et-Marne (77). Trouvez également votre salle à louer idéale pour tout type d'événement privé ou professionnel en Ile-de-France. Organisation réception : mariages, baptêmes, anniversaires, événements seniors, comité d'entreprise, soirées à thèmes...Notre seule mission est votre complète satisfaction dans le déroulement de votre événement.Nous nous adaptons en toutes circonstances : quel que soit le lieu ou l'espace, dans votre jardin ou bien dans votre entreprise, nous gérons votre événement.Du traiteur à l'animation, nous sommes votre partenaire.Professionnalisme et gourmandise sont les mots d'ordres de notre entreprise pour vous offrir un moment unique à l'occasion de votre réception de mariage. Une salle somptueuse pour la réussite de vos événements Idéale pour accueillir tout type d’événement, notre salle de réception propose son cadre exceptionn",44,2026-06-19,,,,,[],Location de salle Seine-et-Marne — ABC Salles,location de salle seine et marne abc salles,,"['activité bodywork +14', 'catégorie centre_bien_etre +16', 'preuve - mariage', 'preuve - réception', 'site web']",low,src_https-www-abcsalles-com-location-de-_bad3256aa5,web_search,https://www.abcsalles.com/location-de-salle-2_seine-et-marne_d.html,[],https://www.abcsalles.com/location-de-salle-2_seine-et-marne_d.html
10,['bodywork'],,cand_location-de-salles-a-serris-cci-sein_9c43646386,new,,centre_bien_etre,Seine-et-Marne,60,[],,seineetmarne.cci.fr/location-de-salles-serris,77,"# Location de salles à Serris. Louez votre salle de réunion, séminaire ou amphithétre à Serris – Val d’Europe. ## UN CADRE IDÉAL POUR VOS ÉVÉNEMENTS PROFESSIONNELS. Au cœur du Val d'Europe. Que ce soit pour une réunion stratégique, une formation réglementaire, un séminaire d'entreprise, une conférence institutionnelle ou un salon grand public, la CCI Seine-et-Marne met à votre disposition des infrastructures d'accueil d'exception à Serris. Découvrez notre amphithétre, nos salles de réunion modulables et nos espaces de réception avec services logistiques inclus et tarifs dégressifs. Notre équipe dédiée vous accompagne de la conception à la réalisation pour garantir la réussite de votre projet. Un cadre professionnel haut de gamme qui favorise la concentration, la confidentialité et la dynamique d'échanges entre vos collaborateurs, clients ou administrateurs lors de vos comités de direction ou conseils d'administration. Un amphithétre d'envergure doté d'une infrastructure technique de pointe en régie pour valoriser vos prises de parole, séduire vos investisseurs et marquer les esprits de vos partenaires institutionnels. Location de salles à Serris | CCI Seine-et-Marne. # Location de salles à Serris. Louez votre salle de réunion, séminaire ou amphithétre à Serris – Val d’Europe. ## UN CADRE IDÉAL POUR VOS ÉVÉNEMENTS PROFESSIONNELS. Au cœur du Val d'Europe. Que ce soit pour une réunion stratégique, une formation réglementaire, un séminaire d'entreprise, une conférence institutionnelle ou un salon grand public, la CCI Seine-et-Marne met à votre disposition des infrastructures d'accueil d'exception à Serris. Découvrez notre amphithétre, nos salles de réunion modulables et nos espaces de réception avec services logistiques inclus et tarifs dégressifs. Notre équipe dédiée vous accompagne de la conception à la réalisation pour garantir la réussite de votre projet. Un cadre professionnel haut de gamme qui favorise la concentration, la confidentialité et la dynamique d'échanges entre vos collaborateurs, clients ou administrateurs lors de vos comités de direction ou conseils d'administration. Un amphithétre d'e centre_bien_etre  Location de salles à Serris | CCI Seine-et-Marne",,"Location de salles à Serris | CCI Seine-et-Marne. # Location de salles à Serris. Louez votre salle de réunion, séminaire ou amphithétre à Serris – Val d’Europe. ## UN CADRE IDÉAL POUR VOS ÉVÉNEMENTS PROFESSIONNELS. Au cœur du Val d'Europe. Que ce soit pour une réunion stratégique, une formation réglementaire, un séminaire d'entreprise, une conférence institutionnelle ou un salon grand public, la CCI Seine-et-Marne met à votre disposition des infrastructures d'accueil d'exception à Serris. Découvrez notre amphithétre, nos salles de réunion modulables et nos espaces de réception avec services logistiques inclus et tarifs dégressifs. Notre équipe dédiée vous accompagne de la conception à la réalisation pour garantir la réussite de votre projet. Un cadre professionnel haut de gamme qui favorise la concentration, la confidentialité et la dynamique d'échanges entre vos collaborateurs, clients ou administrateurs lors de vos comités de direction ou conseils d'administration. Un amphithétre d'e",54,2026-06-19,,,,,[],Location de salles à Serris | CCI Seine-et-Marne,location de salles a serris cci seine et marne,,"['activité bodywork +14', 'espace modular +10', 'catégorie centre_bien_etre +16', 'preuve - salle de réunion', 'preuve - réception', 'site web']",medium,src_https-www-seineetmarne-cci-fr-locati_b1ab0f68a8,web_search,https://www.seineetmarne.cci.fr/location-de-salles-serris,['modular'],https://www.seineetmarne.cci.fr/location-de-salles-serris
10,['bodywork'],,cand_les-meilleures-salles-a-louer-pas-ch_7ee90b53e1,new,,centre_bien_etre,Seine-et-Marne,35,[],,privateaser.com/location-salle/top-salles-pas-cher-seine-et-marne-77,77,"Trouvez une salle à louer pour votre évènement, privé ou professionnel. Demandez un devis ou réservez directement en ligne. Sans frais ni commission. Les meilleures salles à louer pas chères - Seine-et-Marne. Trouvez une salle à louer pour votre évènement, privé ou professionnel. Demandez un devis ou réservez directement en ligne. Sans frais ni commission. centre_bien_etre  Les meilleures salles à louer pas chères - Seine-et-Marne",,"Les meilleures salles à louer pas chères - Seine-et-Marne. Trouvez une salle à louer pour votre évènement, privé ou professionnel. Demandez un devis ou réservez directement en ligne. Sans frais ni commission.",60,2026-06-19,,,,,[],Les meilleures salles à louer pas chères - Seine-et-Marne,les meilleures salles a louer pas cheres seine et marne,,"['activité bodywork +14', 'catégorie centre_bien_etre +16', 'site web']",low,src_https-www-privateaser-com-location-s_ebaa02dee0,web_search,https://www.privateaser.com/location-salle/top-salles-pas-cher-seine-et-marne-77,[],https://www.privateaser.com/location-salle/top-salles-pas-cher-seine-et-marne-77
10,['bodywork'],,cand_location-de-salles-seine-et-marne-pa_ab2109505f,new,,centre_bien_etre,Seine-et-Marne,60,[],,pagesjaunes.fr/annuaire/departement/seine-et-marne-77/location-de-salles,77,Liste des professionnels · LA GRANGE DU TERTRE · Domaine les Aulnois · Motelia · La Briqueterie · Ferme De La Petite Loge · OD Gourmet · Domaine d'Arvigny · Le Paradise. Location de salles - SEINE ET MARNE - Pages Jaunes. Liste des professionnels · LA GRANGE DU TERTRE · Domaine les Aulnois · Motelia · La Briqueterie · Ferme De La Petite Loge · OD Gourmet · Domaine d'Arvigny · Le Paradise. centre_bien_etre  Location de salles - SEINE ET MARNE - Pages Jaunes,,Location de salles - SEINE ET MARNE - Pages Jaunes. Liste des professionnels · LA GRANGE DU TERTRE · Domaine les Aulnois · Motelia · La Briqueterie · Ferme De La Petite Loge · OD Gourmet · Domaine d'Arvigny · Le Paradise.,60,2026-06-19,,,,,[],Location de salles - SEINE ET MARNE - Pages Jaunes,location de salles seine et marne pages jaunes,,"['activité bodywork +14', 'catégorie centre_bien_etre +16', 'site web']",medium,src_https-www-pagesjaunes-fr-annuaire-de_4a95ef3239,web_search,https://www.pagesjaunes.fr/annuaire/departement/seine-et-marne-77/location-de-salles,[],https://www.pagesjaunes.fr/annuaire/departement/seine-et-marne-77/location-de-salles
10,['bodywork'],,cand_salle-des-fetes-dans-les-yvelines-78_60e37a7791,new,,centre_bien_etre,Yvelines,35,[],,1001salles.com/salle-des-fetes-2-yvelines-d.html,78,"183 résultat(s) - Salle des fêtes dans les Yvelines (78). # Salle des fêtes dans les Yvelines (78). Les moments importants de l'existence méritent une belle organisation : concernant votre recherche d'une salle des fêtes dans votre secteur (Ile de France, Yvelines), faites confiance à 1001Salles. Sachez être bien entouré pour vous lancer dans cette recherche : effectivement, le marché des salles de location est vaste, il est préférable de s'adresser à de vrais spécialistes de ce secteur. Notre savoir-faire dans ce secteur est un véritable atout, pour honorer la totalité de vos souhaits pour ce qui est de votre Salle des fêtes. ## Salle des fêtes Yvelines Ile de France : L'ensemble des critères à privilégier. Ainsi, vous bénéficierez d'un choix important, et vous aurez tout le loisir de lancer un comparatif des différents endroits disponibles du secteur (Ile de France, Yvelines). Salle des fêtes : On vous propose une salle de réception d'une capacité de 300m² à Sartrouville et à quelques rues du Val d'Oise. Salle des fêtes dans les Yvelines (78) - 1001 Salles. 183 résultat(s) - Salle des fêtes dans les Yvelines (78). # Salle des fêtes dans les Yvelines (78). Les moments importants de l'existence méritent une belle organisation : concernant votre recherche d'une salle des fêtes dans votre secteur (Ile de France, Yvelines), faites confiance à 1001Salles. Sachez être bien entouré pour vous lancer dans cette recherche : effectivement, le marché des salles de location est vaste, il est préférable de s'adresser à de vrais spécialistes de ce secteur. Notre savoir-faire dans ce secteur est un véritable atout, pour honorer la totalité de vos souhaits pour ce qui est de votre Salle des fêtes. ## Salle des fêtes Yvelines Ile de France : L'ensemble des critères à privilégier. Ainsi, vous bénéficierez d'un choix important, et vous aurez tout le loisir de lancer un comparatif des différents endroits disponibles du secteur (Ile de France, Yvelines). Salle des fêtes : On vous propose une salle de récepti centre_bien_etre  Salle des fêtes dans les Yvelines (78) - 1001 Salles",,"Salle des fêtes dans les Yvelines (78) - 1001 Salles. 183 résultat(s) - Salle des fêtes dans les Yvelines (78). # Salle des fêtes dans les Yvelines (78). Les moments importants de l'existence méritent une belle organisation : concernant votre recherche d'une salle des fêtes dans votre secteur (Ile de France, Yvelines), faites confiance à 1001Salles. Sachez être bien entouré pour vous lancer dans cette recherche : effectivement, le marché des salles de location est vaste, il est préférable de s'adresser à de vrais spécialistes de ce secteur. Notre savoir-faire dans ce secteur est un véritable atout, pour honorer la totalité de vos souhaits pour ce qui est de votre Salle des fêtes. ## Salle des fêtes Yvelines Ile de France : L'ensemble des critères à privilégier. Ainsi, vous bénéficierez d'un choix important, et vous aurez tout le loisir de lancer un comparatif des différents endroits disponibles du secteur (Ile de France, Yvelines). Salle des fêtes : On vous propose une salle de récepti",52,2026-06-19,,,,,[],Salle des fêtes dans les Yvelines (78) - 1001 Salles,salle des fetes dans les yvelines 78 1001 salles,,"['activité bodywork +14', 'catégorie centre_bien_etre +16', 'preuve - réception', 'site web']",low,src_https-www-1001salles-com-salle-des-f_b98fd78917,web_search,https://www.1001salles.com/salle-des-fetes-2-yvelines-d.html,[],https://www.1001salles.com/salle-des-fetes-2-yvelines-d.html
10,['bodywork'],,cand_location-de-salles-de-reunion-en-yve_fe3f287954,new,,centre_bien_etre,Yvelines,60,[],,pagesjaunes.fr/annuaire/departement/yvelines-78/location-de-salles-de-reunion,78,"Ermitage Accueil vous offre des espaces élégants et adaptés à tous vos événements à Versailles. Que ce soit pour un séminaire, une réunion, un mariage ou une Location de salles de réunion en Yvelines - Pages Jaunes. Ermitage Accueil vous offre des espaces élégants et adaptés à tous vos événements à Versailles. Que ce soit pour un séminaire, une réunion, un mariage ou une centre_bien_etre  Location de salles de réunion en Yvelines - Pages Jaunes",,"Location de salles de réunion en Yvelines - Pages Jaunes. Ermitage Accueil vous offre des espaces élégants et adaptés à tous vos événements à Versailles. Que ce soit pour un séminaire, une réunion, un mariage ou une",52,2026-06-19,,,,,[],Location de salles de réunion en Yvelines - Pages Jaunes,location de salles de reunion en yvelines pages jaunes,,"['activité bodywork +14', 'catégorie centre_bien_etre +16', 'preuve - mariage', 'site web']",medium,src_https-www-pagesjaunes-fr-annuaire-de_bb5a87c207,web_search,https://www.pagesjaunes.fr/annuaire/departement/yvelines-78/location-de-salles-de-reunion,[],https://www.pagesjaunes.fr/annuaire/departement/yvelines-78/location-de-salles-de-reunion
10,['bodywork'],,cand_weekend-spa-voyage-au-pays-du-bien-e_64faf3b047,new,,centre_bien_etre,Yvelines,60,[],,destination-yvelines.fr/weekend-spa-yvelines,78,"La Minotte à Montfort l'Amaury est un lieu exclusif, un lieu intime : quatre chambres et quatre lofts, une parenthèse de charme avec en outre massage, hammam, Weekend spa : voyage au Pays du bien-être - Destination Yvelines. La Minotte à Montfort l'Amaury est un lieu exclusif, un lieu intime : quatre chambres et quatre lofts, une parenthèse de charme avec en outre massage, hammam, centre_bien_etre  Weekend spa : voyage au Pays du bien-être - Destination Yvelines",,"Weekend spa : voyage au Pays du bien-être - Destination Yvelines. La Minotte à Montfort l'Amaury est un lieu exclusif, un lieu intime : quatre chambres et quatre lofts, une parenthèse de charme avec en outre massage, hammam,",60,2026-06-19,,,,,[],Weekend spa : voyage au Pays du bien-être - Destination Yvelines,weekend spa voyage au pays du bien etre destination yvelines,,"['activité bodywork +14', 'catégorie centre_bien_etre +16', 'site web']",medium,src_https-www-destination-yvelines-fr-we_32c64f04ee,web_search,https://www.destination-yvelines.fr/weekend-spa-yvelines,[],https://www.destination-yvelines.fr/weekend-spa-yvelines
10,['bodywork'],,cand_location-d-espaces-pour-professionne_2ec4e3311f,new,,centre_bien_etre,Yvelines,60,[],,sensitivea.fr/location-despaces,78,"Idéal pour vos rendez-vous individuels de séances de réflexologie plantaire, naturopathie, massages, kinésiologie, hypnothérapie… ... Salle toute équipée et Location d'espaces pour professionnels du bien-être - Sensitivea. Idéal pour vos rendez-vous individuels de séances de réflexologie plantaire, naturopathie, massages, kinésiologie, hypnothérapie… ... Salle toute équipée et centre_bien_etre  Location d'espaces pour professionnels du bien-être - Sensitivea",,"Location d'espaces pour professionnels du bien-être - Sensitivea. Idéal pour vos rendez-vous individuels de séances de réflexologie plantaire, naturopathie, massages, kinésiologie, hypnothérapie… ... Salle toute équipée et",60,2026-06-19,,,,,[],Location d'espaces pour professionnels du bien-être - Sensitivea,location d espaces pour professionnels du bien etre sensitivea,,"['activité bodywork +14', 'catégorie centre_bien_etre +16', 'site web']",medium,src_https-sensitivea-fr-location-despace_779aed7b04,web_search,https://sensitivea.fr/location-despaces,[],https://sensitivea.fr/location-despaces
10,['bodywork'],,cand_location-de-salle-en-essonne-91-1001_575ec7dd9e,new,,centre_bien_etre,Essonne,35,[],,1001salles.com/location-de-salle-2-essonne-d.html,91,"160 résultat(s) - Location de salle en Essonne (91). # Location de salle en Essonne (91). Organisez la plus belle des fêtes pour cet événement essentiel qui arrive : à propos de votre recherche d'une location de salle dans votre secteur (Ile de France, Hauts de Seine), vous pourrez profiter d'une aide personnalisée avec 1001Salles. Ne laissez pas cette recherche au hasard : actuellement, le marché des salles de location est vaste, il est préférable de s'en remettre à de vrais pros de ce secteur. L'objectif de notre plateforme est de vous mettre en relation avec un loueur de salle fiable, pour organiser la réception dont vous rêvez. Location de salle : Le Manoir des Cygnes vous propose un cadre unique pour célébrer votre réception de mariage entourée de vos proches. Location de salle : En bordure de la vallée de Chevreuse, à 30 minutes des portes de Paris, le restaurant du Golf de Marivaux vous accueille sur l'un des plus beaux parcours de la région ... Location de salle en Essonne (91) - 1001 Salles. 160 résultat(s) - Location de salle en Essonne (91). # Location de salle en Essonne (91). Organisez la plus belle des fêtes pour cet événement essentiel qui arrive : à propos de votre recherche d'une location de salle dans votre secteur (Ile de France, Hauts de Seine), vous pourrez profiter d'une aide personnalisée avec 1001Salles. Ne laissez pas cette recherche au hasard : actuellement, le marché des salles de location est vaste, il est préférable de s'en remettre à de vrais pros de ce secteur. L'objectif de notre plateforme est de vous mettre en relation avec un loueur de salle fiable, pour organiser la réception dont vous rêvez. Location de salle : Le Manoir des Cygnes vous propose un cadre unique pour célébrer votre réception de mariage entourée de vos proches. Location de salle : En bordure de la vallée de Chevreuse, à 30 minutes des portes de Paris, le restaurant du Golf de Marivaux vous accueille sur l'un des plus beaux parcours d centre_bien_etre  Location de salle en Essonne (91) - 1001 Salles",,"Location de salle en Essonne (91) - 1001 Salles. 160 résultat(s) - Location de salle en Essonne (91). # Location de salle en Essonne (91). Organisez la plus belle des fêtes pour cet événement essentiel qui arrive : à propos de votre recherche d'une location de salle dans votre secteur (Ile de France, Hauts de Seine), vous pourrez profiter d'une aide personnalisée avec 1001Salles. Ne laissez pas cette recherche au hasard : actuellement, le marché des salles de location est vaste, il est préférable de s'en remettre à de vrais pros de ce secteur. L'objectif de notre plateforme est de vous mettre en relation avec un loueur de salle fiable, pour organiser la réception dont vous rêvez. Location de salle : Le Manoir des Cygnes vous propose un cadre unique pour célébrer votre réception de mariage entourée de vos proches. Location de salle : En bordure de la vallée de Chevreuse, à 30 minutes des portes de Paris, le restaurant du Golf de Marivaux vous accueille sur l'un des plus beaux parcours d",44,2026-06-19,,,,,[],Location de salle en Essonne (91) - 1001 Salles,location de salle en essonne 91 1001 salles,,"['activité bodywork +14', 'catégorie centre_bien_etre +16', 'preuve - mariage', 'preuve - réception', 'site web']",low,src_https-www-1001salles-com-location-de_4a7a4e03c2,web_search,https://www.1001salles.com/location-de-salle-2-essonne-d.html,[],https://www.1001salles.com/location-de-salle-2-essonne-d.html
10,['bodywork'],,cand_location-salle-des-fetes-en-essonne-_b3aae7bbba,new,,centre_bien_etre,Essonne,60,[],,pagesjaunes.fr/annuaire/departement/essonne-91/location-salle-des-fetes,91,Le Diadème est une entreprise de location de salles située à l'adresse 22 rue Bel Air à Lisses (91090). Elle propose plusieurs salles pour organiser divers Location salle des fêtes en Essonne - Pages Jaunes. Le Diadème est une entreprise de location de salles située à l'adresse 22 rue Bel Air à Lisses (91090). Elle propose plusieurs salles pour organiser divers centre_bien_etre  Location salle des fêtes en Essonne - Pages Jaunes,,Location salle des fêtes en Essonne - Pages Jaunes. Le Diadème est une entreprise de location de salles située à l'adresse 22 rue Bel Air à Lisses (91090). Elle propose plusieurs salles pour organiser divers,60,2026-06-19,,,,,[],Location salle des fêtes en Essonne - Pages Jaunes,location salle des fetes en essonne pages jaunes,,"['activité bodywork +14', 'catégorie centre_bien_etre +16', 'site web']",medium,src_https-www-pagesjaunes-fr-annuaire-de_518e16f279,web_search,https://www.pagesjaunes.fr/annuaire/departement/essonne-91/location-salle-des-fetes,[],https://www.pagesjaunes.fr/annuaire/departement/essonne-91/location-salle-des-fetes
10,['bodywork'],,cand_location-suite-avec-jacuzzi-privatif_e74a7a8729,new,,centre_bien_etre,Essonne,35,[],,domainemalar91.com/location-suite-avec-jacuzzi-privatif-en-essonne.html,91,Le DOMAINE MALAR propose une expérience unique avec la Location suite avec jacuzzi privatif en Essonne. Bienvenue dans un univers de raffinement et de bien-être Location suite avec jacuzzi privatif en Essonne - domaine malar. Le DOMAINE MALAR propose une expérience unique avec la Location suite avec jacuzzi privatif en Essonne. Bienvenue dans un univers de raffinement et de bien-être centre_bien_etre  Location suite avec jacuzzi privatif en Essonne - domaine malar,,Location suite avec jacuzzi privatif en Essonne - domaine malar. Le DOMAINE MALAR propose une expérience unique avec la Location suite avec jacuzzi privatif en Essonne. Bienvenue dans un univers de raffinement et de bien-être,60,2026-06-19,,,,,[],Location suite avec jacuzzi privatif en Essonne - domaine malar,location suite avec jacuzzi privatif en essonne domaine malar,,"['activité bodywork +14', 'catégorie centre_bien_etre +16', 'site web']",low,src_https-www-domainemalar91-com-locatio_5d968beeba,web_search,https://www.domainemalar91.com/location-suite-avec-jacuzzi-privatif-en-essonne.html,[],https://www.domainemalar91.com/location-suite-avec-jacuzzi-privatif-en-essonne.html
10,['bodywork'],,cand_location-de-salle-essonne-abc-salles_5849e07e70,new,,centre_bien_etre,Essonne,35,[],,abcsalles.com/location-de-salle-2_essonne_d.html,91,ABC Salles vous aide pour la location de salle en Essonne (91). Location de salle Essonne — ABC Salles. ABC Salles vous aide pour la location de salle en Essonne (91). centre_bien_etre  Location de salle Essonne — ABC Salles,,Location de salle Essonne — ABC Salles. ABC Salles vous aide pour la location de salle en Essonne (91).,60,2026-06-19,,,,,[],Location de salle Essonne — ABC Salles,location de salle essonne abc salles,,"['activité bodywork +14', 'catégorie centre_bien_etre +16', 'site web']",low,src_https-www-abcsalles-com-location-de-_4152c7f27f,web_search,https://www.abcsalles.com/location-de-salle-2_essonne_d.html,[],https://www.abcsalles.com/location-de-salle-2_essonne_d.html
10,['bodywork'],,cand_recherche-espace-bien-etre-en-locati_5e9b8bd5ce,new,,centre_bien_etre,Essonne,35,[],,facebook.com/groups/locationcabinetmedical/posts/2099558477501763,91,"Bonjour, Je suis votre publication car je suis également en recherche d'un lieu où recevoir des groupes dans le même secteur Peut être recherche espace bien-être en location/partage – Essonne / Seine .... Bonjour, Je suis votre publication car je suis également en recherche d'un lieu où recevoir des groupes dans le même secteur Peut être centre_bien_etre  recherche espace bien-être en location/partage – Essonne / Seine ...",,"recherche espace bien-être en location/partage – Essonne / Seine .... Bonjour, Je suis votre publication car je suis également en recherche d'un lieu où recevoir des groupes dans le même secteur Peut être",60,2026-06-19,,,,,[],recherche espace bien-être en location/partage – Essonne / Seine ...,recherche espace bien etre en location partage essonne seine,,"['activité bodywork +14', 'catégorie centre_bien_etre +16', 'site web']",low,src_https-www-facebook-com-groups-locati_e029371c75,web_search,https://www.facebook.com/groups/locationcabinetmedical/posts/2099558477501763,[],https://www.facebook.com/groups/locationcabinetmedical/posts/2099558477501763
10,['bodywork'],,cand_location-salle-de-formation-dans-le-_f6aea164cd,new,,centre_bien_etre,Val-d'Oise,60,[],,pavillon-napoleon.fr/location-salle-de-formation-val-d-oise.html,95,"Le PAVILLON NAPOLÉON vous propose une location de salle de formation dans le Val-d'Oise, avec un cadre professionnel et des équipements modernes. Location salle de formation dans le Val-d'Oise. Le PAVILLON NAPOLÉON vous propose une location de salle de formation dans le Val-d'Oise, avec un cadre professionnel et des équipements modernes. centre_bien_etre  Location salle de formation dans le Val-d'Oise",,"Location salle de formation dans le Val-d'Oise. Le PAVILLON NAPOLÉON vous propose une location de salle de formation dans le Val-d'Oise, avec un cadre professionnel et des équipements modernes.",60,2026-06-19,,,,,[],Location salle de formation dans le Val-d'Oise,location salle de formation dans le val d oise,,"['activité bodywork +14', 'catégorie centre_bien_etre +16', 'site web']",medium,src_https-www-pavillon-napoleon-fr-locat_9f1c75e037,web_search,https://www.pavillon-napoleon.fr/location-salle-de-formation-val-d-oise.html,[],https://www.pavillon-napoleon.fr/location-salle-de-formation-val-d-oise.html
10,['bodywork'],,cand_location-salle-de-formation-dans-le-_70c71545d8,new,,centre_bien_etre,Val-d'Oise,35,[],,1001salles.com/salle-de-formation-3-val-d-oise-d.html,95,"78 résultat(s) - Location salle de formation dans le Val-d'Oise (95). 2. Location salle de formation. # Location salle de formation dans le Val-d'Oise (95). Vous êtes sur le point d'organiser un événement de type professionnel et vous recherchezune salle de formation qui se trouve en region Ile de France , qui soit à la hauteur de vos exigences ? C'est ce qui vous attend en vous rendant sur 1001Salles : notre site web vous est totalement ouverte et vous offre l'opportunité de trouver de nombreuses typologies de salles, pour de nombreuses occasions. ## Salle de formation Ile de France : un lieu idéal selon vos souhaits et votre budget. Planifier un événement professionnel nécessite énormément de rigueur : pour sélectionner une salle de formation vous devrez prendre le temps de manière à avoir la certitude de réunir tous les critères. Location salle de formation : Le Domaine des Cormellas est un lieu pensé pour les séminaires et les événements d'entreprise. Montmorency - Val-d'Oise (95). Location salle de formation dans le Val-d'Oise (95) - 1001 Salles PRO. 78 résultat(s) - Location salle de formation dans le Val-d'Oise (95). 2. Location salle de formation. # Location salle de formation dans le Val-d'Oise (95). Vous êtes sur le point d'organiser un événement de type professionnel et vous recherchezune salle de formation qui se trouve en region Ile de France , qui soit à la hauteur de vos exigences ? C'est ce qui vous attend en vous rendant sur 1001Salles : notre site web vous est totalement ouverte et vous offre l'opportunité de trouver de nombreuses typologies de salles, pour de nombreuses occasions. ## Salle de formation Ile de France : un lieu idéal selon vos souhaits et votre budget. Planifier un événement professionnel nécessite énormément de rigueur : pour sélectionner une salle de formation vous devrez prendre le temps de manière à avoir la certitude de réunir tous les critères. Location salle de formation : Le Domaine des Cormellas est un lieu pensé pour les sé centre_bien_etre  Location salle de formation dans le Val-d'Oise (95) - 1001 Salles PRO",,"Location salle de formation dans le Val-d'Oise (95) - 1001 Salles PRO. 78 résultat(s) - Location salle de formation dans le Val-d'Oise (95). 2. Location salle de formation. # Location salle de formation dans le Val-d'Oise (95). Vous êtes sur le point d'organiser un événement de type professionnel et vous recherchezune salle de formation qui se trouve en region Ile de France , qui soit à la hauteur de vos exigences ? C'est ce qui vous attend en vous rendant sur 1001Salles : notre site web vous est totalement ouverte et vous offre l'opportunité de trouver de nombreuses typologies de salles, pour de nombreuses occasions. ## Salle de formation Ile de France : un lieu idéal selon vos souhaits et votre budget. Planifier un événement professionnel nécessite énormément de rigueur : pour sélectionner une salle de formation vous devrez prendre le temps de manière à avoir la certitude de réunir tous les critères. Location salle de formation : Le Domaine des Cormellas est un lieu pensé pour les sé",60,2026-06-19,,,,,[],Location salle de formation dans le Val-d'Oise (95) - 1001 Salles PRO,location salle de formation dans le val d oise 95 1001 salles pro,,"['activité bodywork +14', 'catégorie centre_bien_etre +16', 'site web']",low,src_https-www-1001salles-com-salle-de-fo_b033065d33,web_search,https://www.1001salles.com/salle-de-formation-3-val-d-oise-d.html,[],https://www.1001salles.com/salle-de-formation-3-val-d-oise-d.html
10,['bodywork'],,cand_location-salle-de-reunion-val-d-oise_6653834015,new,,centre_bien_etre,Val-d'Oise,60,[],,espace-jules-cesar.fr/location-salle-reunion-val-doise-95-guide-checklist,95,"Salle de réunion et de formation dans le Val-d’Oise (95), équipée pour une location professionnelle. # Location salle de réunion Val-d’Oise (95) : guide + checklist. Vous cherchez une **Location de salle de réunion dans le Val-d’Oise (95)** pour une **Réunion d’équipe**, une **Formation**, un **Workshop** ou un **Séminaire** ? Le problème n’est pas de trouver une salle, mais de choisir **la bonne** : **Capacité adaptée**, **Configuration efficace**, **Équipements fiables**, **Accès simple**. Que vous cherchiez une **Salle de réunion** ou une **Salle de formation dans le Val-d’Oise**, l’objectif reste le même : **réserver vite et bien**, sans mauvaise surprise. ## 2) Capacité : la règle la plus rentable en location de salle (95). L’erreur n°1 en **Location de salle de réunion dans le Val-d’Oise** : **réserver trop petit**. ### Location salle de réunion 20 personnes. ##### Quelle capacité prévoir pour une location de salle de réunion dans le Val-d’Oise (95) ? ##### Quel délai pour réserver une salle de réunion ou de formation dans le Val-d’Oise (95) ? Location salle de réunion Val-d’Oise(95) : guide + checklist. Salle de réunion et de formation dans le Val-d’Oise (95), équipée pour une location professionnelle. # Location salle de réunion Val-d’Oise (95) : guide + checklist. Vous cherchez une **Location de salle de réunion dans le Val-d’Oise (95)** pour une **Réunion d’équipe**, une **Formation**, un **Workshop** ou un **Séminaire** ? Le problème n’est pas de trouver une salle, mais de choisir **la bonne** : **Capacité adaptée**, **Configuration efficace**, **Équipements fiables**, **Accès simple**. Que vous cherchiez une **Salle de réunion** ou une **Salle de formation dans le Val-d’Oise**, l’objectif reste le même : **réserver vite et bien**, sans mauvaise surprise. ## 2) Capacité : la règle la plus rentable en location de salle (95). L’erreur n°1 en **Location de salle de réunion dans le Val-d’Oise** : **réserver trop petit**. ### Location salle de réunion 20 personnes. ##### Quelle capacité prévoir pour une location de salle de  centre_bien_etre  Location salle de réunion Val-d’Oise(95) : guide + checklist",,"Location salle de réunion Val-d’Oise(95) : guide + checklist. Salle de réunion et de formation dans le Val-d’Oise (95), équipée pour une location professionnelle. # Location salle de réunion Val-d’Oise (95) : guide + checklist. Vous cherchez une **Location de salle de réunion dans le Val-d’Oise (95)** pour une **Réunion d’équipe**, une **Formation**, un **Workshop** ou un **Séminaire** ? Le problème n’est pas de trouver une salle, mais de choisir **la bonne** : **Capacité adaptée**, **Configuration efficace**, **Équipements fiables**, **Accès simple**. Que vous cherchiez une **Salle de réunion** ou une **Salle de formation dans le Val-d’Oise**, l’objectif reste le même : **réserver vite et bien**, sans mauvaise surprise. ## 2) Capacité : la règle la plus rentable en location de salle (95). L’erreur n°1 en **Location de salle de réunion dans le Val-d’Oise** : **réserver trop petit**. ### Location salle de réunion 20 personnes. ##### Quelle capacité prévoir pour une location de salle de ",52,2026-06-19,,,,,[],Location salle de réunion Val-d’Oise(95) : guide + checklist,location salle de reunion val d oise 95 guide checklist,,"['activité bodywork +14', 'catégorie centre_bien_etre +16', 'preuve - salle de réunion', 'site web']",medium,src_https-espace-jules-cesar-fr-location_00bedd3584,web_search,https://espace-jules-cesar.fr/location-salle-reunion-val-doise-95-guide-checklist,[],https://espace-jules-cesar.fr/location-salle-reunion-val-doise-95-guide-checklist
10,['bodywork'],,cand_location-de-salles-de-reunion-semina_4ff653665b,new,,centre_bien_etre,Val-d'Oise,60,[],,entreprises.cci-paris-idf.fr/offres/louez-vos-espaces-de-travail-la-cci-95,95,"# Louez vos espaces de travail à la CCI 95. Des espaces professionnels pour vos réunions et événements. ## Vous avez besoin d’une salle adaptée pour un événement professionnel, une réunion ou une formation ? La CCI 95 met à votre disposition des espaces modulables et équipés pour répondre aux besoins des entreprises, dirigeants et organisations souhaitant organiser des moments d’échanges ou d’apprentissage dans un cadre professionnel. ## Les + de la location de salles CCI 95. Située au coeur de l'agglomération de Cergy-Pontoise, Pôle économique majeur du Grand Paris, entre Paris et le Grand Ouest, la CCI Val-d'Oise propose la location d'espaces pour des réunions, séminaires où vous pouvez travailler efficacement. **Au sein du btiment CCI dans le quartier ""Grand Centre"" à Cergy :**. * 5 salles de réunion modernes et équipées (de 24m² à 132m²) - Heure supplémentaire HT : 50€. * Axes routiers  - La Défense et Paris par l’A15 et l'A86  ou Versailles et l'ouest parisien par la N184... Location de salles de réunion / séminaire CCI Val-d'Oise - Cergy. # Louez vos espaces de travail à la CCI 95. Des espaces professionnels pour vos réunions et événements. ## Vous avez besoin d’une salle adaptée pour un événement professionnel, une réunion ou une formation ? La CCI 95 met à votre disposition des espaces modulables et équipés pour répondre aux besoins des entreprises, dirigeants et organisations souhaitant organiser des moments d’échanges ou d’apprentissage dans un cadre professionnel. ## Les + de la location de salles CCI 95. Située au coeur de l'agglomération de Cergy-Pontoise, Pôle économique majeur du Grand Paris, entre Paris et le Grand Ouest, la CCI Val-d'Oise propose la location d'espaces pour des réunions, séminaires où vous pouvez travailler efficacement. **Au sein du btiment CCI dans le quartier ""Grand Centre"" à Cergy :**. * 5 salles de réunion modernes et équipées (de 24m² à 132m²) - Heure supplémentaire HT : 50€. * Axes routiers  - La Défense et Paris par l’A1 centre_bien_etre  Location de salles de réunion / séminaire CCI Val-d'Oise - Cergy",,"Location de salles de réunion / séminaire CCI Val-d'Oise - Cergy. # Louez vos espaces de travail à la CCI 95. Des espaces professionnels pour vos réunions et événements. ## Vous avez besoin d’une salle adaptée pour un événement professionnel, une réunion ou une formation ? La CCI 95 met à votre disposition des espaces modulables et équipés pour répondre aux besoins des entreprises, dirigeants et organisations souhaitant organiser des moments d’échanges ou d’apprentissage dans un cadre professionnel. ## Les + de la location de salles CCI 95. Située au coeur de l'agglomération de Cergy-Pontoise, Pôle économique majeur du Grand Paris, entre Paris et le Grand Ouest, la CCI Val-d'Oise propose la location d'espaces pour des réunions, séminaires où vous pouvez travailler efficacement. **Au sein du btiment CCI dans le quartier ""Grand Centre"" à Cergy :**. * 5 salles de réunion modernes et équipées (de 24m² à 132m²) - Heure supplémentaire HT : 50€. * Axes routiers  - La Défense et Paris par l’A1",70,2026-06-19,,,,,[],Location de salles de réunion / séminaire CCI Val-d'Oise - Cergy,location de salles de reunion seminaire cci val d oise cergy,,"['activité bodywork +14', 'espace modular +10', 'catégorie centre_bien_etre +16', 'site web']",medium,src_https-www-entreprises-cci-paris-idf-_e7cd3106b3,web_search,https://www.entreprises.cci-paris-idf.fr/offres/louez-vos-espaces-de-travail-la-cci-95,['modular'],https://www.entreprises.cci-paris-idf.fr/offres/louez-vos-espaces-de-travail-la-cci-95
10,['bodywork'],,cand_les-meilleures-salles-a-louer-val-d-_77fc4a6c80,new,,centre_bien_etre,Val-d'Oise,35,[],,privateaser.com/location-salle/top-salles-val-d-oise-95000,95,"Trouvez une salle à louer pour votre évènement, privé ou professionnel. Demandez un devis ou réservez directement en ligne. Sans frais ni commission. Les meilleures salles à louer - Val-d'Oise. Trouvez une salle à louer pour votre évènement, privé ou professionnel. Demandez un devis ou réservez directement en ligne. Sans frais ni commission. centre_bien_etre  Les meilleures salles à louer - Val-d'Oise",,"Les meilleures salles à louer - Val-d'Oise. Trouvez une salle à louer pour votre évènement, privé ou professionnel. Demandez un devis ou réservez directement en ligne. Sans frais ni commission.",60,2026-06-19,,,,,[],Les meilleures salles à louer - Val-d'Oise,les meilleures salles a louer val d oise,,"['activité bodywork +14', 'catégorie centre_bien_etre +16', 'site web']",low,src_https-www-privateaser-com-location-s_196e2153b2,web_search,https://www.privateaser.com/location-salle/top-salles-val-d-oise-95000,[],https://www.privateaser.com/location-salle/top-salles-val-d-oise-95000
10,[],,cand_location-de-salle-seminaire-evenemen_2e1d8fdcaf,new,,salle_mouvement,Paris,60,[],,ymcafrance.fr/nos-actions-jeunesse-tourisme-inclusion/tourisme-social-et-solidaire/location-de-salle-seminaire-evenement,75,"Un service de restauration en salle ou en terrasse lors des beaux séjours est disponible. * C.Zell (188m²) : jusqu’à 220 places en thétre, en salle plénière ou en 2 salles de sous-commission de 116m² et de 72m². * C.Zell 1 (116m²) : jusqu’à 100 places en thétre et 40 places assises. Le centre d’activités de l’UCJG de Paris propose un ensemble des salles variées, ouvertes pour la plupart à la location, à l’année ou ponctuellement, pour des événements exceptionnels (conférences, réceptions, réunions, tournage de films, etc.). * Gymnase (sous-sol) : salle de 300 m² avec parquet et piste de course incurvée. * Salles 2 et 3 (2ème étage) : 2 salles d’environ 70 m² avec parquet flottant ou lino et porte communicante. * Les cabanons : le Cabanon (50m²) et Patouille (25m²). Un salon et « bar » avec réfrigérateur, cafetière, bouilloire et tout le nécessaire pour la préparation de boissons chaudes en libre service. Location de salle, séminaire & événement - YMCA - Mouvement de Jeunesse. Un service de restauration en salle ou en terrasse lors des beaux séjours est disponible. * C.Zell (188m²) : jusqu’à 220 places en thétre, en salle plénière ou en 2 salles de sous-commission de 116m² et de 72m². * C.Zell 1 (116m²) : jusqu’à 100 places en thétre et 40 places assises. Le centre d’activités de l’UCJG de Paris propose un ensemble des salles variées, ouvertes pour la plupart à la location, à l’année ou ponctuellement, pour des événements exceptionnels (conférences, réceptions, réunions, tournage de films, etc.). * Gymnase (sous-sol) : salle de 300 m² avec parquet et piste de course incurvée. * Salles 2 et 3 (2ème étage) : 2 salles d’environ 70 m² avec parquet flottant ou lino et porte communicante. * Les cabanons : le Cabanon (50m²) et Patouille (25m²). Un salon et « bar » avec réfrigérateur, cafetière, bouilloire et tout le nécessaire pour la préparation de boissons chaudes en libre service. salle_mouvement  Location de salle, séminaire & événement - YMCA - Mouvement de Jeunesse",,"Location de salle, séminaire & événement - YMCA - Mouvement de Jeunesse. Un service de restauration en salle ou en terrasse lors des beaux séjours est disponible. * C.Zell (188m²) : jusqu’à 220 places en thétre, en salle plénière ou en 2 salles de sous-commission de 116m² et de 72m². * C.Zell 1 (116m²) : jusqu’à 100 places en thétre et 40 places assises. Le centre d’activités de l’UCJG de Paris propose un ensemble des salles variées, ouvertes pour la plupart à la location, à l’année ou ponctuellement, pour des événements exceptionnels (conférences, réceptions, réunions, tournage de films, etc.). * Gymnase (sous-sol) : salle de 300 m² avec parquet et piste de course incurvée. * Salles 2 et 3 (2ème étage) : 2 salles d’environ 70 m² avec parquet flottant ou lino et porte communicante. * Les cabanons : le Cabanon (50m²) et Patouille (25m²). Un salon et « bar » avec réfrigérateur, cafetière, bouilloire et tout le nécessaire pour la préparation de boissons chaudes en libre service.",62,2026-06-19,,,,,[],"Location de salle, séminaire & événement - YMCA - Mouvement de Jeunesse",location de salle seminaire evenement ymca mouvement de jeunesse,,"['espace wood_floor +12', 'catégorie salle_mouvement +20', 'preuve + mouvement', 'preuve + parquet', 'preuve - réception', 'site web']",medium,src_https-ymcafrance-fr-nos-actions-jeun_9863745d2e,web_search,https://ymcafrance.fr/nos-actions-jeunesse-tourisme-inclusion/tourisme-social-et-solidaire/location-de-salle-seminaire-evenement,['wood_floor'],https://ymcafrance.fr/nos-actions-jeunesse-tourisme-inclusion/tourisme-social-et-solidaire/location-de-salle-seminaire-evenement
10,[],,cand_circle-movement-un-nouveau-genre-de-_b88c2a4dbf,new,,salle_mouvement,Paris,35,[],,circle-movement.com,75,Circle Movement est une <b>salle</b> ・ au coeur du 11ème arrondissement à <b>Paris</b>. SALLE À PARIS ・ contact@circle-movement.com Circle Movement - Un nouveau genre de salle de sport - Paris 11. Circle Movement est une <b>salle</b> ・ au coeur du 11ème arrondissement à <b>Paris</b>. SALLE À PARIS ・ contact@circle-movement.com salle_mouvement  Circle Movement - Un nouveau genre de salle de sport - Paris 11,,Circle Movement - Un nouveau genre de salle de sport - Paris 11. Circle Movement est une <b>salle</b> ・ au coeur du 11ème arrondissement à <b>Paris</b>. SALLE À PARIS ・ contact@circle-movement.com,54,2026-06-19,,,,,[],Circle Movement - Un nouveau genre de salle de sport - Paris 11,circle movement un nouveau genre de salle de sport paris 11,,"['catégorie salle_mouvement +20', 'preuve + mouvement', 'site web']",low,src_https-www-circle-movement-com_f98938b3ec,web_search,https://www.circle-movement.com,[],https://www.circle-movement.com
10,[],,cand_location-salle-paris-1000-espaces-un_96d43cec9d,new,,salle_mouvement,Paris,35,[],,unesalleaparis.com,75,"# Location de Salle à Paris. Que vous organisiez un mariage, une soirée d'entreprise, un séminaire, le choix du lieu est déterminant pour la réussite de votre projet. Nous avons classé pour vous nos lieux partenaires par type de lieu : salle des fêtes à Paris,  la location de rooftop à paris un loft moderne pour une soirée à la pointe de la tendance, une péniche pour une croisière féérique sur la Seine, un espace en plein air pour un événement aéré, un pop up store ou un showroom pour un lancement de produit réussi, nos salles des fêtes à Paris, un pavillon ou un palace pour une soirée de gala de renom, pour un anniversaire, consultez notre guide des salles d'anniversaire à Paris., une salle de conférence à Paris pour votre congrès annuel ou une salle de séminaire à Paris ? Location Salle Paris : +1000 Espaces Uniques. # Location de Salle à Paris. Que vous organisiez un mariage, une soirée d'entreprise, un séminaire, le choix du lieu est déterminant pour la réussite de votre projet. Nous avons classé pour vous nos lieux partenaires par type de lieu : salle des fêtes à Paris,  la location de rooftop à paris un loft moderne pour une soirée à la pointe de la tendance, une péniche pour une croisière féérique sur la Seine, un espace en plein air pour un événement aéré, un pop up store ou un showroom pour un lancement de produit réussi, nos salles des fêtes à Paris, un pavillon ou un palace pour une soirée de gala de renom, pour un anniversaire, consultez notre guide des salles d'anniversaire à Paris., une salle de conférence à Paris pour votre congrès annuel ou une salle de séminaire à Paris ? salle_mouvement  Location Salle Paris : +1000 Espaces Uniques",,"Location Salle Paris : +1000 Espaces Uniques. # Location de Salle à Paris. Que vous organisiez un mariage, une soirée d'entreprise, un séminaire, le choix du lieu est déterminant pour la réussite de votre projet. Nous avons classé pour vous nos lieux partenaires par type de lieu : salle des fêtes à Paris,  la location de rooftop à paris un loft moderne pour une soirée à la pointe de la tendance, une péniche pour une croisière féérique sur la Seine, un espace en plein air pour un événement aéré, un pop up store ou un showroom pour un lancement de produit réussi, nos salles des fêtes à Paris, un pavillon ou un palace pour une soirée de gala de renom, pour un anniversaire, consultez notre guide des salles d'anniversaire à Paris., une salle de conférence à Paris pour votre congrès annuel ou une salle de séminaire à Paris ?",46,2026-06-19,,,,,[],Location Salle Paris : +1000 Espaces Uniques,location salle paris 1000 espaces uniques,,"['catégorie salle_mouvement +20', 'preuve + mouvement', 'preuve - mariage', 'site web']",low,src_https-www-unesalleaparis-com_57bfc5a71a,web_search,https://www.unesalleaparis.com,[],https://www.unesalleaparis.com
10,['dance'],,cand_comment-louer-une-salle-de-sport-a-p_3b1325bdea,new,,salle_mouvement,Paris,35,['premium_price'],,briostudios.io/blog/comment-louer-une-salle-de-sport-a-paris-le-guide-complet-pour-trouver-le-meilleur-espace-sportif,75,Studios fitness : 20 à 100€ / heure · Salles de danse : 15 à 70 € / heure · Espaces premium / événementiels : 60 à 200 € / heure Comment louer une salle de sport à Paris ? Le guide complet pour .... Studios fitness : 20 à 100€ / heure · Salles de danse : 15 à 70 € / heure · Espaces premium / événementiels : 60 à 200 € / heure salle_mouvement  Comment louer une salle de sport à Paris ? Le guide complet pour ...,,Comment louer une salle de sport à Paris ? Le guide complet pour .... Studios fitness : 20 à 100€ / heure · Salles de danse : 15 à 70 € / heure · Espaces premium / événementiels : 60 à 200 € / heure,56,2026-06-19,,,,,[],Comment louer une salle de sport à Paris ? Le guide complet pour ...,comment louer une salle de sport a paris le guide complet pour,,"['activité dance +18', 'contrainte premium_price -20', 'catégorie salle_mouvement +20', 'preuve + danse', 'preuve + mouvement', 'site web']",low,src_https-briostudios-io-blog-comment-lo_c654813291,web_search,https://briostudios.io/blog/comment-louer-une-salle-de-sport-a-paris-le-guide-complet-pour-trouver-le-meilleur-espace-sportif,[],https://briostudios.io/blog/comment-louer-une-salle-de-sport-a-paris-le-guide-complet-pour-trouver-le-meilleur-espace-sportif
10,[],,cand_les-meilleures-salles-a-louer-hauts-_d853d754df,new,,salle_mouvement,Hauts-de-Seine,35,[],,privateaser.com/location-salle/top-salles-evenementiel-hauts-de-seine-92,92,"Voir les lieux Location de salle   Location de salle. Vous souhaitez réserver une salle évènementiel dans les Hauts-de-Seine pour organiser votre évènement ? **Notre top des salles événementiel à louer dans les Hauts-de-Seine** est là pour vous ! Vous pourrez profiter de nombreux services durant votre évènement, les salles référencées dans ce guide étant des salles événementiel à louer dans les Hauts-de-Seines spécialisées dans l’organisation d’évènements. Facilitez l’organisation de votre évènement en réservant une salle évènementiel dans les Hauts-de-Seine. * Le Bel Ami (Péniche), Salle de location Paris Trocadéro #0. * Le Club Balmoral, Salle de location Paris Ternes #0. * Le Pavillon Presbourg et Etoile, Salle de location Paris Etoile #0. * Le Club de l'Etoile, Salle de location Paris Ternes #0. * Péniche Le Chansonnier, Salle de location Paris Tour Eiffel #0. * Le Poulbot (Privatisation), Salle de location Paris Montmartre #0. * Le Paris - Privatisation, Salle de location Paris Trocadéro #0. ### Le Paris - Privatisation. Les meilleures salles à louer - Hauts-de-Seine | Privateaser. Voir les lieux Location de salle   Location de salle. Vous souhaitez réserver une salle évènementiel dans les Hauts-de-Seine pour organiser votre évènement ? **Notre top des salles événementiel à louer dans les Hauts-de-Seine** est là pour vous ! Vous pourrez profiter de nombreux services durant votre évènement, les salles référencées dans ce guide étant des salles événementiel à louer dans les Hauts-de-Seines spécialisées dans l’organisation d’évènements. Facilitez l’organisation de votre évènement en réservant une salle évènementiel dans les Hauts-de-Seine. * Le Bel Ami (Péniche), Salle de location Paris Trocadéro #0. * Le Club Balmoral, Salle de location Paris Ternes #0. * Le Pavillon Presbourg et Etoile, Salle de location Paris Etoile #0. * Le Club de l'Etoile, Salle de location Paris Ternes #0. * Péniche Le Chansonnier, Salle de location Paris Tour Eiffel #0. * Le Poulbot (Privatisation), Salle de location Paris Montmar salle_mouvement  Les meilleures salles à louer - Hauts-de-Seine | Privateaser",,"Les meilleures salles à louer - Hauts-de-Seine | Privateaser. Voir les lieux Location de salle   Location de salle. Vous souhaitez réserver une salle évènementiel dans les Hauts-de-Seine pour organiser votre évènement ? **Notre top des salles événementiel à louer dans les Hauts-de-Seine** est là pour vous ! Vous pourrez profiter de nombreux services durant votre évènement, les salles référencées dans ce guide étant des salles événementiel à louer dans les Hauts-de-Seines spécialisées dans l’organisation d’évènements. Facilitez l’organisation de votre évènement en réservant une salle évènementiel dans les Hauts-de-Seine. * Le Bel Ami (Péniche), Salle de location Paris Trocadéro #0. * Le Club Balmoral, Salle de location Paris Ternes #0. * Le Pavillon Presbourg et Etoile, Salle de location Paris Etoile #0. * Le Club de l'Etoile, Salle de location Paris Ternes #0. * Péniche Le Chansonnier, Salle de location Paris Tour Eiffel #0. * Le Poulbot (Privatisation), Salle de location Paris Montmar",54,2026-06-19,,,,,[],Les meilleures salles à louer - Hauts-de-Seine | Privateaser,les meilleures salles a louer hauts de seine privateaser,,"['catégorie salle_mouvement +20', 'preuve + mouvement', 'site web']",low,src_https-www-privateaser-com-location-s_2b0a4d2155,web_search,https://www.privateaser.com/location-salle/top-salles-evenementiel-hauts-de-seine-92,[],https://www.privateaser.com/location-salle/top-salles-evenementiel-hauts-de-seine-92
10,[],,cand_location-de-salle-dans-les-hauts-de-_bfbafce868,new,,salle_mouvement,Hauts-de-Seine,60,[],,snapevent.fr/location-de-salle/paris/departement-92,92,"Avec SnapEvent, trouvez la location atypique idéale pour votre événement dans les Hauts de Seine (92) ‎✓ Choisissez le lieu à louer pour votre soirée ! Location de Salle dans les Hauts de Seine (92) - SnapEvent. Avec SnapEvent, trouvez la location atypique idéale pour votre événement dans les Hauts de Seine (92) ‎✓ Choisissez le lieu à louer pour votre soirée ! salle_mouvement  Location de Salle dans les Hauts de Seine (92) - SnapEvent",,"Location de Salle dans les Hauts de Seine (92) - SnapEvent. Avec SnapEvent, trouvez la location atypique idéale pour votre événement dans les Hauts de Seine (92) ‎✓ Choisissez le lieu à louer pour votre soirée !",54,2026-06-19,,,,,[],Location de Salle dans les Hauts de Seine (92) - SnapEvent,location de salle dans les hauts de seine 92 snapevent,,"['catégorie salle_mouvement +20', 'preuve + mouvement', 'site web']",medium,src_https-www-snapevent-fr-location-de-s_ad31b7dfa1,web_search,https://www.snapevent.fr/location-de-salle/paris/departement-92,[],https://www.snapevent.fr/location-de-salle/paris/departement-92
10,[],,cand_location-de-salles-et-lieux-de-semin_e157b66aec,new,,salle_mouvement,Hauts-de-Seine,35,[],,kactus.com/fr/cat/lieux/seminaire/hauts-de-seine,92,"Hôtel séminaire en Île-de-France. Salles de Réunion à Lyon. Salles de Réunion à Paris. Séminaire atypique en Île-de-France. Séminaire en Île-de-France. # Location de salles et lieux de séminaire dans les Hauts-de-Seine. Accédez aux meilleurs établissements dans les Hauts-de-Seine. * Salles de Réunion à Toulouse. * Séminaire à Issy-les-Moulineaux. ## Les meilleurs lieux pour vos événements professionnels dans les Hauts-de-Seine. Tout près de Paris, les Hauts-de-Seine sont l’emplacement idéal pour les événements professionnels. Pour un séminaire en plein cœur du quartier de La Défense, optez pour une salle à Puteaux ou Nanterre. Si vous souhaitez bénéficier d’un cadre plus vert et d’un espace raffiné, choisissez l’un des établissements du Bois de Boulogne. Enfin, les Hauts de Seine offrent de magnifiques espaces pour un team building en pleine nature avec, notamment, les étangs de Ville d’Avray. L’Hôtel Le Bout du Parc est un café hôtel restaurant, situé au cœur d'un espace naturel de 2 ha aux abords du Chteau de Versailles. Location de salles et lieux de séminaire dans les Hauts-de-Seine. Hôtel séminaire en Île-de-France. Salles de Réunion à Lyon. Salles de Réunion à Paris. Séminaire atypique en Île-de-France. Séminaire en Île-de-France. # Location de salles et lieux de séminaire dans les Hauts-de-Seine. Accédez aux meilleurs établissements dans les Hauts-de-Seine. * Salles de Réunion à Toulouse. * Séminaire à Issy-les-Moulineaux. ## Les meilleurs lieux pour vos événements professionnels dans les Hauts-de-Seine. Tout près de Paris, les Hauts-de-Seine sont l’emplacement idéal pour les événements professionnels. Pour un séminaire en plein cœur du quartier de La Défense, optez pour une salle à Puteaux ou Nanterre. Si vous souhaitez bénéficier d’un cadre plus vert et d’un espace raffiné, choisissez l’un des établissements du Bois de Boulogne. Enfin, les Hauts de Seine offrent de magnifiques espaces pour un team building en pleine nature avec, notamment, les étangs de Ville d’Avray. L’Hôtel Le Bout du Parc est salle_mouvement  Location de salles et lieux de séminaire dans les Hauts-de-Seine",,"Location de salles et lieux de séminaire dans les Hauts-de-Seine. Hôtel séminaire en Île-de-France. Salles de Réunion à Lyon. Salles de Réunion à Paris. Séminaire atypique en Île-de-France. Séminaire en Île-de-France. # Location de salles et lieux de séminaire dans les Hauts-de-Seine. Accédez aux meilleurs établissements dans les Hauts-de-Seine. * Salles de Réunion à Toulouse. * Séminaire à Issy-les-Moulineaux. ## Les meilleurs lieux pour vos événements professionnels dans les Hauts-de-Seine. Tout près de Paris, les Hauts-de-Seine sont l’emplacement idéal pour les événements professionnels. Pour un séminaire en plein cœur du quartier de La Défense, optez pour une salle à Puteaux ou Nanterre. Si vous souhaitez bénéficier d’un cadre plus vert et d’un espace raffiné, choisissez l’un des établissements du Bois de Boulogne. Enfin, les Hauts de Seine offrent de magnifiques espaces pour un team building en pleine nature avec, notamment, les étangs de Ville d’Avray. L’Hôtel Le Bout du Parc est",54,2026-06-19,,,,,[],Location de salles et lieux de séminaire dans les Hauts-de-Seine,location de salles et lieux de seminaire dans les hauts de seine,,"['catégorie salle_mouvement +20', 'preuve + mouvement', 'site web']",low,src_https-www-kactus-com-fr-cat-lieux-se_f72f65e7b8,web_search,https://www.kactus.com/fr/cat/lieux/seminaire/hauts-de-seine,[],https://www.kactus.com/fr/cat/lieux/seminaire/hauts-de-seine
10,[],,cand_location-de-salle-dans-les-hauts-de-_ab2f1688e7,new,,salle_mouvement,Hauts-de-Seine,35,[],,chateauform.com/fr/lp/location-salle/france/ile-de-france/hauts-de-seine,92,Nos salles de réunion dans les Hauts-de-Seine et à proximité ; La Manufacture. 150 · Métro Corentin Celton ; La Grande Verrière du CNIT. 400 · Métro La Défense Location de salle dans les Hauts-de-Seine (92) avec Chateauform'. Nos salles de réunion dans les Hauts-de-Seine et à proximité ; La Manufacture. 150 · Métro Corentin Celton ; La Grande Verrière du CNIT. 400 · Métro La Défense salle_mouvement  Location de salle dans les Hauts-de-Seine (92) avec Chateauform',,Location de salle dans les Hauts-de-Seine (92) avec Chateauform'. Nos salles de réunion dans les Hauts-de-Seine et à proximité ; La Manufacture. 150 · Métro Corentin Celton ; La Grande Verrière du CNIT. 400 · Métro La Défense,54,2026-06-19,,,,,[],Location de salle dans les Hauts-de-Seine (92) avec Chateauform',location de salle dans les hauts de seine 92 avec chateauform,,"['catégorie salle_mouvement +20', 'preuve + mouvement', 'site web']",low,src_https-www-chateauform-com-fr-lp-loca_1fd4c9e92d,web_search,https://www.chateauform.com/fr/lp/location-salle/france/ile-de-france/hauts-de-seine,[],https://www.chateauform.com/fr/lp/location-salle/france/ile-de-france/hauts-de-seine
10,[],,cand_salle-des-fetes-hauts-de-seine_e5f0bf71d8,new,,salle_mouvement,Hauts-de-Seine,35,[],,abcsalles.com/salle-des-fetes-2_hauts-de-seine_d.html,92,27 salles à louer dans les Hauts-de-Seine ; Le Manoir Loft 92. Manoir à Nanterre (Hauts-de-Seine) · 2-110 pers. ; La Maison des Arts · La Maison des Arts. Lieu Salle des fêtes Hauts-de-Seine. 27 salles à louer dans les Hauts-de-Seine ; Le Manoir Loft 92. Manoir à Nanterre (Hauts-de-Seine) · 2-110 pers. ; La Maison des Arts · La Maison des Arts. Lieu salle_mouvement  Salle des fêtes Hauts-de-Seine,,Salle des fêtes Hauts-de-Seine. 27 salles à louer dans les Hauts-de-Seine ; Le Manoir Loft 92. Manoir à Nanterre (Hauts-de-Seine) · 2-110 pers. ; La Maison des Arts · La Maison des Arts. Lieu,54,2026-06-19,,,,,[],Salle des fêtes Hauts-de-Seine,salle des fetes hauts de seine,,"['catégorie salle_mouvement +20', 'preuve + mouvement', 'site web']",low,src_https-www-abcsalles-com-salle-des-fe_96349feff5,web_search,https://www.abcsalles.com/salle-des-fetes-2_hauts-de-seine_d.html,[],https://www.abcsalles.com/salle-des-fetes-2_hauts-de-seine_d.html
10,[],,cand_location-de-salle-en-seine-saint-den_b102cce39e,new,,salle_mouvement,Seine-Saint-Denis,35,[],,chateauform.com/fr/lp/location-salle/france/ile-de-france/seine-saint-denis,93,"# Location de salle de réunion pour vos journées d'étude en Seine-Saint-Denis. Aux portes de Paris, Chteauform’ vous invite à découvrir des salles à louer pour tous types d’événements, dans un lieu plein de cachet qui saura surprendre vos invités. ## Des lieux originaux pour vos événements, à Paris et à proximité. La région parisienne et ses alentours vous offrent de nombreuses possibilités de location de salle pour vos événements professionnels. Chteauform’ a sélectionné pour vous à Paris des lieux alliant modernité et élégance pour vos réunions et formations. ### Location de salle Parisimage. A quelques kilomètres de Paris, facilement accessible en métro, trouvez en Seine-Saint-Denis des salles de réunion agréables et adaptées à tous vos types d’événements. Notre formule inclut vos salles de réunion équipées à la lumière du jour, la restauration maison, les pauses gourmandes, l'hébergement, les activités de détente et tout le matériel nécessaire, pour vous offrir un séminaire sans imprévus et en toute sérénité. Location de salle en Seine-Saint-Denis (93200) avec Chateauform’. # Location de salle de réunion pour vos journées d'étude en Seine-Saint-Denis. Aux portes de Paris, Chteauform’ vous invite à découvrir des salles à louer pour tous types d’événements, dans un lieu plein de cachet qui saura surprendre vos invités. ## Des lieux originaux pour vos événements, à Paris et à proximité. La région parisienne et ses alentours vous offrent de nombreuses possibilités de location de salle pour vos événements professionnels. Chteauform’ a sélectionné pour vous à Paris des lieux alliant modernité et élégance pour vos réunions et formations. ### Location de salle Parisimage. A quelques kilomètres de Paris, facilement accessible en métro, trouvez en Seine-Saint-Denis des salles de réunion agréables et adaptées à tous vos types d’événements. Notre formule inclut vos salles de réunion équipées à la lumière du jour, la restauration maison, les pauses gourmandes, l'hébergement, les activités de détente et  salle_mouvement  Location de salle en Seine-Saint-Denis (93200) avec Chateauform’",,"Location de salle en Seine-Saint-Denis (93200) avec Chateauform’. # Location de salle de réunion pour vos journées d'étude en Seine-Saint-Denis. Aux portes de Paris, Chteauform’ vous invite à découvrir des salles à louer pour tous types d’événements, dans un lieu plein de cachet qui saura surprendre vos invités. ## Des lieux originaux pour vos événements, à Paris et à proximité. La région parisienne et ses alentours vous offrent de nombreuses possibilités de location de salle pour vos événements professionnels. Chteauform’ a sélectionné pour vous à Paris des lieux alliant modernité et élégance pour vos réunions et formations. ### Location de salle Parisimage. A quelques kilomètres de Paris, facilement accessible en métro, trouvez en Seine-Saint-Denis des salles de réunion agréables et adaptées à tous vos types d’événements. Notre formule inclut vos salles de réunion équipées à la lumière du jour, la restauration maison, les pauses gourmandes, l'hébergement, les activités de détente et ",46,2026-06-19,,,,,[],Location de salle en Seine-Saint-Denis (93200) avec Chateauform’,location de salle en seine saint denis 93200 avec chateauform,,"['catégorie salle_mouvement +20', 'preuve + mouvement', 'preuve - salle de réunion', 'site web']",low,src_https-www-chateauform-com-fr-lp-loca_69a0610d7c,web_search,https://www.chateauform.com/fr/lp/location-salle/france/ile-de-france/seine-saint-denis,[],https://www.chateauform.com/fr/lp/location-salle/france/ile-de-france/seine-saint-denis
10,[],,cand_les-meilleures-salles-a-louer-seine-_c1be4ed539,new,,salle_mouvement,Seine-Saint-Denis,35,[],,privateaser.com/location-salle/top-salles-seine-saint-denis-93000,93,"Voir les lieux Location de salle   Location de salle. Si la Seine Saint-Denis vous semble l’endroit idéal pour organiser votre évènement, vous avez sans doute raison. * Le Club de l'Etoile, Salle de location Paris Ternes #0. * Le Barbiche La Réplique - Privatisation, Salle de location Paris St Georges #0. * Le Paris - Privatisation, Salle de location Paris Trocadéro #0. ### Le Paris - Privatisation. * YPSELI - Privatisation, Salle de location Paris Sentier  #0. * Stellar by Ephemera - Privatisation, Salle de location Paris Saint-Ambroise #0. * La Belle Vie (Privatisation totale), Salle de location Paris Belleville #0. * Jungle Palace by Ephemera - Privatisation, Salle de location Paris Strasbourg-Saint-Denis #0. * Le Pavillon Presbourg et Etoile, Salle de location Paris Etoile #0. * Le Poulbot (Privatisation), Salle de location Paris Montmartre #0. * Le Paris Clandestin, Salle de location Paris Marais #0. * Les Vins de Montmartre (Privatisation), Salle de location Paris Montmartre #0. Les meilleures salles à louer - Seine-Saint-Denis | Privateaser. Voir les lieux Location de salle   Location de salle. Si la Seine Saint-Denis vous semble l’endroit idéal pour organiser votre évènement, vous avez sans doute raison. * Le Club de l'Etoile, Salle de location Paris Ternes #0. * Le Barbiche La Réplique - Privatisation, Salle de location Paris St Georges #0. * Le Paris - Privatisation, Salle de location Paris Trocadéro #0. ### Le Paris - Privatisation. * YPSELI - Privatisation, Salle de location Paris Sentier  #0. * Stellar by Ephemera - Privatisation, Salle de location Paris Saint-Ambroise #0. * La Belle Vie (Privatisation totale), Salle de location Paris Belleville #0. * Jungle Palace by Ephemera - Privatisation, Salle de location Paris Strasbourg-Saint-Denis #0. * Le Pavillon Presbourg et Etoile, Salle de location Paris Etoile #0. * Le Poulbot (Privatisation), Salle de location Paris Montmartre #0. * Le Paris Clandestin, Salle de location Paris Marais #0. * Les Vins de Mo salle_mouvement  Les meilleures salles à louer - Seine-Saint-Denis | Privateaser",,"Les meilleures salles à louer - Seine-Saint-Denis | Privateaser. Voir les lieux Location de salle   Location de salle. Si la Seine Saint-Denis vous semble l’endroit idéal pour organiser votre évènement, vous avez sans doute raison. * Le Club de l'Etoile, Salle de location Paris Ternes #0. * Le Barbiche La Réplique - Privatisation, Salle de location Paris St Georges #0. * Le Paris - Privatisation, Salle de location Paris Trocadéro #0. ### Le Paris - Privatisation. * YPSELI - Privatisation, Salle de location Paris Sentier  #0. * Stellar by Ephemera - Privatisation, Salle de location Paris Saint-Ambroise #0. * La Belle Vie (Privatisation totale), Salle de location Paris Belleville #0. * Jungle Palace by Ephemera - Privatisation, Salle de location Paris Strasbourg-Saint-Denis #0. * Le Pavillon Presbourg et Etoile, Salle de location Paris Etoile #0. * Le Poulbot (Privatisation), Salle de location Paris Montmartre #0. * Le Paris Clandestin, Salle de location Paris Marais #0. * Les Vins de Mo",54,2026-06-19,,,,,[],Les meilleures salles à louer - Seine-Saint-Denis | Privateaser,les meilleures salles a louer seine saint denis privateaser,,"['catégorie salle_mouvement +20', 'preuve + mouvement', 'site web']",low,src_https-www-privateaser-com-location-s_3f7b634c85,web_search,https://www.privateaser.com/location-salle/top-salles-seine-saint-denis-93000,[],https://www.privateaser.com/location-salle/top-salles-seine-saint-denis-93000
10,[],,cand_location-de-la-salle-ambroise-croiza_41cb9a229c,new,,salle_mouvement,Seine-Saint-Denis,60,[],,saintdenis.fr/salle-ambroise-croizat,93,"**VIGILANCE ORANGE CANICULE** : la Ville de Saint-Denis-Pierrefitte a activé l'ensemble de son dispositif de gestion de crise. # Location de la salle Ambroise-Croizat. * Tarifs de la location de la salle Ambroise-Croizat. La salle Ambroise-Croizat est une salle de réception spécialement dédiée aux événements organisés par les habitants et habitantes de Saint-Denis et Pierrefitte-sur-Seine. La Salle Ambroise-Croizat est exclusivement réservée aux habitants et habitantes de Saint-Denis et Pierrefitte-sur-Seine. Pour réserver la salle, voici les documents à fournir lors de votre demande :. Une fois votre demande validée, vous devrez signer une convention de location avec la Ville de Saint-Denis. Cela officialise la réservation de la salle pour votre événement. La location de la salle Ambroise-Croizat est fixée à **400 €**. La salle est disponible à la location **du samedi à partir de 9h30 jusqu'au dimanche à 16h**. Vous pouvez bénéficier de l’accompagnement de la Maison de la vie associative pour définir les objectifs et la mise en œuvre de votre évènement. **La Maison de la vie associative**. Location de la salle Ambroise-Croizat - Saint-Denis. **VIGILANCE ORANGE CANICULE** : la Ville de Saint-Denis-Pierrefitte a activé l'ensemble de son dispositif de gestion de crise. # Location de la salle Ambroise-Croizat. * Tarifs de la location de la salle Ambroise-Croizat. La salle Ambroise-Croizat est une salle de réception spécialement dédiée aux événements organisés par les habitants et habitantes de Saint-Denis et Pierrefitte-sur-Seine. La Salle Ambroise-Croizat est exclusivement réservée aux habitants et habitantes de Saint-Denis et Pierrefitte-sur-Seine. Pour réserver la salle, voici les documents à fournir lors de votre demande :. Une fois votre demande validée, vous devrez signer une convention de location avec la Ville de Saint-Denis. Cela officialise la réservation de la salle pour votre événement. La location de la salle Ambroise-Croizat est fixée à **400 €**. La salle est disponible à la location **du samedi à partir de 9h30 jusqu'au dimanche à 16h**. Vous pouvez bénéficie salle_mouvement  Location de la salle Ambroise-Croizat - Saint-Denis",,"Location de la salle Ambroise-Croizat - Saint-Denis. **VIGILANCE ORANGE CANICULE** : la Ville de Saint-Denis-Pierrefitte a activé l'ensemble de son dispositif de gestion de crise. # Location de la salle Ambroise-Croizat. * Tarifs de la location de la salle Ambroise-Croizat. La salle Ambroise-Croizat est une salle de réception spécialement dédiée aux événements organisés par les habitants et habitantes de Saint-Denis et Pierrefitte-sur-Seine. La Salle Ambroise-Croizat est exclusivement réservée aux habitants et habitantes de Saint-Denis et Pierrefitte-sur-Seine. Pour réserver la salle, voici les documents à fournir lors de votre demande :. Une fois votre demande validée, vous devrez signer une convention de location avec la Ville de Saint-Denis. Cela officialise la réservation de la salle pour votre événement. La location de la salle Ambroise-Croizat est fixée à **400 €**. La salle est disponible à la location **du samedi à partir de 9h30 jusqu'au dimanche à 16h**. Vous pouvez bénéficie",46,2026-06-19,,,,,[],Location de la salle Ambroise-Croizat - Saint-Denis,location de la salle ambroise croizat saint denis,,"['catégorie salle_mouvement +20', 'preuve + mouvement', 'preuve - réception', 'site web']",medium,src_https-www-saintdenis-fr-salle-ambroi_8edd081b4c,web_search,https://www.saintdenis.fr/salle-ambroise-croizat,[],https://www.saintdenis.fr/salle-ambroise-croizat
10,[],,cand_salle-seminaire-en-seine-saint-denis_3d7dd3be99,new,,salle_mouvement,Seine-Saint-Denis,35,[],,evenementielpourtous.com/location-de-salle/location-de-salle-de-seminaire/ile-de-france/seine-saint-denis,93,"Profitez de 605 m² d'espace, qui contient du coworking, deux salles de réunion de 13 m² chacune et un grand espace de restauration, au sein du parc d'activités Salle séminaire en Seine-Saint-Denis (93) | - EvenementielPourTous. Profitez de 605 m² d'espace, qui contient du coworking, deux salles de réunion de 13 m² chacune et un grand espace de restauration, au sein du parc d'activités salle_mouvement  Salle séminaire en Seine-Saint-Denis (93) | - EvenementielPourTous",,"Salle séminaire en Seine-Saint-Denis (93) | - EvenementielPourTous. Profitez de 605 m² d'espace, qui contient du coworking, deux salles de réunion de 13 m² chacune et un grand espace de restauration, au sein du parc d'activités",46,2026-06-19,,,,,[],Salle séminaire en Seine-Saint-Denis (93) | - EvenementielPourTous,salle seminaire en seine saint denis 93 evenementielpourtous,,"['catégorie salle_mouvement +20', 'preuve + mouvement', 'preuve - coworking', 'site web']",low,src_https-www-evenementielpourtous-com-l_98f9a08fb3,web_search,https://www.evenementielpourtous.com/location-de-salle/location-de-salle-de-seminaire/ile-de-france/seine-saint-denis,[],https://www.evenementielpourtous.com/location-de-salle/location-de-salle-de-seminaire/ile-de-france/seine-saint-denis
10,[],,cand_evenements-location-de-salle-mariage_cec6452b8e,new,,salle_mouvement,Seine-Saint-Denis,60,[],,leboncoin.fr/cl/evenements/dp_seine-saint-denis,93,"Résultats de recherche : 70 annonces ; Vive la retraite. 2 €. Prix: 2 €. ; Arche metal doré 2m vente. 30 €. Prix: 30 €. ; Inge son avec camionnette. 59 €. Prix: 59 Événements, location de salle, mariages et fêtes Seine-Saint-Denis .... Résultats de recherche : 70 annonces ; Vive la retraite. 2 €. Prix: 2 €. ; Arche metal doré 2m vente. 30 €. Prix: 30 €. ; Inge son avec camionnette. 59 €. Prix: 59 salle_mouvement  Événements, location de salle, mariages et fêtes Seine-Saint-Denis ...",,"Événements, location de salle, mariages et fêtes Seine-Saint-Denis .... Résultats de recherche : 70 annonces ; Vive la retraite. 2 €. Prix: 2 €. ; Arche metal doré 2m vente. 30 €. Prix: 30 €. ; Inge son avec camionnette. 59 €. Prix: 59",46,2026-06-19,,,,,[],"Événements, location de salle, mariages et fêtes Seine-Saint-Denis ...",evenements location de salle mariages et fetes seine saint denis,,"['catégorie salle_mouvement +20', 'preuve + mouvement', 'preuve - mariage', 'site web']",medium,src_https-www-leboncoin-fr-cl-evenements_89a20b75d8,web_search,https://www.leboncoin.fr/cl/evenements/dp_seine-saint-denis,[],https://www.leboncoin.fr/cl/evenements/dp_seine-saint-denis
10,[],,cand_les-meilleures-salles-a-louer-val-de_a4afc35010,new,,salle_mouvement,Val-de-Marne,35,[],,privateaser.com/location-salle/top-salles-val-de-marne-94000,94,"Voir les lieux Location de salle   Location de salle. Si vous souhaitez organiser un évènement particulier et trouver **une location de salle dans le 94**, Privateaser est là pour vous aider à trouver sa localisation parfaite. De Saint-Mandé à Créteil, Privateaser a sélectionné pour vous **les meilleures salles à louer du Val de Marne**. Ces salles, souvent anciennes avec une décoration rétro, sont à l’image charmante de leur territoire : encadré par le bois de Vincennes et la forêt domaniale de Notre-Dame, traversé par la Marne, la rivière la plus longue de France, le Val de Marne porte une touche traditionnelle qui fait chaud au cœur. Vous trouverez forcément une **location de salle dans le Val de Marne** parmi les pavillons et les chteaux du 94, pour se retrouver entre amis, collègues ou en famille dans un cadre champêtre. * Le Louisiane Belle, Salle de location Paris Quinze-Vingts #0. * Le Belle Vallée, Salle de location Paris Quinze-Vingts #0. * L'Olivia, Salle de location Paris Quinze-Vingts #0. Les meilleures salles à louer - Val-de-Marne | Privateaser. Voir les lieux Location de salle   Location de salle. Si vous souhaitez organiser un évènement particulier et trouver **une location de salle dans le 94**, Privateaser est là pour vous aider à trouver sa localisation parfaite. De Saint-Mandé à Créteil, Privateaser a sélectionné pour vous **les meilleures salles à louer du Val de Marne**. Ces salles, souvent anciennes avec une décoration rétro, sont à l’image charmante de leur territoire : encadré par le bois de Vincennes et la forêt domaniale de Notre-Dame, traversé par la Marne, la rivière la plus longue de France, le Val de Marne porte une touche traditionnelle qui fait chaud au cœur. Vous trouverez forcément une **location de salle dans le Val de Marne** parmi les pavillons et les chteaux du 94, pour se retrouver entre amis, collègues ou en famille dans un cadre champêtre. * Le Louisiane Belle, Salle de location Paris Quinze-Vingts #0. * Le Belle Vallée, Salle de location P salle_mouvement  Les meilleures salles à louer - Val-de-Marne | Privateaser",,"Les meilleures salles à louer - Val-de-Marne | Privateaser. Voir les lieux Location de salle   Location de salle. Si vous souhaitez organiser un évènement particulier et trouver **une location de salle dans le 94**, Privateaser est là pour vous aider à trouver sa localisation parfaite. De Saint-Mandé à Créteil, Privateaser a sélectionné pour vous **les meilleures salles à louer du Val de Marne**. Ces salles, souvent anciennes avec une décoration rétro, sont à l’image charmante de leur territoire : encadré par le bois de Vincennes et la forêt domaniale de Notre-Dame, traversé par la Marne, la rivière la plus longue de France, le Val de Marne porte une touche traditionnelle qui fait chaud au cœur. Vous trouverez forcément une **location de salle dans le Val de Marne** parmi les pavillons et les chteaux du 94, pour se retrouver entre amis, collègues ou en famille dans un cadre champêtre. * Le Louisiane Belle, Salle de location Paris Quinze-Vingts #0. * Le Belle Vallée, Salle de location P",54,2026-06-19,,,,,[],Les meilleures salles à louer - Val-de-Marne | Privateaser,les meilleures salles a louer val de marne privateaser,,"['catégorie salle_mouvement +20', 'preuve + mouvement', 'site web']",low,src_https-www-privateaser-com-location-s_cd4b54b40c,web_search,https://www.privateaser.com/location-salle/top-salles-val-de-marne-94000,[],https://www.privateaser.com/location-salle/top-salles-val-de-marne-94000
10,[],,cand_location-de-salle-dans-le-val-de-mar_f18252f54f,new,,salle_mouvement,Val-de-Marne,35,[],,jemepropose.com/annonces/location-de-salle/val-de-marne,94,"Retrouvez des annonces de location de salle dans toutes les villes de Val-de-Marne (Créteil, Vitry-sur-Seine, Saint-Maur-des-Fossés, Champigny-sur-Marne, Ivry- Location de salle dans le Val-de-Marne : Annonces et offres d'emploi. Retrouvez des annonces de location de salle dans toutes les villes de Val-de-Marne (Créteil, Vitry-sur-Seine, Saint-Maur-des-Fossés, Champigny-sur-Marne, Ivry- salle_mouvement  Location de salle dans le Val-de-Marne : Annonces et offres d'emploi",,"Location de salle dans le Val-de-Marne : Annonces et offres d'emploi. Retrouvez des annonces de location de salle dans toutes les villes de Val-de-Marne (Créteil, Vitry-sur-Seine, Saint-Maur-des-Fossés, Champigny-sur-Marne, Ivry-",54,2026-06-19,,,,,[],Location de salle dans le Val-de-Marne : Annonces et offres d'emploi,location de salle dans le val de marne annonces et offres d emploi,,"['catégorie salle_mouvement +20', 'preuve + mouvement', 'site web']",low,src_https-www-jemepropose-com-annonces-l_abdaefcf5a,web_search,https://www.jemepropose.com/annonces/location-de-salle/val-de-marne,[],https://www.jemepropose.com/annonces/location-de-salle/val-de-marne
10,[],,cand_location-de-salle-marne-la-vallee-77_64f759f3c3,new,,salle_mouvement,Val-de-Marne,35,[],,abcsalles.com/location-de-salle-2_marne-la-vallee_v77.html,94,"# Location de salle Marne-la-Vallée (77700). ABC Salles vous aide pour la location de salle à Marne-la-Vallée (77700). Trouvez également votre salle à louer idéale pour tout type d'événement privé ou professionnel à Champs-sur-Marne, à Gournay-sur-Marne, à Noisiel, à Chelles ou encore à Lognes.... ## 1 salle à louer à Marne-la-Vallée. Organisez vos séminaires et événements professionnels au Hôtel Mercure Marne-la-Vallée - Bussy Saint Georges : salles lumineuses, privatisation possible et services sur mesure pour un événement réussi. ## Salles à louer à proximité de Marne-la-Vallée. Salle de réception à Noisy-le-Grand. Salle de réception à Croissy-Beaubourg. Salle de réception à Émerainville. Salle de réception à Bry-sur-Marne. Salle de réception à Pontault-Combault. Salle de réunion à Lagny-Sur-Marne. Lieu atypique à Nogent-sur-Marne. Salle de réception à Roissy-En-Brie. Salle de réception à Champigny-sur-Marne. Salle de réception à Montévrain. Salle de réception à Noisy-le-Sec. Salle de réception à Noisy-le-Sec. Salle de réception à Sucy-en-Brie. Salle de réception à Montreuil. ## Trouvez la salle idéale pour votre événement à Marne-la-Vallée. Location de salle Marne-la-Vallée (77700) - ABC Salles. # Location de salle Marne-la-Vallée (77700). ABC Salles vous aide pour la location de salle à Marne-la-Vallée (77700). Trouvez également votre salle à louer idéale pour tout type d'événement privé ou professionnel à Champs-sur-Marne, à Gournay-sur-Marne, à Noisiel, à Chelles ou encore à Lognes.... ## 1 salle à louer à Marne-la-Vallée. Organisez vos séminaires et événements professionnels au Hôtel Mercure Marne-la-Vallée - Bussy Saint Georges : salles lumineuses, privatisation possible et services sur mesure pour un événement réussi. ## Salles à louer à proximité de Marne-la-Vallée. Salle de réception à Noisy-le-Grand. Salle de réception à Croissy-Beaubourg. Salle de réception à Émerainville. Salle de réception à Bry-sur-Marne. Salle de réception à Pontault-Combault. Salle de réunion à Lagny-Sur-Marne. Lieu atypique à Nogent-sur-Marne. Salle de réception à Roissy-En-Brie. Salle de réception à Champigny-sur-Marne. Salle de réception salle_mouvement  Location de salle Marne-la-Vallée (77700) - ABC Salles",,"Location de salle Marne-la-Vallée (77700) - ABC Salles. # Location de salle Marne-la-Vallée (77700). ABC Salles vous aide pour la location de salle à Marne-la-Vallée (77700). Trouvez également votre salle à louer idéale pour tout type d'événement privé ou professionnel à Champs-sur-Marne, à Gournay-sur-Marne, à Noisiel, à Chelles ou encore à Lognes.... ## 1 salle à louer à Marne-la-Vallée. Organisez vos séminaires et événements professionnels au Hôtel Mercure Marne-la-Vallée - Bussy Saint Georges : salles lumineuses, privatisation possible et services sur mesure pour un événement réussi. ## Salles à louer à proximité de Marne-la-Vallée. Salle de réception à Noisy-le-Grand. Salle de réception à Croissy-Beaubourg. Salle de réception à Émerainville. Salle de réception à Bry-sur-Marne. Salle de réception à Pontault-Combault. Salle de réunion à Lagny-Sur-Marne. Lieu atypique à Nogent-sur-Marne. Salle de réception à Roissy-En-Brie. Salle de réception à Champigny-sur-Marne. Salle de réception",38,2026-06-19,,,,,[],Location de salle Marne-la-Vallée (77700) - ABC Salles,location de salle marne la vallee 77700 abc salles,,"['catégorie salle_mouvement +20', 'preuve + mouvement', 'preuve - salle de réunion', 'preuve - réception', 'site web']",low,src_https-www-abcsalles-com-location-de-_5a8b084006,web_search,https://www.abcsalles.com/location-de-salle-2_marne-la-vallee_v77.html,[],https://www.abcsalles.com/location-de-salle-2_marne-la-vallee_v77.html
10,[],,cand_salle-de-seminaire-le-carre-marne-a-_8a30b4dcba,new,,salle_mouvement,Val-de-Marne,35,[],,tourisme-valdemarne.com/seminaire/le-carre-marne,94,"Le Street Art en Val-de-Marne : un musée à ciel ouvert. Arche de roses Roseraie du Val de marne. La Roseraie du Val de Marne. Que faire le long du Câble C1, le nouveau téléphérique du Val-de-Marne ? Val-de-Marne : 10 activités insolites à vivre proches de Paris en 2025. Trois jours à la découverte de sites incontournables ou insolites en Val-de-Marne,  avec Découvrir Ensemble. Située à Saint-Maur-des-Fossés (94), sur les bords de Marne, la salle Le Carré Marne vous accueille dans un espace élégant et contemporain qui s'adaptera à chacune de vos réceptions professionnelles : séminaire, formation, lancement de produit, vernissage… Sa terrasse et les charmes des bords de Marne agrémenteront votre événement. Vous pourrez prolonger votre journée de travail en organisant un cocktail, repas d’affaires, ou soirée d’entreprise en salle ou sur notre Terrasse en Bord de Marne et proposer diverses activités de cohésion à vos collaborateurs en intérieur comme en extérieur, avec notre partenaire Cap Animation. Salle de Séminaire : Le Carré Marne à Saint-Maur-des-Fossés. Le Street Art en Val-de-Marne : un musée à ciel ouvert. Arche de roses Roseraie du Val de marne. La Roseraie du Val de Marne. Que faire le long du Câble C1, le nouveau téléphérique du Val-de-Marne ? Val-de-Marne : 10 activités insolites à vivre proches de Paris en 2025. Trois jours à la découverte de sites incontournables ou insolites en Val-de-Marne,  avec Découvrir Ensemble. Située à Saint-Maur-des-Fossés (94), sur les bords de Marne, la salle Le Carré Marne vous accueille dans un espace élégant et contemporain qui s'adaptera à chacune de vos réceptions professionnelles : séminaire, formation, lancement de produit, vernissage… Sa terrasse et les charmes des bords de Marne agrémenteront votre événement. Vous pourrez prolonger votre journée de travail en organisant un cocktail, repas d’affaires, ou soirée d’entreprise en salle ou sur notre Terrasse en Bord de Marne et proposer diverses activités de cohésion à vos collaborateu salle_mouvement  Salle de Séminaire : Le Carré Marne à Saint-Maur-des-Fossés",,"Salle de Séminaire : Le Carré Marne à Saint-Maur-des-Fossés. Le Street Art en Val-de-Marne : un musée à ciel ouvert. Arche de roses Roseraie du Val de marne. La Roseraie du Val de Marne. Que faire le long du Câble C1, le nouveau téléphérique du Val-de-Marne ? Val-de-Marne : 10 activités insolites à vivre proches de Paris en 2025. Trois jours à la découverte de sites incontournables ou insolites en Val-de-Marne,  avec Découvrir Ensemble. Située à Saint-Maur-des-Fossés (94), sur les bords de Marne, la salle Le Carré Marne vous accueille dans un espace élégant et contemporain qui s'adaptera à chacune de vos réceptions professionnelles : séminaire, formation, lancement de produit, vernissage… Sa terrasse et les charmes des bords de Marne agrémenteront votre événement. Vous pourrez prolonger votre journée de travail en organisant un cocktail, repas d’affaires, ou soirée d’entreprise en salle ou sur notre Terrasse en Bord de Marne et proposer diverses activités de cohésion à vos collaborateu",46,2026-06-19,,,,,[],Salle de Séminaire : Le Carré Marne à Saint-Maur-des-Fossés,salle de seminaire le carre marne a saint maur des fosses,,"['catégorie salle_mouvement +20', 'preuve + mouvement', 'preuve - réception', 'site web']",low,src_https-www-tourisme-valdemarne-com-se_01414d3ee5,web_search,https://www.tourisme-valdemarne.com/seminaire/le-carre-marne,[],https://www.tourisme-valdemarne.com/seminaire/le-carre-marne
10,[],,cand_les-meilleures-salles-a-louer-pour-u_d8c3af94c4,new,,salle_mouvement,Seine-et-Marne,35,[],,privateaser.com/seminaire-workshop/top-salle-reunion-seine-et-marne-77000,77,"Voir les lieux Location de salle   Location de salle. Si vous projetez d’organiser une activité d’entreprise à l’Ile-de-France, jetez un œil à notre **top salle de réunion en Seine-et-Marne**. * Le Club Balmoral, Salle de location Paris Ternes #0. * Le Pavillon Presbourg et Etoile, Salle de location Paris Etoile #0. * Le Club de l'Etoile, Salle de location Paris Ternes #0. ### Le Club de l'Etoile. * La Galerie Bourbon, Salle de location Paris Champs-Elysées #0. * Le Paris - Privatisation, Salle de location Paris Trocadéro #0. ### Le Paris - Privatisation. * Le Salon Eiffel, Salle de location Paris Porte Dauphine #0. * Gustave - Péniche de la Tour Eiffel, Salle de location Paris Tour Eiffel #0. * La Fabrique Marais, Salle de location Paris Marais #0. * Le Dôme, Salle de location Paris Champs Elysées #0. * La Fabrique sur Seine, Salle de location Paris Trocadero #0. * Rooftop Eiffel, Salle de location Paris Tour Eiffel #0. Les meilleures salles à louer pour une réunion - Seine-et-Marne | Privateaser. Voir les lieux Location de salle   Location de salle. Si vous projetez d’organiser une activité d’entreprise à l’Ile-de-France, jetez un œil à notre **top salle de réunion en Seine-et-Marne**. * Le Club Balmoral, Salle de location Paris Ternes #0. * Le Pavillon Presbourg et Etoile, Salle de location Paris Etoile #0. * Le Club de l'Etoile, Salle de location Paris Ternes #0. ### Le Club de l'Etoile. * La Galerie Bourbon, Salle de location Paris Champs-Elysées #0. * Le Paris - Privatisation, Salle de location Paris Trocadéro #0. ### Le Paris - Privatisation. * Le Salon Eiffel, Salle de location Paris Porte Dauphine #0. * Gustave - Péniche de la Tour Eiffel, Salle de location Paris Tour Eiffel #0. * La Fabrique Marais, Salle de location Paris Marais #0. * Le Dôme, Salle de location Paris Champs Elysées #0. * La Fabrique sur Seine, Salle de location Paris Trocadero #0. * Rooftop Eiffel, Salle de location Paris To salle_mouvement  Les meilleures salles à louer pour une réunion - Seine-et-Marne | Privateaser",,"Les meilleures salles à louer pour une réunion - Seine-et-Marne | Privateaser. Voir les lieux Location de salle   Location de salle. Si vous projetez d’organiser une activité d’entreprise à l’Ile-de-France, jetez un œil à notre **top salle de réunion en Seine-et-Marne**. * Le Club Balmoral, Salle de location Paris Ternes #0. * Le Pavillon Presbourg et Etoile, Salle de location Paris Etoile #0. * Le Club de l'Etoile, Salle de location Paris Ternes #0. ### Le Club de l'Etoile. * La Galerie Bourbon, Salle de location Paris Champs-Elysées #0. * Le Paris - Privatisation, Salle de location Paris Trocadéro #0. ### Le Paris - Privatisation. * Le Salon Eiffel, Salle de location Paris Porte Dauphine #0. * Gustave - Péniche de la Tour Eiffel, Salle de location Paris Tour Eiffel #0. * La Fabrique Marais, Salle de location Paris Marais #0. * Le Dôme, Salle de location Paris Champs Elysées #0. * La Fabrique sur Seine, Salle de location Paris Trocadero #0. * Rooftop Eiffel, Salle de location Paris To",46,2026-06-19,,,,,[],Les meilleures salles à louer pour une réunion - Seine-et-Marne | Privateaser,les meilleures salles a louer pour une reunion seine et marne privateaser,,"['catégorie salle_mouvement +20', 'preuve + mouvement', 'preuve - salle de réunion', 'site web']",low,src_https-www-privateaser-com-seminaire-_8cb3e4493d,web_search,https://www.privateaser.com/seminaire-workshop/top-salle-reunion-seine-et-marne-77000,[],https://www.privateaser.com/seminaire-workshop/top-salle-reunion-seine-et-marne-77000
10,[],,cand_location-salle-seine-et-marne-la-riv_217fc05f5b,new,,salle_mouvement,Seine-et-Marne,35,[],,larivieredoree.com/fr/location-salle,77,"Trouvez la salle idéale en Seine-et-Marne pour vos événements : mariages, séminaires, anniversaires. Espaces adaptés à tous les besoins. Location salle Seine et Marne - La Rivière Dorée. Trouvez la salle idéale en Seine-et-Marne pour vos événements : mariages, séminaires, anniversaires. Espaces adaptés à tous les besoins. salle_mouvement  Location salle Seine et Marne - La Rivière Dorée",,"Location salle Seine et Marne - La Rivière Dorée. Trouvez la salle idéale en Seine-et-Marne pour vos événements : mariages, séminaires, anniversaires. Espaces adaptés à tous les besoins.",46,2026-06-19,,,,,[],Location salle Seine et Marne - La Rivière Dorée,location salle seine et marne la riviere doree,,"['catégorie salle_mouvement +20', 'preuve + mouvement', 'preuve - mariage', 'site web']",low,src_https-www-larivieredoree-com-fr-loca_731eee0c27,web_search,https://www.larivieredoree.com/fr/location-salle,[],https://www.larivieredoree.com/fr/location-salle
10,[],,cand_location-de-salle-77-lieux-atypiques_a90afdec36,new,,salle_mouvement,Seine-et-Marne,60,[],,snapevent.fr/location-de-salle/paris/departement-77,77,"Avec SnapEvent, trouvez la location atypique idéale pour votre événement en Seine et Marne (77) ‎✓ Découvrez un lieu original à louer pour votre soirée. Location de salle 77 - Lieux Atypiques - SnapEvent. Avec SnapEvent, trouvez la location atypique idéale pour votre événement en Seine et Marne (77) ‎✓ Découvrez un lieu original à louer pour votre soirée. salle_mouvement  Location de salle 77 - Lieux Atypiques - SnapEvent",,"Location de salle 77 - Lieux Atypiques - SnapEvent. Avec SnapEvent, trouvez la location atypique idéale pour votre événement en Seine et Marne (77) ‎✓ Découvrez un lieu original à louer pour votre soirée.",54,2026-06-19,,,,,[],Location de salle 77 - Lieux Atypiques - SnapEvent,location de salle 77 lieux atypiques snapevent,,"['catégorie salle_mouvement +20', 'preuve + mouvement', 'site web']",medium,src_https-www-snapevent-fr-location-de-s_907f1a0b45,web_search,https://www.snapevent.fr/location-de-salle/paris/departement-77,[],https://www.snapevent.fr/location-de-salle/paris/departement-77
10,[],,cand_evenements-location-de-salle-mariage_24dd1f99f9,new,,salle_mouvement,Seine-et-Marne,60,[],,leboncoin.fr/cl/evenements/dp_seine-et-marne,77,"Toutes nos annonces gratuites Événements, location de salle, mariages et fêtes Seine-et-Marne (77). Consultez nos annonces de particuliers et professionnels Événements, location de salle, mariages et fêtes Seine-et-Marne (77). Toutes nos annonces gratuites Événements, location de salle, mariages et fêtes Seine-et-Marne (77). Consultez nos annonces de particuliers et professionnels salle_mouvement  Événements, location de salle, mariages et fêtes Seine-et-Marne (77)",,"Événements, location de salle, mariages et fêtes Seine-et-Marne (77). Toutes nos annonces gratuites Événements, location de salle, mariages et fêtes Seine-et-Marne (77). Consultez nos annonces de particuliers et professionnels",46,2026-06-19,,,,,[],"Événements, location de salle, mariages et fêtes Seine-et-Marne (77)",evenements location de salle mariages et fetes seine et marne 77,,"['catégorie salle_mouvement +20', 'preuve + mouvement', 'preuve - mariage', 'site web']",medium,src_https-www-leboncoin-fr-cl-evenements_75463b670e,web_search,https://www.leboncoin.fr/cl/evenements/dp_seine-et-marne,[],https://www.leboncoin.fr/cl/evenements/dp_seine-et-marne
10,[],,cand_location-de-salle-de-reunion-dans-le_7955653658,new,,salle_mouvement,Yvelines,35,[],,chateauform.com/fr/lp/location-salle/france/ile-de-france/yvelines,78,"# Location de salles Yvelines. Pour votre prochain événement d’entreprise, Chteauform’ vous convie dans les **Yvelines**. Découvrez nos **salles de réunion** disponibles à la location, entièrement équipées et adaptées à vos besoins. ## **Découvrez nos salles de réunion en Yvelines**. à 48 min de la Gare Montparnasse (ligne transilien N),. à 38 min de la Gare de Paris Montparnasse (ligne transilien N),. à 30 min de la Gare Montparnasse (ligne N ou TER). **Le département des Yvelines** offre un cadre exceptionnel pour votre événement d’entreprise. Pour un séminaire de plusieurs jours ou pour une journée d’étude, pour un dîner d’affaires ou une soirée cocktail, Chteauform’ vous propose **le lieu idéal, dans le département des Yvelines ou à proximité**. Notre formule inclut vos salles de réunion équipées à la lumière du jour, la restauration maison, les pauses gourmandes, l'hébergement, les activités de détente et tout le matériel nécessaire, pour vous offrir un séminaire sans imprévus et en toute sérénité. Location de salle de réunion dans les Yvelines (78) | Chateauform’. # Location de salles Yvelines. Pour votre prochain événement d’entreprise, Chteauform’ vous convie dans les **Yvelines**. Découvrez nos **salles de réunion** disponibles à la location, entièrement équipées et adaptées à vos besoins. ## **Découvrez nos salles de réunion en Yvelines**. à 48 min de la Gare Montparnasse (ligne transilien N),. à 38 min de la Gare de Paris Montparnasse (ligne transilien N),. à 30 min de la Gare Montparnasse (ligne N ou TER). **Le département des Yvelines** offre un cadre exceptionnel pour votre événement d’entreprise. Pour un séminaire de plusieurs jours ou pour une journée d’étude, pour un dîner d’affaires ou une soirée cocktail, Chteauform’ vous propose **le lieu idéal, dans le département des Yvelines ou à proximité**. Notre formule inclut vos salles de réunion équipées à la lumière du jour, la restauration maison, les pauses gourmandes, l'hébergement, les activités de détente et tout le  salle_mouvement  Location de salle de réunion dans les Yvelines (78) | Chateauform’",,"Location de salle de réunion dans les Yvelines (78) | Chateauform’. # Location de salles Yvelines. Pour votre prochain événement d’entreprise, Chteauform’ vous convie dans les **Yvelines**. Découvrez nos **salles de réunion** disponibles à la location, entièrement équipées et adaptées à vos besoins. ## **Découvrez nos salles de réunion en Yvelines**. à 48 min de la Gare Montparnasse (ligne transilien N),. à 38 min de la Gare de Paris Montparnasse (ligne transilien N),. à 30 min de la Gare Montparnasse (ligne N ou TER). **Le département des Yvelines** offre un cadre exceptionnel pour votre événement d’entreprise. Pour un séminaire de plusieurs jours ou pour une journée d’étude, pour un dîner d’affaires ou une soirée cocktail, Chteauform’ vous propose **le lieu idéal, dans le département des Yvelines ou à proximité**. Notre formule inclut vos salles de réunion équipées à la lumière du jour, la restauration maison, les pauses gourmandes, l'hébergement, les activités de détente et tout le ",46,2026-06-19,,,,,[],Location de salle de réunion dans les Yvelines (78) | Chateauform’,location de salle de reunion dans les yvelines 78 chateauform,,"['catégorie salle_mouvement +20', 'preuve + mouvement', 'preuve - salle de réunion', 'site web']",low,src_https-www-chateauform-com-fr-lp-loca_bcf706c80f,web_search,https://www.chateauform.com/fr/lp/location-salle/france/ile-de-france/yvelines,[],https://www.chateauform.com/fr/lp/location-salle/france/ile-de-france/yvelines
10,[],,cand_location-de-salle-dans-les-yvelines-_6f68a0231f,new,,salle_mouvement,Yvelines,35,[],,1001salles.com/location-de-salle-2-yvelines-d.html,78,"183 résultat(s) - Location de salle dans les Yvelines (78). # Location de salle dans les Yvelines (78). Les étapes importantes de la vie méritent une belle organisation : concernant votre recherche d'une location de salle à proximité (Ile de France, Hauts de Seine), vous pourrez profiter d'une aide personnalisée avec 1001Salles. Notre souhait est de vous proposer un loueur de salle fiable, le tout à proximité de chez vous. De ce fait, un vaste choix sera à votre portée, et vous aurez tout le loisir de comparer les différents lieux disponibles à proximité (Ile de France, Hauts de Seine). Location de salle : Situé à proximité de Paris, au bord de la Seine, le domaine Les Pyramides est un lieu d’exception idéal pour organiser une réception de mariage élégante et ... Location de salle : Le Malar, situé à Triel-sur-Seine dans les Yvelines, vous ouvre ses portes pour vos événements dans un cadre idyllique au bord de la Seine. Location de salle dans les Yvelines (78) - 1001 Salles. 183 résultat(s) - Location de salle dans les Yvelines (78). # Location de salle dans les Yvelines (78). Les étapes importantes de la vie méritent une belle organisation : concernant votre recherche d'une location de salle à proximité (Ile de France, Hauts de Seine), vous pourrez profiter d'une aide personnalisée avec 1001Salles. Notre souhait est de vous proposer un loueur de salle fiable, le tout à proximité de chez vous. De ce fait, un vaste choix sera à votre portée, et vous aurez tout le loisir de comparer les différents lieux disponibles à proximité (Ile de France, Hauts de Seine). Location de salle : Situé à proximité de Paris, au bord de la Seine, le domaine Les Pyramides est un lieu d’exception idéal pour organiser une réception de mariage élégante et ... Location de salle : Le Malar, situé à Triel-sur-Seine dans les Yvelines, vous ouvre ses portes pour vos événements dans un cadre idyllique au bord de la Seine. salle_mouvement  Location de salle dans les Yvelines (78) - 1001 Salles",,"Location de salle dans les Yvelines (78) - 1001 Salles. 183 résultat(s) - Location de salle dans les Yvelines (78). # Location de salle dans les Yvelines (78). Les étapes importantes de la vie méritent une belle organisation : concernant votre recherche d'une location de salle à proximité (Ile de France, Hauts de Seine), vous pourrez profiter d'une aide personnalisée avec 1001Salles. Notre souhait est de vous proposer un loueur de salle fiable, le tout à proximité de chez vous. De ce fait, un vaste choix sera à votre portée, et vous aurez tout le loisir de comparer les différents lieux disponibles à proximité (Ile de France, Hauts de Seine). Location de salle : Situé à proximité de Paris, au bord de la Seine, le domaine Les Pyramides est un lieu d’exception idéal pour organiser une réception de mariage élégante et ... Location de salle : Le Malar, situé à Triel-sur-Seine dans les Yvelines, vous ouvre ses portes pour vos événements dans un cadre idyllique au bord de la Seine.",38,2026-06-19,,,,,[],Location de salle dans les Yvelines (78) - 1001 Salles,location de salle dans les yvelines 78 1001 salles,,"['catégorie salle_mouvement +20', 'preuve + mouvement', 'preuve - mariage', 'preuve - réception', 'site web']",low,src_https-www-1001salles-com-location-de_fb12cdcfe3,web_search,https://www.1001salles.com/location-de-salle-2-yvelines-d.html,[],https://www.1001salles.com/location-de-salle-2-yvelines-d.html
10,[],,cand_location-de-salle-de-reunion-dans-le_2a32f5a51b,new,,salle_mouvement,Yvelines,35,[],,kactus.com/fr/cat/lieux/reunion/yvelines,78,"Hôtel séminaire en Île-de-France. Salles de Réunion à Lyon. Salles de Réunion à Paris. Séminaire atypique en Île-de-France. Séminaire en Île-de-France. # Location de salle de réunion dans les Yvelines. * Salles de Réunion à Argenteuil. * Salles de Réunion à Beauvais. * Salles de Réunion à Poitiers. * Salles de Réunion à Bordeaux. ## Les meilleures salles de réunion dans les Yvelines sont sur Kactus. Les Yvelines, un département de choix pour toutes vos réunions à quelques minutes de Paris. Avec des villes emblématiques comme Versailles, Saint-Germain-en-Laye, Mantes-la-Jolie ou encore Sartrouville, les Yvelines sont une bouffée d’air frais et un refuge de charme à l’Ouest de la capitale. Au cœur d’une magnifique forêt, à seulement 30 minutes de Paris, le restaurant du Golf de Marivaux vous accueille sur l'un des plus beaux parcours de la région parisienne. À seulement quelques minutes du Chteau de Versailles, le Domaine de la Bouche du Roi, plus grand domaine viticole d’Île-de-France, offre un cadre idyllique au cœur des vignes. Location de salle de réunion dans les Yvelines | Kactus. Hôtel séminaire en Île-de-France. Salles de Réunion à Lyon. Salles de Réunion à Paris. Séminaire atypique en Île-de-France. Séminaire en Île-de-France. # Location de salle de réunion dans les Yvelines. * Salles de Réunion à Argenteuil. * Salles de Réunion à Beauvais. * Salles de Réunion à Poitiers. * Salles de Réunion à Bordeaux. ## Les meilleures salles de réunion dans les Yvelines sont sur Kactus. Les Yvelines, un département de choix pour toutes vos réunions à quelques minutes de Paris. Avec des villes emblématiques comme Versailles, Saint-Germain-en-Laye, Mantes-la-Jolie ou encore Sartrouville, les Yvelines sont une bouffée d’air frais et un refuge de charme à l’Ouest de la capitale. Au cœur d’une magnifique forêt, à seulement 30 minutes de Paris, le restaurant du Golf de Marivaux vous accueille sur l'un des plus beaux parcours de la région parisienne. À seulement quelques minutes du Chteau de Versailles, le Domaine de la Bou salle_mouvement  Location de salle de réunion dans les Yvelines | Kactus",,"Location de salle de réunion dans les Yvelines | Kactus. Hôtel séminaire en Île-de-France. Salles de Réunion à Lyon. Salles de Réunion à Paris. Séminaire atypique en Île-de-France. Séminaire en Île-de-France. # Location de salle de réunion dans les Yvelines. * Salles de Réunion à Argenteuil. * Salles de Réunion à Beauvais. * Salles de Réunion à Poitiers. * Salles de Réunion à Bordeaux. ## Les meilleures salles de réunion dans les Yvelines sont sur Kactus. Les Yvelines, un département de choix pour toutes vos réunions à quelques minutes de Paris. Avec des villes emblématiques comme Versailles, Saint-Germain-en-Laye, Mantes-la-Jolie ou encore Sartrouville, les Yvelines sont une bouffée d’air frais et un refuge de charme à l’Ouest de la capitale. Au cœur d’une magnifique forêt, à seulement 30 minutes de Paris, le restaurant du Golf de Marivaux vous accueille sur l'un des plus beaux parcours de la région parisienne. À seulement quelques minutes du Chteau de Versailles, le Domaine de la Bou",46,2026-06-19,,,,,[],Location de salle de réunion dans les Yvelines | Kactus,location de salle de reunion dans les yvelines kactus,,"['catégorie salle_mouvement +20', 'preuve + mouvement', 'preuve - salle de réunion', 'site web']",low,src_https-www-kactus-com-fr-cat-lieux-re_336a220bac,web_search,https://www.kactus.com/fr/cat/lieux/reunion/yvelines,[],https://www.kactus.com/fr/cat/lieux/reunion/yvelines
10,[],,cand_location-salle-de-reunion-yvelines-2_481018676e,new,,salle_mouvement,Yvelines,35,[],,bcoworker.com/coworking-bureaux-elancourt/location-salle-de-reunion-yvelines-24h-7j-bcoworker,78,"Situées au cœur des Yvelines, nos salles sont entièrement équipées et peuvent accueillir jusqu'à 16 personnes dans un cadre professionnel et confortable. Je Location Salle de réunion Yvelines 24h/7J - B'CoWorker. Situées au cœur des Yvelines, nos salles sont entièrement équipées et peuvent accueillir jusqu'à 16 personnes dans un cadre professionnel et confortable. Je salle_mouvement  Location Salle de réunion Yvelines 24h/7J - B'CoWorker",,"Location Salle de réunion Yvelines 24h/7J - B'CoWorker. Situées au cœur des Yvelines, nos salles sont entièrement équipées et peuvent accueillir jusqu'à 16 personnes dans un cadre professionnel et confortable. Je",46,2026-06-19,,,,,[],Location Salle de réunion Yvelines 24h/7J - B'CoWorker,location salle de reunion yvelines 24h 7j b coworker,,"['catégorie salle_mouvement +20', 'preuve + mouvement', 'preuve - salle de réunion', 'site web']",low,src_https-bcoworker-com-coworking-bureau_3217d39549,web_search,https://bcoworker.com/coworking-bureaux-elancourt/location-salle-de-reunion-yvelines-24h-7j-bcoworker,[],https://bcoworker.com/coworking-bureaux-elancourt/location-salle-de-reunion-yvelines-24h-7j-bcoworker
10,[],,cand_les-meilleures-salles-a-louer-yvelin_bece66f480,new,,salle_mouvement,Yvelines,35,[],,privateaser.com/location-salle/top-salles-yvelines-78000,78,"Trouvez une salle à louer pour votre évènement, privé ou professionnel. Demandez un devis ou réservez directement en ligne. Sans frais ni commission. Les meilleures salles à louer - Yvelines | Privateaser. Trouvez une salle à louer pour votre évènement, privé ou professionnel. Demandez un devis ou réservez directement en ligne. Sans frais ni commission. salle_mouvement  Les meilleures salles à louer - Yvelines | Privateaser",,"Les meilleures salles à louer - Yvelines | Privateaser. Trouvez une salle à louer pour votre évènement, privé ou professionnel. Demandez un devis ou réservez directement en ligne. Sans frais ni commission.",54,2026-06-19,,,,,[],Les meilleures salles à louer - Yvelines | Privateaser,les meilleures salles a louer yvelines privateaser,,"['catégorie salle_mouvement +20', 'preuve + mouvement', 'site web']",low,src_https-www-privateaser-com-location-s_3ae4c7295a,web_search,https://www.privateaser.com/location-salle/top-salles-yvelines-78000,[],https://www.privateaser.com/location-salle/top-salles-yvelines-78000
10,[],,cand_location-de-salles-les-molieres-esso_e825e74ca0,new,,salle_mouvement,Essonne,60,[],,lesmolieres.fr/location-de-salles,91,"# Location de salles. ### La commune des Molières, située à l’entrée de la Vallée de Chevreuse et à quelques kilomètres de Paris, propose la **salle du Paradou** et **l’espace culturel & associatif** à la location. **Le Paradou** : dans un cadre verdoyant, équipée d’une scène, d’un grand écran, de tables et chaises, de vaisselle (location en sus), d’une cuisine, d’un thétre de verdure, cette salle a été lauréate du Prix du Patrimoine en Essonne juste après sa construction, particulièrement innovante, avec des composants bois. **La salle du Paradou est disponible à la location toute l’année**, en dehors de l’utilisation par la commune ou les associations du village. > **ATTENTION : seule la salle du Paradou est disponible à la location pour vos fêtes privées**. **Salles** de l’espace culturel et associatif. L’espace culturel & associatif, se trouve au **4, rue de la Porte de Paris**. * Salle d’expositions : Délibération Tarifs actuels / Règlement. ou d’appeler la mairie des Molières au **0160120799**. Location de salles – Les Molières – Essonne 91470. # Location de salles. ### La commune des Molières, située à l’entrée de la Vallée de Chevreuse et à quelques kilomètres de Paris, propose la **salle du Paradou** et **l’espace culturel & associatif** à la location. **Le Paradou** : dans un cadre verdoyant, équipée d’une scène, d’un grand écran, de tables et chaises, de vaisselle (location en sus), d’une cuisine, d’un thétre de verdure, cette salle a été lauréate du Prix du Patrimoine en Essonne juste après sa construction, particulièrement innovante, avec des composants bois. **La salle du Paradou est disponible à la location toute l’année**, en dehors de l’utilisation par la commune ou les associations du village. > **ATTENTION : seule la salle du Paradou est disponible à la location pour vos fêtes privées**. **Salles** de l’espace culturel et associatif. L’espace culturel & associatif, se trouve au **4, rue de la Porte de Paris**. * Salle d’expositions : Délibération Tarifs actuels / salle_mouvement  Location de salles – Les Molières – Essonne 91470",,"Location de salles – Les Molières – Essonne 91470. # Location de salles. ### La commune des Molières, située à l’entrée de la Vallée de Chevreuse et à quelques kilomètres de Paris, propose la **salle du Paradou** et **l’espace culturel & associatif** à la location. **Le Paradou** : dans un cadre verdoyant, équipée d’une scène, d’un grand écran, de tables et chaises, de vaisselle (location en sus), d’une cuisine, d’un thétre de verdure, cette salle a été lauréate du Prix du Patrimoine en Essonne juste après sa construction, particulièrement innovante, avec des composants bois. **La salle du Paradou est disponible à la location toute l’année**, en dehors de l’utilisation par la commune ou les associations du village. > **ATTENTION : seule la salle du Paradou est disponible à la location pour vos fêtes privées**. **Salles** de l’espace culturel et associatif. L’espace culturel & associatif, se trouve au **4, rue de la Porte de Paris**. * Salle d’expositions : Délibération Tarifs actuels /",54,2026-06-19,,,,,[],Location de salles – Les Molières – Essonne 91470,location de salles les molieres essonne 91470,,"['catégorie salle_mouvement +20', 'preuve + mouvement', 'site web']",medium,src_https-www-lesmolieres-fr-location-de_7276d583c0,web_search,https://www.lesmolieres.fr/location-de-salles,[],https://www.lesmolieres.fr/location-de-salles
10,[],,cand_top-petite-salle-pas-cher-en-essonne_c4cb3e2467,new,,salle_mouvement,Essonne,35,[],,privateaser.com/location-salle/top-petite-salles-pas-cher-essonne-91,91,"Voir les lieux Location de salle   Location de salle. Pourquoi vous endetter lors de votre évènement pour la location d’une salle alors qu’il existe de nombreux établissements abordables et où vous pourrez passer un agréable moment ? Suivez ce **top des petites salles pas cher en Essonne** et dénichez la petite salle qui correspondra à tous vos critères pour votre évènement privé ou public. **Notre sélection des meilleures petites salles pas chères en Essonne** vous démontre le contraire et vous permet de choisir une salle qui sera fonctionnelle et modulable et pourra s’adapter à votre évènement. Faites confiance à ce **guide des petites salles pas cher en Essonne** et faites votre choix parmi cette large sélection ; vous ne pourrez être déçu de la petite salle en Essonne que vous aurez réservé ! * Palais Signature, Salle de location Ris-Orangis Saint Lazarre-Bois de l'Epine-Hippodrome #0. * Les Pieds dans l'Herbe, Salle de location Vanves Vanves #0. * Espace Le Flamboyant Hotel, Salle de location Lieusaint  #0. * L'Amandine, Salle de location Vanves  #0. Top Petite salle pas cher en Essonne (91) | Privateaser. Voir les lieux Location de salle   Location de salle. Pourquoi vous endetter lors de votre évènement pour la location d’une salle alors qu’il existe de nombreux établissements abordables et où vous pourrez passer un agréable moment ? Suivez ce **top des petites salles pas cher en Essonne** et dénichez la petite salle qui correspondra à tous vos critères pour votre évènement privé ou public. **Notre sélection des meilleures petites salles pas chères en Essonne** vous démontre le contraire et vous permet de choisir une salle qui sera fonctionnelle et modulable et pourra s’adapter à votre évènement. Faites confiance à ce **guide des petites salles pas cher en Essonne** et faites votre choix parmi cette large sélection ; vous ne pourrez être déçu de la petite salle en Essonne que vous aurez réservé ! * Palais Signature, Salle de location Ris-Orangis Saint Lazarre-Bois de l'Epine-Hippodrome #0. * Les Pieds dans l'Herbe, Salle de locat salle_mouvement  Top Petite salle pas cher en Essonne (91) | Privateaser",,"Top Petite salle pas cher en Essonne (91) | Privateaser. Voir les lieux Location de salle   Location de salle. Pourquoi vous endetter lors de votre évènement pour la location d’une salle alors qu’il existe de nombreux établissements abordables et où vous pourrez passer un agréable moment ? Suivez ce **top des petites salles pas cher en Essonne** et dénichez la petite salle qui correspondra à tous vos critères pour votre évènement privé ou public. **Notre sélection des meilleures petites salles pas chères en Essonne** vous démontre le contraire et vous permet de choisir une salle qui sera fonctionnelle et modulable et pourra s’adapter à votre évènement. Faites confiance à ce **guide des petites salles pas cher en Essonne** et faites votre choix parmi cette large sélection ; vous ne pourrez être déçu de la petite salle en Essonne que vous aurez réservé ! * Palais Signature, Salle de location Ris-Orangis Saint Lazarre-Bois de l'Epine-Hippodrome #0. * Les Pieds dans l'Herbe, Salle de locat",64,2026-06-19,,,,,[],Top Petite salle pas cher en Essonne (91) | Privateaser,top petite salle pas cher en essonne 91 privateaser,,"['espace modular +10', 'catégorie salle_mouvement +20', 'preuve + mouvement', 'site web']",low,src_https-www-privateaser-com-location-s_5b07e1817c,web_search,https://www.privateaser.com/location-salle/top-petite-salles-pas-cher-essonne-91,['modular'],https://www.privateaser.com/location-salle/top-petite-salles-pas-cher-essonne-91
10,[],,cand_procedure-de-location-de-salle-mairi_efc9761092,new,,salle_mouvement,Essonne,60,[],,ville-ballancourt.fr/articles/procedure-de-location-de-salle,91,"## Mairie de Ballancourt-sur-Essonne. Le site officiel de la Ville de Ballancourt-sur-Essonne vous informe au quotidien sur l’actualité municipale, les services publics, les démarches administratives et la vie locale. 1. Envoyez un **mail à l’adresse** association@mairie-ballancourt.fr ou contacter l’accueil au 01 64 93 73 73 pour connaître la disponibilité de la salle souhaitée. 1. Envoyez une demande par écrit à la mairie ou par mail à association@mairie-ballancourt.fr et joignez les justificatifs demandés (copie de pièce d’identité, justificatif de domicile de moins de 3 mois). La location du **Mille Club** est ouverte uniquement aux habitants de Ballancourt et aux associations ballancourtoises. * Justificatif de domicile (la location est réservée aux habitants de Ballancourt). Après validation du dossier, une convention pour sera envoyée par courrier pour confirmation la location. Après validation du dossier, une convention pour sera envoyée par courrier pour confirmation la réservation de la salle. | Mardi | 08:30 à 12:00, 13:30 à 17:30 |. Procédure de location de salle | Mairie de Ballancourt sur Essonne. ## Mairie de Ballancourt-sur-Essonne. Le site officiel de la Ville de Ballancourt-sur-Essonne vous informe au quotidien sur l’actualité municipale, les services publics, les démarches administratives et la vie locale. 1. Envoyez un **mail à l’adresse** association@mairie-ballancourt.fr ou contacter l’accueil au 01 64 93 73 73 pour connaître la disponibilité de la salle souhaitée. 1. Envoyez une demande par écrit à la mairie ou par mail à association@mairie-ballancourt.fr et joignez les justificatifs demandés (copie de pièce d’identité, justificatif de domicile de moins de 3 mois). La location du **Mille Club** est ouverte uniquement aux habitants de Ballancourt et aux associations ballancourtoises. * Justificatif de domicile (la location est réservée aux habitants de Ballancourt). Après validation du dossier, une convention pour sera envoyée par courrier pour confirmation la location. Après validation du dossier, une c salle_mouvement  Procédure de location de salle | Mairie de Ballancourt sur Essonne",,"Procédure de location de salle | Mairie de Ballancourt sur Essonne. ## Mairie de Ballancourt-sur-Essonne. Le site officiel de la Ville de Ballancourt-sur-Essonne vous informe au quotidien sur l’actualité municipale, les services publics, les démarches administratives et la vie locale. 1. Envoyez un **mail à l’adresse** association@mairie-ballancourt.fr ou contacter l’accueil au 01 64 93 73 73 pour connaître la disponibilité de la salle souhaitée. 1. Envoyez une demande par écrit à la mairie ou par mail à association@mairie-ballancourt.fr et joignez les justificatifs demandés (copie de pièce d’identité, justificatif de domicile de moins de 3 mois). La location du **Mille Club** est ouverte uniquement aux habitants de Ballancourt et aux associations ballancourtoises. * Justificatif de domicile (la location est réservée aux habitants de Ballancourt). Après validation du dossier, une convention pour sera envoyée par courrier pour confirmation la location. Après validation du dossier, une c",54,2026-06-19,,,,,[],Procédure de location de salle | Mairie de Ballancourt sur Essonne,procedure de location de salle mairie de ballancourt sur essonne,,"['catégorie salle_mouvement +20', 'preuve + mouvement', 'site web']",medium,src_https-www-ville-ballancourt-fr-artic_a328063754,web_search,https://www.ville-ballancourt.fr/articles/procedure-de-location-de-salle,[],https://www.ville-ballancourt.fr/articles/procedure-de-location-de-salle
10,[],,cand_location-de-salles-de-reunion-en-ess_492c17ebdd,new,,salle_mouvement,Essonne,60,[],,pagesjaunes.fr/annuaire/departement/essonne-91/location-de-salles-de-reunion,91,Location de salles de réunion en Essonne ; Les Gatines · 4.9 sur Facebook (22 avis) · Photo de Les Gatines ; Domaine Malar · 3.4 sur Tripadvisor (9 avis) · Photo de Location de salles de réunion en Essonne - Pages Jaunes. Location de salles de réunion en Essonne ; Les Gatines · 4.9 sur Facebook (22 avis) · Photo de Les Gatines ; Domaine Malar · 3.4 sur Tripadvisor (9 avis) · Photo de salle_mouvement  Location de salles de réunion en Essonne - Pages Jaunes,,Location de salles de réunion en Essonne - Pages Jaunes. Location de salles de réunion en Essonne ; Les Gatines · 4.9 sur Facebook (22 avis) · Photo de Les Gatines ; Domaine Malar · 3.4 sur Tripadvisor (9 avis) · Photo de,54,2026-06-19,,,,,[],Location de salles de réunion en Essonne - Pages Jaunes,location de salles de reunion en essonne pages jaunes,,"['catégorie salle_mouvement +20', 'preuve + mouvement', 'site web']",medium,src_https-www-pagesjaunes-fr-annuaire-de_c38e997822,web_search,https://www.pagesjaunes.fr/annuaire/departement/essonne-91/location-de-salles-de-reunion,[],https://www.pagesjaunes.fr/annuaire/departement/essonne-91/location-de-salles-de-reunion
10,[],,cand_louez-une-salle-pour-vos-evenements-_569d1b264c,new,,salle_mouvement,Val-d'Oise,35,[],,bastide95.com/location-de-salle-val-d-oise,95,"Le Domaine La Bastide propose la location de salles dans lE VAL D'Oise, à seulement 20km de Paris, pour vos événements privés ou professionnels. Mery-sur-Oise, Louez une salle pour vos événements dans le val d'Oise. Le Domaine La Bastide propose la location de salles dans lE VAL D'Oise, à seulement 20km de Paris, pour vos événements privés ou professionnels. Mery-sur-Oise, salle_mouvement  Louez une salle pour vos événements dans le val d'Oise",,"Louez une salle pour vos événements dans le val d'Oise. Le Domaine La Bastide propose la location de salles dans lE VAL D'Oise, à seulement 20km de Paris, pour vos événements privés ou professionnels. Mery-sur-Oise,",54,2026-06-19,,,,,[],Louez une salle pour vos événements dans le val d'Oise,louez une salle pour vos evenements dans le val d oise,,"['catégorie salle_mouvement +20', 'preuve + mouvement', 'site web']",low,src_https-www-bastide95-com-location-de-_d785ca7c4c,web_search,https://www.bastide95.com/location-de-salle-val-d-oise,[],https://www.bastide95.com/location-de-salle-val-d-oise
10,[],,cand_location-salle-mariage-en-val-d-oise_e0739b15cc,new,,salle_mouvement,Val-d'Oise,60,[],,pagesjaunes.fr/annuaire/departement/val-d-oise-95/location-salle-mariage,95,"Loca'Salle est une entreprise spécialisée dans la location de salles située à Eragny Sur Oise, dans le 95. Elle propose plusieurs salles adaptées à tous types d Location salle mariage en Val-d'oise - Pages Jaunes. Loca'Salle est une entreprise spécialisée dans la location de salles située à Eragny Sur Oise, dans le 95. Elle propose plusieurs salles adaptées à tous types d salle_mouvement  Location salle mariage en Val-d'oise - Pages Jaunes",,"Location salle mariage en Val-d'oise - Pages Jaunes. Loca'Salle est une entreprise spécialisée dans la location de salles située à Eragny Sur Oise, dans le 95. Elle propose plusieurs salles adaptées à tous types d",46,2026-06-19,,,,,[],Location salle mariage en Val-d'oise - Pages Jaunes,location salle mariage en val d oise pages jaunes,,"['catégorie salle_mouvement +20', 'preuve + mouvement', 'preuve - mariage', 'site web']",medium,src_https-www-pagesjaunes-fr-annuaire-de_c89edc5e06,web_search,https://www.pagesjaunes.fr/annuaire/departement/val-d-oise-95/location-salle-mariage,[],https://www.pagesjaunes.fr/annuaire/departement/val-d-oise-95/location-salle-mariage
10,[],,cand_top-petite-salle-pas-cher-dans-le-va_3cdfeba5f1,new,,salle_mouvement,Val-d'Oise,35,[],,privateaser.com/location-salle/top-petite-salles-pas-cher-val-d-oise-95,95,"Voir les lieux Location de salle   Location de salle. Pour tous ceux qui pensent que petit budget rime avec petite salle, on vous a confectionné un **top des petites salles pas chères dans le Val-d’Oise (95)** fait maison et sortit de derrière les fagots pour vos réceptions. Profitez d'un cadre et d'une ambiance agréable dans l'établissement de vos rêves où vous pourrez bouger les tables et les chaises pour organiser votre événement comme vous le souhaitez. Notre sélection des meilleures petites salles pas chères dans le Val-d’Oise (95) est notre astuce pour vous permettre de passer les meilleurs événements possible dans une salle avec jardin. * Le Grand Rex : la salle 6, Salle de location Paris Grands Boulevards #0. * Le Bel Ami (Péniche), Salle de location Paris Trocadéro #0. * Le Club de l'Etoile, Salle de location Paris Ternes #0. * Le Bel'Air Bar Jaune (Privatisation totale), Salle de location Paris Pigalle #0. Top Petite salle pas cher dans le Val d'Oise (95) | Privateaser. Voir les lieux Location de salle   Location de salle. Pour tous ceux qui pensent que petit budget rime avec petite salle, on vous a confectionné un **top des petites salles pas chères dans le Val-d’Oise (95)** fait maison et sortit de derrière les fagots pour vos réceptions. Profitez d'un cadre et d'une ambiance agréable dans l'établissement de vos rêves où vous pourrez bouger les tables et les chaises pour organiser votre événement comme vous le souhaitez. Notre sélection des meilleures petites salles pas chères dans le Val-d’Oise (95) est notre astuce pour vous permettre de passer les meilleurs événements possible dans une salle avec jardin. * Le Grand Rex : la salle 6, Salle de location Paris Grands Boulevards #0. * Le Bel Ami (Péniche), Salle de location Paris Trocadéro #0. * Le Club de l'Etoile, Salle de location Paris Ternes #0. * Le Bel'Air Bar Jaune (Privatisation totale), Salle de location Paris Pigalle #0. salle_mouvement  Top Petite salle pas cher dans le Val d'Oise (95) | Privateaser",,"Top Petite salle pas cher dans le Val d'Oise (95) | Privateaser. Voir les lieux Location de salle   Location de salle. Pour tous ceux qui pensent que petit budget rime avec petite salle, on vous a confectionné un **top des petites salles pas chères dans le Val-d’Oise (95)** fait maison et sortit de derrière les fagots pour vos réceptions. Profitez d'un cadre et d'une ambiance agréable dans l'établissement de vos rêves où vous pourrez bouger les tables et les chaises pour organiser votre événement comme vous le souhaitez. Notre sélection des meilleures petites salles pas chères dans le Val-d’Oise (95) est notre astuce pour vous permettre de passer les meilleurs événements possible dans une salle avec jardin. * Le Grand Rex : la salle 6, Salle de location Paris Grands Boulevards #0. * Le Bel Ami (Péniche), Salle de location Paris Trocadéro #0. * Le Club de l'Etoile, Salle de location Paris Ternes #0. * Le Bel'Air Bar Jaune (Privatisation totale), Salle de location Paris Pigalle #0.",46,2026-06-19,,,,,[],Top Petite salle pas cher dans le Val d'Oise (95) | Privateaser,top petite salle pas cher dans le val d oise 95 privateaser,,"['catégorie salle_mouvement +20', 'preuve + mouvement', 'preuve - réception', 'site web']",low,src_https-www-privateaser-com-location-s_212193be80,web_search,https://www.privateaser.com/location-salle/top-petite-salles-pas-cher-val-d-oise-95,[],https://www.privateaser.com/location-salle/top-petite-salles-pas-cher-val-d-oise-95
10,[],,cand_demandez-un-devis-location-lieu-atyp_cfc575ca37,new,,salle_mouvement,Val-d'Oise,35,[],,evenementielpourtous.com/location-de-salle/location-lieu-atypique/ile-de-france/val-d-oise,95,"Covent Garden Studios met à votre disposition sa salle polyvalente de 100m2 pour tous vos évènements, professionnels ou particuliers. Equipée d'une scène de Demandez un devis Location lieu atypique dans le Val-d'Oise. Covent Garden Studios met à votre disposition sa salle polyvalente de 100m2 pour tous vos évènements, professionnels ou particuliers. Equipée d'une scène de salle_mouvement  Demandez un devis Location lieu atypique dans le Val-d'Oise",,"Demandez un devis Location lieu atypique dans le Val-d'Oise. Covent Garden Studios met à votre disposition sa salle polyvalente de 100m2 pour tous vos évènements, professionnels ou particuliers. Equipée d'une scène de",54,2026-06-19,,,,,[],Demandez un devis Location lieu atypique dans le Val-d'Oise,demandez un devis location lieu atypique dans le val d oise,,"['catégorie salle_mouvement +20', 'preuve + mouvement', 'site web']",low,src_https-www-evenementielpourtous-com-l_f7e6a7e922,web_search,https://www.evenementielpourtous.com/location-de-salle/location-lieu-atypique/ile-de-france/val-d-oise,[],https://www.evenementielpourtous.com/location-de-salle/location-lieu-atypique/ile-de-france/val-d-oise
