{
  "type": "FeatureCollection",
  "features": [
    {
      "type": "Feature",
      "geometry": {
        "type": "Point",
        "coordinates": [
          2.351453,
          48.858957
        ]
      },
      "properties": {
        "id": "small-001",
        "name": "myCowork Beaubourg - Georges",
        "city": "Paris",
        "department": "75",
        "address": "5 rue du cloître Saint-Merri, 75004 Paris",
        "geocode_score": "0.96415",
        "geocode_label": "5 Rue du Cloître Saint-Merri 75004 Paris",
        "category": "coworking / petite salle",
        "capacity_text": "1 à 2 personnes",
        "capacity_max_detected": "2",
        "price_text": "12 € TTC / heure ; 60 € TTC / journée",
        "price_score": "90",
        "website": "https://mycowork.fr/meeting-rooms",
        "contact": "info@mycowork.fr ; 01 84 25 60 82",
        "source_url": "https://mycowork.fr/meeting-rooms",
        "pros": "ultra petit prix | central Beaubourg | écran HDMI",
        "cons": "trop petit pour 20 | sous-sol",
        "confidence": "high",
        "fit_score": "96",
        "last_checked": "2026-06-19"
      }
    },
    {
      "type": "Feature",
      "geometry": {
        "type": "Point",
        "coordinates": [
          2.347996,
          48.865537
        ]
      },
      "properties": {
        "id": "small-002",
        "name": "myCowork Montorgueil - Federici",
        "city": "Paris",
        "department": "75",
        "address": "54 rue Greneta, 75002 Paris",
        "geocode_score": "0.9674563636363637",
        "geocode_label": "54 Rue Greneta 75002 Paris",
        "category": "coworking / salle réunion",
        "capacity_text": "8 personnes",
        "capacity_max_detected": "8",
        "price_text": "30 € HT / heure ; 180 € HT / journée",
        "price_score": "75",
        "website": "https://mycowork.fr/meeting-rooms",
        "contact": "info@mycowork.fr ; 01 85 09 08 29",
        "source_url": "https://mycowork.fr/meeting-rooms",
        "pros": "central | 8 personnes | écran + paperboard",
        "cons": "HT | annulation 1 semaine",
        "confidence": "high",
        "fit_score": "91",
        "last_checked": "2026-06-19"
      }
    },
    {
      "type": "Feature",
      "geometry": {
        "type": "Point",
        "coordinates": [
          2.347996,
          48.865537
        ]
      },
      "properties": {
        "id": "small-003",
        "name": "myCowork Montorgueil - Banksi",
        "city": "Paris",
        "department": "75",
        "address": "54 rue Greneta, 75002 Paris",
        "geocode_score": "0.9674563636363637",
        "geocode_label": "54 Rue Greneta 75002 Paris",
        "category": "coworking / salle réunion",
        "capacity_text": "jusque 10 personnes",
        "capacity_max_detected": "10",
        "price_text": "50 € HT / heure ; 300 € HT / journée",
        "price_score": "75",
        "website": "https://mycowork.fr/meeting-rooms",
        "contact": "info@mycowork.fr ; 01 85 09 08 29",
        "source_url": "https://mycowork.fr/meeting-rooms",
        "pros": "10 personnes | central | RDC",
        "cons": "moins cheap que Federici | annulation 2 semaines",
        "confidence": "high",
        "fit_score": "91",
        "last_checked": "2026-06-19"
      }
    },
    {
      "type": "Feature",
      "geometry": {
        "type": "Point",
        "coordinates": [
          2.351453,
          48.858957
        ]
      },
      "properties": {
        "id": "small-004",
        "name": "myCowork Beaubourg - Niki",
        "city": "Paris",
        "department": "75",
        "address": "5 rue du cloître Saint-Merri, 75004 Paris",
        "geocode_score": "0.96415",
        "geocode_label": "5 Rue du Cloître Saint-Merri 75004 Paris",
        "category": "coworking / salle réunion",
        "capacity_text": "jusque 12 personnes",
        "capacity_max_detected": "12",
        "price_text": "50 € HT / heure ; 300 € HT / journée ; tarifs association week-end -50% indiqués",
        "price_score": "75",
        "website": "https://mycowork.fr/meeting-rooms",
        "contact": "info@mycowork.fr ; 01 84 25 60 82",
        "source_url": "https://mycowork.fr/meeting-rooms",
        "pros": "12 personnes | tarif asso possible | central",
        "cons": "sous-sol | HT",
        "confidence": "high",
        "fit_score": "91",
        "last_checked": "2026-06-19"
      }
    },
    {
      "type": "Feature",
      "geometry": {
        "type": "Point",
        "coordinates": [
          2.351453,
          48.858957
        ]
      },
      "properties": {
        "id": "small-005",
        "name": "myCowork Beaubourg - Stravinski",
        "city": "Paris",
        "department": "75",
        "address": "5 rue du cloître Saint-Merri, 75004 Paris",
        "geocode_score": "0.96415",
        "geocode_label": "5 Rue du Cloître Saint-Merri 75004 Paris",
        "category": "coworking / salle réunion",
        "capacity_text": "14 en U / 20 en théâtre",
        "capacity_max_detected": "20",
        "price_text": "75 € HT / heure ; 450 € HT / journée ; tarifs association week-end -50% indiqués",
        "price_score": "75",
        "website": "https://mycowork.fr/meeting-rooms",
        "contact": "info@mycowork.fr ; 01 84 25 60 82",
        "source_url": "https://mycowork.fr/meeting-rooms",
        "pros": "20 max pile | central | tarif asso possible",
        "cons": "plus cher | sous-sol",
        "confidence": "high",
        "fit_score": "91",
        "last_checked": "2026-06-19"
      }
    },
    {
      "type": "Feature",
      "geometry": {
        "type": "Point",
        "coordinates": [
          2.341072,
          48.832967
        ]
      },
      "properties": {
        "id": "small-006",
        "name": "Foyer Saint Jean Eudes - Salle Marie des Vallées",
        "city": "Paris",
        "department": "75",
        "address": "44 rue de la Santé, 75014 Paris",
        "geocode_score": "0.9762981818181817",
        "geocode_label": "44 Rue de la Santé 75014 Paris",
        "category": "foyer / salle associative",
        "capacity_text": "5 à 20 personnes",
        "capacity_max_detected": "20",
        "price_text": "",
        "price_score": "45",
        "website": "https://fsje.fr/nos-salles",
        "contact": "contact@fsje.fr ; 01 44 08 70 00",
        "source_url": "https://fsje.fr/nos-salles",
        "pros": "20 max | wifi écran vidéoprojecteur | calme/jardin",
        "cons": "plutôt associations chrétiennes | prix non publié",
        "confidence": "high",
        "fit_score": "81",
        "last_checked": "2026-06-19"
      }
    },
    {
      "type": "Feature",
      "geometry": {
        "type": "Point",
        "coordinates": [
          2.341072,
          48.832967
        ]
      },
      "properties": {
        "id": "small-007",
        "name": "Foyer Saint Jean Eudes - Salle Jeanne Jugan",
        "city": "Paris",
        "department": "75",
        "address": "44 rue de la Santé, 75014 Paris",
        "geocode_score": "0.9762981818181817",
        "geocode_label": "44 Rue de la Santé 75014 Paris",
        "category": "foyer / salle associative",
        "capacity_text": "5 à 8 personnes",
        "capacity_max_detected": "8",
        "price_text": "",
        "price_score": "45",
        "website": "https://fsje.fr/nos-salles",
        "contact": "contact@fsje.fr ; 01 44 08 70 00",
        "source_url": "https://fsje.fr/nos-salles",
        "pros": "petit format | wifi écran | accès terrasse/jardin",
        "cons": "prix non publié | petite jauge",
        "confidence": "high",
        "fit_score": "81",
        "last_checked": "2026-06-19"
      }
    },
    {
      "type": "Feature",
      "geometry": {
        "type": "Point",
        "coordinates": [
          2.377392,
          48.848216
        ]
      },
      "properties": {
        "id": "small-008",
        "name": "Maison des Ensembles - petite salle associative",
        "city": "Paris",
        "department": "75",
        "address": "3-5 rue d’Aligre, 75012 Paris",
        "geocode_score": "0.8225393939393939",
        "geocode_label": "5 Rue d'Aligre 75012 Paris",
        "category": "centre Paris Anim / association",
        "capacity_text": "petite salle ≤25 m² ; viser ≤20 personnes selon disposition",
        "capacity_max_detected": "20",
        "price_text": "associations: 10 €/h ou 70 €/jour semaine 9h-18h ; 15 €/h ou 100 €/jour soir/week-end ; exonération possible si activité gratuite",
        "price_score": "100",
        "website": "https://ligueo.ligueparis.org/maison-des-ensembles/-/mise-a-disposition-de-locaux",
        "contact": "01 53 46 75 10",
        "source_url": "https://ligueo.ligueparis.org/maison-des-ensembles/-/mise-a-disposition-de-locaux",
        "pros": "très économique | barème public | exonération possible",
        "cons": "conditions associatives | capacité exacte à confirmer",
        "confidence": "high",
        "fit_score": "100",
        "last_checked": "2026-06-19"
      }
    },
    {
      "type": "Feature",
      "geometry": {
        "type": "Point",
        "coordinates": [
          2.340451,
          48.866835
        ]
      },
      "properties": {
        "id": "small-009",
        "name": "Fabrique de la Solidarité",
        "city": "Paris",
        "department": "75",
        "address": "8 rue de la Banque, 75002 Paris",
        "geocode_score": "0.96371",
        "geocode_label": "8 Rue de la Banque 75002 Paris",
        "category": "lieu municipal solidarité",
        "capacity_text": "espaces de réunion pour associations solidarité ; petite jauge à demander",
        "capacity_max_detected": "",
        "price_text": "mise à disposition associations solidarité ; coût non indiqué, dispositif Ville de Paris",
        "price_score": "50",
        "website": "https://www.paris.fr/pages/locaux-a-usage-ponctuel-5406",
        "contact": "fabrique-solidarite@paris.fr (adresse obfusquée sur Paris.fr)",
        "source_url": "https://www.paris.fr/pages/locaux-a-usage-ponctuel-5406",
        "pros": "municipal | central | orienté associations",
        "cons": "réservé solidarité | capacité/prix à confirmer",
        "confidence": "medium",
        "fit_score": "46",
        "last_checked": "2026-06-19"
      }
    },
    {
      "type": "Feature",
      "geometry": {
        "type": "Point",
        "coordinates": [
          2.310024,
          48.905661
        ]
      },
      "properties": {
        "id": "small-010",
        "name": "Maison des Associations Aimé Césaire - Salle 3",
        "city": "Clichy",
        "department": "92",
        "address": "80 boulevard du Général Leclerc, 92110 Clichy",
        "geocode_score": "0.9749827272727272",
        "geocode_label": "80 Boulevard du Général Leclerc 92110 Clichy",
        "category": "maison associations / municipal",
        "capacity_text": "20 assises",
        "capacity_max_detected": "20",
        "price_text": "34 € / heure ; caution 1000 € indiquée",
        "price_score": "75",
        "website": "https://associations.ville-clichy.fr",
        "contact": "Direction vie associative via site Ville de Clichy",
        "source_url": "https://associations.ville-clichy.fr/actualites/salles-municipales-pour-les-particuliers-et-acteurs-economiques",
        "pros": "20 pile | tarif horaire raisonnable | ouvert aussi acteurs économiques locaux sous conditions",
        "cons": "caution élevée | conditions locales",
        "confidence": "high",
        "fit_score": "96",
        "last_checked": "2026-06-19"
      }
    },
    {
      "type": "Feature",
      "geometry": {
        "type": "Point",
        "coordinates": [
          2.476204,
          48.846577
        ]
      },
      "properties": {
        "id": "small-011",
        "name": "Maison du Citoyen et de la Vie Associative",
        "city": "Fontenay-sous-Bois",
        "department": "94",
        "address": "16 rue du Révérend Père Lucien Aubry, 94120 Fontenay-sous-Bois",
        "geocode_score": "0.78239",
        "geocode_label": "16 Rue du Reverend Pere Aubry 94120 Fontenay-sous-Bois",
        "category": "maison du citoyen / associations",
        "capacity_text": "petites salles dès 2 personnes ; demander une salle ≤20 (site indique gamme globale 2-120)",
        "capacity_max_detected": "20",
        "price_text": "mise à disposition associative ; tarif non publié",
        "price_score": "50",
        "website": "https://www.fontenay.fr",
        "contact": "mdcva@fontenay-sous-bois.fr ; 01 49 74 76 90",
        "source_url": "https://www.fontenay.fr/citoyennete-vie-associative/maison-du-citoyen-1020.html",
        "pros": "beaucoup de petites salles | contact clair | tables/chaises",
        "cons": "priorité associations locales | prix non publié",
        "confidence": "high",
        "fit_score": "88",
        "last_checked": "2026-06-19"
      }
    },
    {
      "type": "Feature",
      "geometry": {
        "type": "Point",
        "coordinates": [
          2.409457,
          48.900267
        ]
      },
      "properties": {
        "id": "small-012",
        "name": "Maison des Associations de Pantin - espace réunion",
        "city": "Pantin",
        "department": "93",
        "address": "Pantin, 93500",
        "geocode_score": "0.954250909090909",
        "geocode_label": "Pantin",
        "category": "maison associations",
        "capacity_text": "table de réunion 8 personnes",
        "capacity_max_detected": "8",
        "price_text": "tarif non publié ; mise à disposition associative à vérifier",
        "price_score": "50",
        "website": "https://citoyen.pantin.fr/je-mengage/la-maison-des-associations",
        "contact": "portail associatif Pantin",
        "source_url": "https://citoyen.pantin.fr/je-mengage/la-maison-des-associations",
        "pros": "8 personnes | équipement associatif | Pantin proche Paris",
        "cons": "adresse exacte à confirmer | probablement assos locales",
        "confidence": "medium",
        "fit_score": "81",
        "last_checked": "2026-06-19"
      }
    },
    {
      "type": "Feature",
      "geometry": {
        "type": "Point",
        "coordinates": [
          2.473903,
          48.789668
        ]
      },
      "properties": {
        "id": "small-013",
        "name": "ID COWORK - salle de réunion",
        "city": "Saint-Maur-des-Fossés",
        "department": "94",
        "address": "37 quai de la Pie, 94100 Saint-Maur-des-Fossés",
        "geocode_score": "0.9753554545454545",
        "geocode_label": "37 Quai de la Pie 94100 Saint-Maur-des-Fossés",
        "category": "coworking abordable",
        "capacity_text": "jusqu’à 16 personnes",
        "capacity_max_detected": "16",
        "price_text": "à partir de 40 € / 2h pour 1-2 personnes ; autres jauges selon barème",
        "price_score": "90",
        "website": "https://id-cowork.fr",
        "contact": "via site ID COWORK",
        "source_url": "https://id-cowork.fr",
        "pros": "16 personnes | équipé visio | tarifs d’entrée publiés",
        "cons": "tarif 16 personnes à confirmer | plus éloigné",
        "confidence": "high",
        "fit_score": "96",
        "last_checked": "2026-06-19"
      }
    },
    {
      "type": "Feature",
      "geometry": {
        "type": "Point",
        "coordinates": [
          2.471927,
          48.820327
        ]
      },
      "properties": {
        "id": "small-014",
        "name": "CO’LOC Coworking",
        "city": "Joinville-le-Pont",
        "department": "94",
        "address": "Joinville-le-Pont, 94340",
        "geocode_score": "0.949231818181818",
        "geocode_label": "Joinville-le-Pont",
        "category": "coworking très abordable",
        "capacity_text": "petits rendez-vous / cabine / open space ; capacité salle dédiée non publiée",
        "capacity_max_detected": "",
        "price_text": "8 € HT / heure ; 20 € HT demi-journée ; 29 € HT journée",
        "price_score": "90",
        "website": "https://www.coworkingcoloc.fr/coworking",
        "contact": "Laurianne@coworkingcoloc.fr ; 07 68 60 49 29",
        "source_url": "https://www.coworkingcoloc.fr/coworking",
        "pros": "très bas prix | face RER A selon source | réservation simple",
        "cons": "pas forcément salle fermée 20 pers | HT",
        "confidence": "medium",
        "fit_score": "54",
        "last_checked": "2026-06-19"
      }
    },
    {
      "type": "Feature",
      "geometry": {
        "type": "Point",
        "coordinates": [
          2.449477,
          48.858967
        ]
      },
      "properties": {
        "id": "small-015",
        "name": "Facility Center Montreuil - Salle DUBLIN",
        "city": "Montreuil",
        "department": "93",
        "address": "17-21 avenue Jean Moulin, 93100 Montreuil",
        "geocode_score": "0.8188483916083916",
        "geocode_label": "21 Avenue Jean Moulin 93100 Montreuil",
        "category": "centre affaires / coworking",
        "capacity_text": "10 personnes",
        "capacity_max_detected": "10",
        "price_text": "tarif non affiché ; réservation via Neo-nomade",
        "price_score": "50",
        "website": "https://www.neo-nomade.com",
        "contact": "via fiche Neo-nomade",
        "source_url": "https://www.neo-nomade.com/s/montreuil/salle-reunion-formation-location",
        "pros": "10 personnes | réunion/formation | proche Paris",
        "cons": "prix à demander | plateforme intermédiaire",
        "confidence": "medium",
        "fit_score": "76",
        "last_checked": "2026-06-19"
      }
    },
    {
      "type": "Feature",
      "geometry": {
        "type": "Point",
        "coordinates": [
          2.449477,
          48.858967
        ]
      },
      "properties": {
        "id": "small-016",
        "name": "Facility Center Montreuil - Salle ATHENES",
        "city": "Montreuil",
        "department": "93",
        "address": "17-21 avenue Jean Moulin, 93100 Montreuil",
        "geocode_score": "0.8188483916083916",
        "geocode_label": "21 Avenue Jean Moulin 93100 Montreuil",
        "category": "centre affaires / coworking",
        "capacity_text": "14 personnes",
        "capacity_max_detected": "14",
        "price_text": "tarif non affiché ; réservation via Neo-nomade",
        "price_score": "50",
        "website": "https://www.neo-nomade.com",
        "contact": "via fiche Neo-nomade",
        "source_url": "https://www.neo-nomade.com/s/montreuil/salle-reunion-formation-location",
        "pros": "14 personnes | formation possible | alternative privée",
        "cons": "prix à demander | probablement moins cheap que municipal",
        "confidence": "medium",
        "fit_score": "76",
        "last_checked": "2026-06-19"
      }
    },
    {
      "type": "Feature",
      "geometry": {
        "type": "Point",
        "coordinates": [
          1.91407,
          49.010636
        ]
      },
      "properties": {
        "id": "small-017",
        "name": "Maison des Associations - MDA 1/2/4",
        "city": "Meulan-en-Yvelines",
        "department": "78",
        "address": "Allée des Cottages, 78250 Meulan-en-Yvelines",
        "geocode_score": "0.9612127272727272",
        "geocode_label": "Allee des Cottages 78250 Meulan-en-Yvelines",
        "category": "maison associations / municipal",
        "capacity_text": "MDA 1: 14 ; MDA 2: 14 ; MDA 4: 20 personnes",
        "capacity_max_detected": "20",
        "price_text": "45 € demi-journée ou 77 € journée Meulanais ; 67 €/113 € extra-muros ; caution 400 €",
        "price_score": "80",
        "website": "https://ville-meulan.fr",
        "contact": "01 30 90 41 46",
        "source_url": "https://ville-meulan.fr/votre-mairie/vos-demarches/location-de-salles/salles-destination-des-associations",
        "pros": "14-20 pile | tarifs publics bas | journée peu chère",
        "cons": "pas particuliers | loin Paris selon besoin",
        "confidence": "high",
        "fit_score": "91",
        "last_checked": "2026-06-19"
      }
    },
    {
      "type": "Feature",
      "geometry": {
        "type": "Point",
        "coordinates": [
          2.277576,
          48.9916
        ]
      },
      "properties": {
        "id": "small-018",
        "name": "Maison des Associations d’Eaubonne - petites salles",
        "city": "Eaubonne",
        "department": "95",
        "address": "Eaubonne, 95600",
        "geocode_score": "0.9503427272727272",
        "geocode_label": "Eaubonne",
        "category": "maison associations / municipal",
        "capacity_text": "salles de 2 à 20 personnes selon salle",
        "capacity_max_detected": "20",
        "price_text": "gratuit pour associations eaubonnaises en demande ponctuelle",
        "price_score": "100",
        "website": "https://www.eaubonne.fr",
        "contact": "reservation-salles@eaubonne.fr ; 01 34 27 33 47",
        "source_url": "https://www.eaubonne.fr/que-faire-a-eaubonne/se-divertir/le-monde-associatif/la-mda",
        "pros": "plusieurs salles ≤20 | gratuit assos locales | contact réservation",
        "cons": "associations locales | adresse précise à confirmer",
        "confidence": "high",
        "fit_score": "98",
        "last_checked": "2026-06-19"
      }
    },
    {
      "type": "Feature",
      "geometry": {
        "type": "Point",
        "coordinates": [
          2.162081,
          48.804154
        ]
      },
      "properties": {
        "id": "small-019",
        "name": "Maison des Associations et de l’Emploi",
        "city": "Versailles",
        "department": "78",
        "address": "2 bis place de Touraine, 78000 Versailles",
        "geocode_score": "0.8106845454545454",
        "geocode_label": "2bis Place de Touraine 78000 Versailles",
        "category": "maison associations / municipal",
        "capacity_text": "7 salles de 8 à 22 personnes ; choisir ≤20",
        "capacity_max_detected": "20",
        "price_text": "adhésion 44,60 €/an ; location par créneau, détail à demander",
        "price_score": "75",
        "website": "https://www.versailles.fr",
        "contact": "associations@versailles.fr",
        "source_url": "https://www.versailles.fr/318/associations-et-quartiers/accompagnement-des-associations/maison-des-associations-et-de-l-emploi.htm",
        "pros": "petites salles | wifi | Versailles accessible train",
        "cons": "adhésion/réservation adhérents | tarifs créneau à demander",
        "confidence": "high",
        "fit_score": "89",
        "last_checked": "2026-06-19"
      }
    },
    {
      "type": "Feature",
      "geometry": {
        "type": "Point",
        "coordinates": [
          2.092649,
          48.898064
        ]
      },
      "properties": {
        "id": "small-020",
        "name": "Maison des Associations Saint-Germanoises",
        "city": "Saint-Germain-en-Laye",
        "department": "78",
        "address": "3 rue de la République, 78100 Saint-Germain-en-Laye",
        "geocode_score": "0.9708527272727272",
        "geocode_label": "3 Rue de la République 78100 Saint-Germain-en-Laye",
        "category": "maison associations",
        "capacity_text": "salles 4-6, 8, 10, 20 personnes",
        "capacity_max_detected": "20",
        "price_text": "frais de gestion selon salle/durée ; dépôt garantie 500 € ; tarifs sur demande",
        "price_score": "50",
        "website": "https://mas.asso.fr/mise-disposition-salles",
        "contact": "contact@mas-association.fr ; 01 39 73 73 73",
        "source_url": "https://mas.asso.fr/mise-disposition-salles",
        "pros": "plusieurs petites jauges | centre-ville/RER | wifi/vidéo selon salle",
        "cons": "tarifs non publiés | garantie 500 €",
        "confidence": "high",
        "fit_score": "81",
        "last_checked": "2026-06-19"
      }
    },
    {
      "type": "Feature",
      "geometry": {
        "type": "Point",
        "coordinates": [
          2.43059,
          48.624153
        ]
      },
      "properties": {
        "id": "small-021",
        "name": "CCI Essonne - Salle La Bruyère",
        "city": "Évry-Courcouronnes",
        "department": "91",
        "address": "2 cours Monseigneur Romero, 91000 Évry-Courcouronnes",
        "geocode_score": "0.9684418181818181",
        "geocode_label": "2 Cours Monseigneur Roméro 91000 Évry-Courcouronnes",
        "category": "CCI / salle professionnelle",
        "capacity_text": "12 personnes",
        "capacity_max_detected": "12",
        "price_text": "80 à 100 € HT / jour",
        "price_score": "80",
        "website": "https://www.essonne.cci.fr/location-de-salles-evry-courcouronnes",
        "contact": "formulaire disponibilité CCI Essonne",
        "source_url": "https://www.essonne.cci.fr/location-de-salles-evry-courcouronnes",
        "pros": "tarif jour bas | 12 personnes | équipé pro",
        "cons": "usage pro uniquement | HT",
        "confidence": "high",
        "fit_score": "86",
        "last_checked": "2026-06-19"
      }
    },
    {
      "type": "Feature",
      "geometry": {
        "type": "Point",
        "coordinates": [
          2.43059,
          48.624153
        ]
      },
      "properties": {
        "id": "small-022",
        "name": "CCI Essonne - Salle George Sand",
        "city": "Évry-Courcouronnes",
        "department": "91",
        "address": "2 cours Monseigneur Romero, 91000 Évry-Courcouronnes",
        "geocode_score": "0.9684418181818181",
        "geocode_label": "2 Cours Monseigneur Roméro 91000 Évry-Courcouronnes",
        "category": "CCI / salle professionnelle",
        "capacity_text": "20 personnes",
        "capacity_max_detected": "20",
        "price_text": "150 à 210 € HT / jour",
        "price_score": "65",
        "website": "https://www.essonne.cci.fr/location-de-salles-evry-courcouronnes",
        "contact": "formulaire disponibilité CCI Essonne",
        "source_url": "https://www.essonne.cci.fr/location-de-salles-evry-courcouronnes",
        "pros": "20 max | tarif journée clair | vidéoprojecteur/wifi",
        "cons": "usage professionnel | HT",
        "confidence": "high",
        "fit_score": "81",
        "last_checked": "2026-06-19"
      }
    },
    {
      "type": "Feature",
      "geometry": {
        "type": "Point",
        "coordinates": [
          2.138577,
          48.795923
        ]
      },
      "properties": {
        "id": "small-023",
        "name": "Inter Centres d’Affaires - salle 20 personnes",
        "city": "Versailles",
        "department": "78",
        "address": "35 rue des Chantiers, 78000 Versailles",
        "geocode_score": "0.9761954545454544",
        "geocode_label": "35 Rue des Chantiers 78000 Versailles",
        "category": "centre affaires",
        "capacity_text": "salles 3, 5, 12 et 20 personnes",
        "capacity_max_detected": "20",
        "price_text": "à partir de 21 € HT/h (3 pers), 45 € HT/h (12), 60 € HT/h (20)",
        "price_score": "90",
        "website": "https://www.inter-ca.com/salles-de-reunion/location-salles-de-reunion-versailles-78-yvelines",
        "contact": "via page contacts Inter Centres d’Affaires",
        "source_url": "https://www.inter-ca.com/salles-de-reunion/location-salles-de-reunion-versailles-78-yvelines",
        "pros": "tarif horaire clair | 3-20 personnes | gare Chantiers",
        "cons": "HT | privé plus cher que municipal",
        "confidence": "high",
        "fit_score": "89",
        "last_checked": "2026-06-19"
      }
    },
    {
      "type": "Feature",
      "geometry": {
        "type": "Point",
        "coordinates": [
          2.247663,
          48.591575
        ]
      },
      "properties": {
        "id": "small-024",
        "name": "Chez Mémé - espace réunion",
        "city": "Arpajon",
        "department": "91",
        "address": "27 Grande Rue, 91290 Arpajon",
        "geocode_score": "0.969170909090909",
        "geocode_label": "27 Grande Rue 91290 Arpajon",
        "category": "coworking / salle réunion",
        "capacity_text": "jusqu’à 12 personnes",
        "capacity_max_detected": "12",
        "price_text": "salle incluse selon planning pour coworkers ; open space 12,50 € HT demi-journée / 22,50 € HT journée",
        "price_score": "90",
        "website": "http://xn--chezmm-fvab.fr/location-bureau-coworking",
        "contact": "contact@chezmémé.fr ; 09 51 22 83 00",
        "source_url": "http://xn--chezmm-fvab.fr/location-bureau-coworking",
        "pros": "économique | 12 personnes | formules flexibles",
        "cons": "privatisation salle seule non claire | Arpajon",
        "confidence": "high",
        "fit_score": "89",
        "last_checked": "2026-06-19"
      }
    },
    {
      "type": "Feature",
      "geometry": {
        "type": "Point",
        "coordinates": [
          2.493008,
          48.720895
        ]
      },
      "properties": {
        "id": "small-025",
        "name": "L’Arche Coworking - salle de réunion",
        "city": "Yerres",
        "department": "91",
        "address": "30 rue Mont du Griffon, 91330 Yerres",
        "geocode_score": "0.8733354545454545",
        "geocode_label": "30 Rue du Mont-griffon 91330 Yerres",
        "category": "coworking / salle réunion",
        "capacity_text": "jusqu’à 20 personnes",
        "capacity_max_detected": "20",
        "price_text": "100 € HT / 2h ; 166 € HT demi-journée ; 250 € HT journée",
        "price_score": "80",
        "website": "https://www.arche-coworking.fr/tarif-salle-de-reunion",
        "contact": "arche.coworking@gmail.com ; 01 60 47 21 82",
        "source_url": "https://www.arche-coworking.fr/tarif-salle-de-reunion",
        "pros": "20 max | tarifs publiés | PMR/équipée",
        "cons": "HT | plus cher que municipal",
        "confidence": "high",
        "fit_score": "86",
        "last_checked": "2026-06-19"
      }
    },
    {
      "type": "Feature",
      "geometry": {
        "type": "Point",
        "coordinates": [
          2.362217,
          48.864045
        ]
      },
      "properties": {
        "id": "IDF-MVAC-001",
        "name": "MVAC Paris Centre - Site Marais",
        "city": "Paris",
        "department": "75",
        "address": "5, rue Perrée",
        "geocode_score": 0.9635845454545454,
        "geocode_label": "5 Rue Perrée 75003 Paris",
        "category": "MVAC",
        "capacity_text": "20",
        "capacity_max_detected": 20,
        "price_text": "Gratuit (free for registered associations) ; Free meeting rooms, offices, coworking, reprography for registered associations",
        "price_score": 95,
        "website": "https://www.paris.fr/lieux/maison-de-la-vie-associative-et-citoyenne-de-paris-centre-site-marais-3272",
        "contact": "01 53 01 76 94 ; maison.asso.03.04@paris.fr",
        "source_url": "paris.fr",
        "pros": [
          "photocopier",
          "computers",
          "wifi",
          "video_projector",
          "meeting_rooms"
        ],
        "cons": "",
        "confidence": "medium",
        "fit_score": 96,
        "last_checked": "2026-06-19"
      }
    },
    {
      "type": "Feature",
      "geometry": {
        "type": "Point",
        "coordinates": [
          2.361532,
          48.863992
        ]
      },
      "properties": {
        "id": "IDF-MVAC-002",
        "name": "MVAC Paris Centre - Site Louvre",
        "city": "Paris",
        "department": "75",
        "address": "2, rue Eugène Spuller",
        "geocode_score": 0.9594199999999998,
        "geocode_label": "2 Rue Eugène Spuller 75003 Paris",
        "category": "MVAC",
        "capacity_text": "20",
        "capacity_max_detected": 20,
        "price_text": "Gratuit ; Free for registered associations. Salle Bretagne: 48.5 m², 40 pers.",
        "price_score": 95,
        "website": "https://mairiepariscentre.paris.fr/pages/locaux-accessibles-a-paris-centre-15435",
        "contact": "maison.asso.03.04@paris.fr",
        "source_url": "paris.fr",
        "pros": [
          "meeting_rooms",
          "coworking_space",
          "wifi",
          "reprography"
        ],
        "cons": "",
        "confidence": "medium",
        "fit_score": 96,
        "last_checked": "2026-06-19"
      }
    },
    {
      "type": "Feature",
      "geometry": {
        "type": "Point",
        "coordinates": [
          2.343527,
          48.888055
        ]
      },
      "properties": {
        "id": "IDF-MVAC-003",
        "name": "MVAC 5e - Quartier Latin",
        "city": "Paris",
        "department": "75",
        "address": null,
        "geocode_score": 0.3734346753246753,
        "geocode_label": "Rue de la Bonne 75018 Paris",
        "category": "MVAC",
        "capacity_text": "20",
        "capacity_max_detected": 20,
        "price_text": "Gratuit ; Free meeting rooms and offices for associations",
        "price_score": 95,
        "website": "https://mairie05.paris.fr/pages/maison-des-associations-10928",
        "contact": "",
        "source_url": "paris.fr",
        "pros": [
          "meeting_rooms",
          "coworking_space",
          "wifi"
        ],
        "cons": "",
        "confidence": "medium",
        "fit_score": 91,
        "last_checked": "2026-06-19"
      }
    },
    {
      "type": "Feature",
      "geometry": {
        "type": "Point",
        "coordinates": [
          2.343527,
          48.888055
        ]
      },
      "properties": {
        "id": "IDF-MVAC-004",
        "name": "MVAC 7e arrondissement",
        "city": "Paris",
        "department": "75",
        "address": null,
        "geocode_score": 0.3734346753246753,
        "geocode_label": "Rue de la Bonne 75018 Paris",
        "category": "MVAC",
        "capacity_text": "20",
        "capacity_max_detected": 20,
        "price_text": "Gratuit ; Free for registered associations",
        "price_score": 95,
        "website": "https://www.paris.fr/lieux/maisons-de-la-vie-associative-et-citoyenne/tous-les-horaires",
        "contact": "",
        "source_url": "paris.fr",
        "pros": [
          "meeting_rooms",
          "coworking_space",
          "wifi",
          "reprography"
        ],
        "cons": "",
        "confidence": "medium",
        "fit_score": 91,
        "last_checked": "2026-06-19"
      }
    },
    {
      "type": "Feature",
      "geometry": {
        "type": "Point",
        "coordinates": [
          2.304887,
          48.875985
        ]
      },
      "properties": {
        "id": "IDF-MVAC-005",
        "name": "MVAC 8e arrondissement",
        "city": "Paris",
        "department": "75",
        "address": "28, rue Laure Diebold",
        "geocode_score": 0.9678590909090908,
        "geocode_label": "28 Rue Laure Diebold 75008 Paris",
        "category": "MVAC",
        "capacity_text": "20",
        "capacity_max_detected": 20,
        "price_text": "Gratuit ; Free for registered associations",
        "price_score": 95,
        "website": "https://mairie08.paris.fr/pages/la-maison-des-associations-du-8e-9136",
        "contact": "01 53 67 83 60 ; maison.asso.08@paris.fr",
        "source_url": "paris.fr",
        "pros": [
          "meeting_rooms",
          "coworking_space",
          "wifi"
        ],
        "cons": "",
        "confidence": "medium",
        "fit_score": 96,
        "last_checked": "2026-06-19"
      }
    },
    {
      "type": "Feature",
      "geometry": {
        "type": "Point",
        "coordinates": [
          2.36872,
          48.881784
        ]
      },
      "properties": {
        "id": "IDF-MVAC-007",
        "name": "MVAC 10e arrondissement",
        "city": "Paris",
        "department": "75",
        "address": "206, quai de Valmy",
        "geocode_score": 0.976561818181818,
        "geocode_label": "206 Quai de Valmy 75010 Paris",
        "category": "MVAC",
        "capacity_text": "20",
        "capacity_max_detected": 20,
        "price_text": "Gratuit ; Free for registered associations. Includes coworking, reprography, display spaces.",
        "price_score": 95,
        "website": "https://www.conseilsdequartierparis10.fr/fr/maison-de-la-vie-associative-et-citoyenne.html",
        "contact": "",
        "source_url": "paris.fr",
        "pros": [
          "meeting_rooms",
          "coworking_space",
          "wifi",
          "reprography",
          "locker_spaces"
        ],
        "cons": "",
        "confidence": "medium",
        "fit_score": 91,
        "last_checked": "2026-06-19"
      }
    },
    {
      "type": "Feature",
      "geometry": {
        "type": "Point",
        "coordinates": [
          2.343527,
          48.888055
        ]
      },
      "properties": {
        "id": "IDF-MVAC-008",
        "name": "MVAC 11e arrondissement",
        "city": "Paris",
        "department": "75",
        "address": null,
        "geocode_score": 0.3734346753246753,
        "geocode_label": "Rue de la Bonne 75018 Paris",
        "category": "MVAC",
        "capacity_text": "20",
        "capacity_max_detected": 20,
        "price_text": "Gratuit ; Free for registered associations",
        "price_score": 95,
        "website": "https://www.paris.fr/lieux/maisons-de-la-vie-associative-et-citoyenne/tous-les-horaires",
        "contact": "",
        "source_url": "paris.fr",
        "pros": [
          "meeting_rooms",
          "coworking_space",
          "wifi",
          "reprography"
        ],
        "cons": "",
        "confidence": "medium",
        "fit_score": 91,
        "last_checked": "2026-06-19"
      }
    },
    {
      "type": "Feature",
      "geometry": {
        "type": "Point",
        "coordinates": [
          2.392507,
          48.840488
        ]
      },
      "properties": {
        "id": "IDF-MVAC-009",
        "name": "MVAC 12e arrondissement (Carrefour des Associations Parisiennes)",
        "city": "Paris",
        "department": "75",
        "address": "181, avenue Daumesnil",
        "geocode_score": 0.9844154545454544,
        "geocode_label": "181 Avenue Daumesnil 75012 Paris",
        "category": "MVAC",
        "capacity_text": "20",
        "capacity_max_detected": 20,
        "price_text": "Gratuit ; Free for registered associations. Located in former Gare de Reuilly.",
        "price_score": 95,
        "website": "https://mairie12.paris.fr/pages/la-maison-des-associations-10239",
        "contact": "",
        "source_url": "paris.fr",
        "pros": [
          "meeting_rooms",
          "coworking_space",
          "wifi"
        ],
        "cons": "",
        "confidence": "medium",
        "fit_score": 91,
        "last_checked": "2026-06-19"
      }
    },
    {
      "type": "Feature",
      "geometry": {
        "type": "Point",
        "coordinates": [
          2.353732,
          48.829136
        ]
      },
      "properties": {
        "id": "IDF-MVAC-010",
        "name": "MVAC 13e arrondissement",
        "city": "Paris",
        "department": "75",
        "address": "31, rue Bobillot",
        "geocode_score": 0.9810427272727272,
        "geocode_label": "31 Rue Bobillot 75013 Paris",
        "category": "MVAC",
        "capacity_text": "20",
        "capacity_max_detected": 20,
        "price_text": "Gratuit ; Free for registered associations",
        "price_score": 95,
        "website": null,
        "contact": "01 56 61 77 60 ; maison.asso.13@paris.fr",
        "source_url": "paris.fr/facebook",
        "pros": [
          "meeting_rooms",
          "coworking_space",
          "wifi",
          "reprography"
        ],
        "cons": "",
        "confidence": "medium",
        "fit_score": 96,
        "last_checked": "2026-06-19"
      }
    },
    {
      "type": "Feature",
      "geometry": {
        "type": "Point",
        "coordinates": [
          2.343527,
          48.888055
        ]
      },
      "properties": {
        "id": "IDF-MVAC-011",
        "name": "MVAC 14e arrondissement",
        "city": "Paris",
        "department": "75",
        "address": null,
        "geocode_score": 0.3734346753246753,
        "geocode_label": "Rue de la Bonne 75018 Paris",
        "category": "MVAC",
        "capacity_text": "20",
        "capacity_max_detected": 20,
        "price_text": "Gratuit ; Free for registered associations",
        "price_score": 95,
        "website": "https://www.paris.fr/lieux/maisons-de-la-vie-associative-et-citoyenne/tous-les-horaires",
        "contact": "",
        "source_url": "paris.fr",
        "pros": [
          "meeting_rooms",
          "coworking_space",
          "wifi"
        ],
        "cons": "",
        "confidence": "medium",
        "fit_score": 91,
        "last_checked": "2026-06-19"
      }
    },
    {
      "type": "Feature",
      "geometry": {
        "type": "Point",
        "coordinates": [
          2.295756,
          48.831832
        ]
      },
      "properties": {
        "id": "IDF-MVAC-012",
        "name": "MVAC 15e arrondissement",
        "city": "Paris",
        "department": "75",
        "address": "22, rue de la Saïda",
        "geocode_score": 0.9758181818181817,
        "geocode_label": "22 Rue de la Saïda 75015 Paris",
        "category": "MVAC",
        "capacity_text": "20",
        "capacity_max_detected": 20,
        "price_text": "Gratuit ; Free for registered associations. Photocopier, free-access computers.",
        "price_score": 95,
        "website": "https://www.paris.fr/lieux/maison-de-la-vie-associative-et-citoyenne-du-15e-arrondissement-3286",
        "contact": "01 45 30 31 31 ; maison.asso.15@paris.fr",
        "source_url": "paris.fr",
        "pros": [
          "meeting_rooms",
          "photocopier",
          "computers_free_access",
          "wifi",
          "defibrillator"
        ],
        "cons": "",
        "confidence": "medium",
        "fit_score": 96,
        "last_checked": "2026-06-19"
      }
    },
    {
      "type": "Feature",
      "geometry": {
        "type": "Point",
        "coordinates": [
          2.28418,
          48.856543
        ]
      },
      "properties": {
        "id": "IDF-MVAC-013",
        "name": "MVAC 16e arrondissement",
        "city": "Paris",
        "department": "75",
        "address": "14, avenue René Boylesve",
        "geocode_score": 0.9727999999999999,
        "geocode_label": "14 Avenue René Boylesve 75016 Paris",
        "category": "MVAC",
        "capacity_text": "20",
        "capacity_max_detected": 20,
        "price_text": "Gratuit ; Free for registered associations",
        "price_score": 95,
        "website": "https://mairie16.paris.fr/pages/la-maison-des-associations-du-16eme-11409",
        "contact": "maison.asso.16@paris.fr",
        "source_url": "paris.fr",
        "pros": [
          "meeting_rooms",
          "wifi",
          "coworking_space"
        ],
        "cons": "",
        "confidence": "medium",
        "fit_score": 96,
        "last_checked": "2026-06-19"
      }
    },
    {
      "type": "Feature",
      "geometry": {
        "type": "Point",
        "coordinates": [
          2.323751,
          48.895031
        ]
      },
      "properties": {
        "id": "IDF-MVAC-014",
        "name": "MVAC 17e arrondissement",
        "city": "Paris",
        "department": "75",
        "address": "25, rue Lantiez",
        "geocode_score": 0.9771536363636364,
        "geocode_label": "25 Rue Lantiez 75017 Paris",
        "category": "MVAC",
        "capacity_text": "20",
        "capacity_max_detected": 20,
        "price_text": "Gratuit ; Free for registered associations",
        "price_score": 95,
        "website": "https://mairie17.paris.fr/pages/la-maison-de-la-vie-associative-et-citoyenne-12013",
        "contact": "",
        "source_url": "paris.fr",
        "pros": [
          "meeting_rooms",
          "wifi",
          "coworking_space"
        ],
        "cons": "",
        "confidence": "medium",
        "fit_score": 91,
        "last_checked": "2026-06-19"
      }
    },
    {
      "type": "Feature",
      "geometry": {
        "type": "Point",
        "coordinates": [
          2.343527,
          48.888055
        ]
      },
      "properties": {
        "id": "IDF-MVAC-015",
        "name": "MVAC 18e arrondissement",
        "city": "Paris",
        "department": "75",
        "address": null,
        "geocode_score": 0.3734346753246753,
        "geocode_label": "Rue de la Bonne 75018 Paris",
        "category": "MVAC",
        "capacity_text": "20",
        "capacity_max_detected": 20,
        "price_text": "Gratuit ; Free for registered associations",
        "price_score": 95,
        "website": "https://www.paris.fr/lieux/maisons-de-la-vie-associative-et-citoyenne/tous-les-horaires",
        "contact": "",
        "source_url": "paris.fr",
        "pros": [
          "meeting_rooms",
          "wifi",
          "coworking_space"
        ],
        "cons": "",
        "confidence": "medium",
        "fit_score": 91,
        "last_checked": "2026-06-19"
      }
    },
    {
      "type": "Feature",
      "geometry": {
        "type": "Point",
        "coordinates": [
          2.343527,
          48.888055
        ]
      },
      "properties": {
        "id": "IDF-MVAC-016",
        "name": "MVAC 19e - CAPLA (Cabanon de la Place des Fêtes)",
        "city": "Paris",
        "department": "75",
        "address": null,
        "geocode_score": 0.3734346753246753,
        "geocode_label": "Rue de la Bonne 75018 Paris",
        "category": "MVAC",
        "capacity_text": "20",
        "capacity_max_detected": 20,
        "price_text": "Gratuit ; Free for registered associations",
        "price_score": 95,
        "website": "https://www.paris.fr/lieux/maisons-de-la-vie-associative-et-citoyenne/tous-les-horaires",
        "contact": "",
        "source_url": "paris.fr",
        "pros": [
          "meeting_rooms",
          "wifi"
        ],
        "cons": "",
        "confidence": "medium",
        "fit_score": 91,
        "last_checked": "2026-06-19"
      }
    },
    {
      "type": "Feature",
      "geometry": {
        "type": "Point",
        "coordinates": [
          2.343527,
          48.888055
        ]
      },
      "properties": {
        "id": "IDF-MVAC-017",
        "name": "MVAC 19e - Maison du Combattant",
        "city": "Paris",
        "department": "75",
        "address": null,
        "geocode_score": 0.3734346753246753,
        "geocode_label": "Rue de la Bonne 75018 Paris",
        "category": "MVAC",
        "capacity_text": "20",
        "capacity_max_detected": 20,
        "price_text": "Gratuit ; Free for registered associations",
        "price_score": 95,
        "website": "https://www.paris.fr/lieux/maisons-de-la-vie-associative-et-citoyenne/tous-les-horaires",
        "contact": "",
        "source_url": "paris.fr",
        "pros": [
          "meeting_rooms",
          "wifi"
        ],
        "cons": "",
        "confidence": "medium",
        "fit_score": 91,
        "last_checked": "2026-06-19"
      }
    },
    {
      "type": "Feature",
      "geometry": {
        "type": "Point",
        "coordinates": [
          2.343527,
          48.888055
        ]
      },
      "properties": {
        "id": "IDF-MVAC-018",
        "name": "MVAC 20e arrondissement",
        "city": "Paris",
        "department": "75",
        "address": null,
        "geocode_score": 0.3734346753246753,
        "geocode_label": "Rue de la Bonne 75018 Paris",
        "category": "MVAC",
        "capacity_text": "20",
        "capacity_max_detected": 20,
        "price_text": "Gratuit ; Free for registered associations",
        "price_score": 95,
        "website": "https://www.paris.fr/lieux/maisons-de-la-vie-associative-et-citoyenne/tous-les-horaires",
        "contact": "",
        "source_url": "paris.fr",
        "pros": [
          "meeting_rooms",
          "wifi",
          "coworking_space"
        ],
        "cons": "",
        "confidence": "medium",
        "fit_score": 91,
        "last_checked": "2026-06-19"
      }
    },
    {
      "type": "Feature",
      "geometry": {
        "type": "Point",
        "coordinates": [
          2.340451,
          48.866835
        ]
      },
      "properties": {
        "id": "IDF-INST-019",
        "name": "La Fabrique de la Solidarité",
        "city": "Paris",
        "department": "75",
        "address": "8, rue de la Banque",
        "geocode_score": 0.96371,
        "geocode_label": "8 Rue de la Banque 75002 Paris",
        "category": "institutional",
        "capacity_text": "20",
        "capacity_max_detected": 20,
        "price_text": "Gratuit ; Free spaces for solidarity actors, public meetings, associative permanences.",
        "price_score": 95,
        "website": "https://www.paris.fr/pages/la-fabrique-de-la-solidarite-6389",
        "contact": "fabrique-solidarite@paris.fr",
        "source_url": "paris.fr",
        "pros": [
          "meeting_rooms",
          "conference_rooms",
          "coworking_space",
          "projection"
        ],
        "cons": "",
        "confidence": "medium",
        "fit_score": 88,
        "last_checked": "2026-06-19"
      }
    },
    {
      "type": "Feature",
      "geometry": {
        "type": "Point",
        "coordinates": [
          2.343527,
          48.888055
        ]
      },
      "properties": {
        "id": "IDF-INST-020",
        "name": "La Maison Étudiante",
        "city": "Paris",
        "department": "75",
        "address": null,
        "geocode_score": 0.3734346753246753,
        "geocode_label": "Rue de la Bonne 75018 Paris",
        "category": "institutional",
        "capacity_text": "20",
        "capacity_max_detected": 20,
        "price_text": "Gratuit ; Free services and practical spaces for student project leaders and associations",
        "price_score": 95,
        "website": "https://maison-etudiante.paris/",
        "contact": "",
        "source_url": "maison-etudiante.paris",
        "pros": [
          "salle_repetition",
          "plateau_tournage",
          "studio_son",
          "salles_reunion",
          "salle_montage",
          "espace_exposition"
        ],
        "cons": "",
        "confidence": "medium",
        "fit_score": 83,
        "last_checked": "2026-06-19"
      }
    },
    {
      "type": "Feature",
      "geometry": {
        "type": "Point",
        "coordinates": [
          2.343527,
          48.888055
        ]
      },
      "properties": {
        "id": "IDF-INST-021",
        "name": "Le Kiosque Citoyen (12e)",
        "city": "Paris",
        "department": "75",
        "address": null,
        "geocode_score": 0.3734346753246753,
        "geocode_label": "Rue de la Bonne 75018 Paris",
        "category": "institutional",
        "capacity_text": "15",
        "capacity_max_detected": 15,
        "price_text": "Gratuit ; Indoor capacity up to 15 people; outdoor space for animations.",
        "price_score": 95,
        "website": "https://www.paris.fr/pages/locaux-a-usage-ponctuel-5406",
        "contact": "kiosquecitoyen12@gmail.com",
        "source_url": "paris.fr",
        "pros": [
          "meeting_space_indoor_15_pers",
          "outdoor_space"
        ],
        "cons": "",
        "confidence": "medium",
        "fit_score": 88,
        "last_checked": "2026-06-19"
      }
    },
    {
      "type": "Feature",
      "geometry": {
        "type": "Point",
        "coordinates": [
          2.338153,
          48.830403
        ]
      },
      "properties": {
        "id": "IDF-INST-022",
        "name": "FIAP - Jean Monnet",
        "city": "Paris",
        "department": "75",
        "address": "30, rue Cabanis",
        "geocode_score": 0.973450909090909,
        "geocode_label": "30 Rue Cabanis 75014 Paris",
        "category": "institutional",
        "capacity_text": "20",
        "capacity_max_detected": 20,
        "price_text": "Tarif préférentiel associatif ; 20 meeting rooms, preferential rates for associations. Available evenings and school holidays.",
        "price_score": 75,
        "website": "http://www.fiap.paris/",
        "contact": "",
        "source_url": "paris.fr",
        "pros": [
          "20_meeting_rooms",
          "amphitheater_200_seats",
          "av_equipment",
          "sound_equipment"
        ],
        "cons": "",
        "confidence": "medium",
        "fit_score": 77,
        "last_checked": "2026-06-19"
      }
    },
    {
      "type": "Feature",
      "geometry": {
        "type": "Point",
        "coordinates": [
          2.392208,
          48.856003
        ]
      },
      "properties": {
        "id": "IDF-INST-023",
        "name": "AGECA",
        "city": "Paris",
        "department": "75",
        "address": "177, rue de Charonne",
        "geocode_score": 0.9819818181818181,
        "geocode_label": "177 Rue de Charonne 75011 Paris",
        "category": "institutional",
        "capacity_text": "20",
        "capacity_max_detected": 20,
        "price_text": "Tarif préférentiel associatif ; 9 modular rooms (10 to 175 seats), preferential rates for Parisian associations.",
        "price_score": 55,
        "website": "http://www.ageca.org/",
        "contact": "",
        "source_url": "paris.fr",
        "pros": [
          "9_modular_rooms",
          "it_equipment",
          "av_equipment"
        ],
        "cons": "",
        "confidence": "medium",
        "fit_score": 71,
        "last_checked": "2026-06-19"
      }
    },
    {
      "type": "Feature",
      "geometry": {
        "type": "Point",
        "coordinates": [
          2.372187,
          48.824323
        ]
      },
      "properties": {
        "id": "IDF-INST-024",
        "name": "Maison des Associations de Solidarité (MAS)",
        "city": "Paris",
        "department": "75",
        "address": "10-18, rue des Terres au curé",
        "geocode_score": 0.8111461983471073,
        "geocode_label": "18 Rue des Terres au Curé 75013 Paris",
        "category": "institutional",
        "capacity_text": "20",
        "capacity_max_detected": 20,
        "price_text": "Tarif modéré ; 8 rooms (5 to 400 capacity). WiFi, screens, video projectors, paperboards. Rooms: La Boutique (30m²-~15p), La Fabrique (48m²-~16p), L'Usine (50m²-~18p).",
        "price_score": 90,
        "website": "https://mas-paris.fr",
        "contact": "",
        "source_url": "paris.fr/mas-paris.fr",
        "pros": [
          "8_rooms",
          "wifi",
          "screens",
          "video_projectors",
          "paperboards",
          "hf_mics"
        ],
        "cons": "",
        "confidence": "medium",
        "fit_score": 82,
        "last_checked": "2026-06-19"
      }
    },
    {
      "type": "Feature",
      "geometry": {
        "type": "Point",
        "coordinates": [
          2.370645,
          48.884656
        ]
      },
      "properties": {
        "id": "IDF-INST-025",
        "name": "Les Canaux (Maison des économies solidaires et innovantes)",
        "city": "Paris",
        "department": "75",
        "address": "6, quai de la Seine",
        "geocode_score": 0.9797190909090908,
        "geocode_label": "6 Quai de la Seine 75019 Paris",
        "category": "institutional",
        "capacity_text": "20",
        "capacity_max_detected": 20,
        "price_text": "Gratuit ; Free hosting for events/meetings for solidarity and innovative economy actors.",
        "price_score": 95,
        "website": "https://www.paris.fr/pages/locaux-a-usage-ponctuel-5406",
        "contact": "",
        "source_url": "paris.fr",
        "pros": [
          "meeting_rooms",
          "event_spaces"
        ],
        "cons": "",
        "confidence": "medium",
        "fit_score": 83,
        "last_checked": "2026-06-19"
      }
    },
    {
      "type": "Feature",
      "geometry": {
        "type": "Point",
        "coordinates": [
          2.343527,
          48.888055
        ]
      },
      "properties": {
        "id": "IDF-CPA-026",
        "name": "Centre Paris Anim' Marc Sangnier",
        "city": "Paris",
        "department": "75",
        "address": null,
        "geocode_score": 0.3734346753246753,
        "geocode_label": "Rue de la Bonne 75018 Paris",
        "category": "paris_anim",
        "capacity_text": "20",
        "capacity_max_detected": 20,
        "price_text": "Tarif préférentiel associatif ; Aide jeune création: 59€ forfait for 2-month rehearsal room rental. Associative: priority, reduced rates. Commercial: higher rate.",
        "price_score": 50,
        "website": "https://marcsangnier.aniapp.fr/-/mise-a-disposition",
        "contact": "",
        "source_url": "paris.fr",
        "pros": [
          "meeting_rooms",
          "rehearsal_spaces"
        ],
        "cons": "",
        "confidence": "medium",
        "fit_score": 78,
        "last_checked": "2026-06-19"
      }
    },
    {
      "type": "Feature",
      "geometry": {
        "type": "Point",
        "coordinates": [
          2.343527,
          48.888055
        ]
      },
      "properties": {
        "id": "IDF-CPA-027",
        "name": "Centre Paris Anim' Mado Robin",
        "city": "Paris",
        "department": "75",
        "address": null,
        "geocode_score": 0.3734346753246753,
        "geocode_label": "Rue de la Bonne 75018 Paris",
        "category": "paris_anim",
        "capacity_text": "20",
        "capacity_max_detected": 20,
        "price_text": "Tarif préférentiel ; Salle polyvalente: 60m², up to 25 people for meetings.",
        "price_score": 50,
        "website": "https://cpa-madorobin.ifac.asso.fr/location-despaces",
        "contact": "",
        "source_url": "paris.fr",
        "pros": [
          "salle_polyvalente_60m2",
          "plateau_70m2",
          "4_pmr_seats"
        ],
        "cons": "",
        "confidence": "medium",
        "fit_score": 78,
        "last_checked": "2026-06-19"
      }
    },
    {
      "type": "Feature",
      "geometry": {
        "type": "Point",
        "coordinates": [
          2.395791,
          48.878193
        ]
      },
      "properties": {
        "id": "IDF-CPA-028",
        "name": "Centre Paris Anim' Place des Fêtes",
        "city": "Paris",
        "department": "75",
        "address": "2-4, rue des Lilas",
        "geocode_score": 0.8110807438016528,
        "geocode_label": "4 Rue des Lilas 75019 Paris",
        "category": "paris_anim",
        "capacity_text": "20",
        "capacity_max_detected": 20,
        "price_text": "Gratuit pour associations du quartier ; Free for neighborhood associations if spaces available. 9€/hour + 30€ annual membership for others.",
        "price_score": 95,
        "website": "https://mpdf.fr/autres-salles-disponibles-dans-quartier",
        "contact": "01 40 18 76 45 ; pladesfetes@ligueparis.org",
        "source_url": "mpdf.fr",
        "pros": [
          "meeting_room_40_pers",
          "video_projector"
        ],
        "cons": "",
        "confidence": "medium",
        "fit_score": 96,
        "last_checked": "2026-06-19"
      }
    },
    {
      "type": "Feature",
      "geometry": {
        "type": "Point",
        "coordinates": [
          2.377392,
          48.848216
        ]
      },
      "properties": {
        "id": "IDF-CPA-029",
        "name": "Centre Paris Anim' Maison des Ensembles",
        "city": "Paris",
        "department": "75",
        "address": "3-5, rue d'Aligre",
        "geocode_score": 0.8052233766233765,
        "geocode_label": "5 Rue d'Aligre 75012 Paris",
        "category": "paris_anim",
        "capacity_text": "20",
        "capacity_max_detected": 20,
        "price_text": "Tarif préférentiel ; Preferential rates for associations",
        "price_score": 50,
        "website": "https://www.paris.fr/lieux/centre-paris-anim-maison-des-ensembles-6702",
        "contact": "",
        "source_url": "paris.fr",
        "pros": [
          "meeting_rooms",
          "activity_spaces"
        ],
        "cons": "",
        "confidence": "medium",
        "fit_score": 78,
        "last_checked": "2026-06-19"
      }
    },
    {
      "type": "Feature",
      "geometry": {
        "type": "Point",
        "coordinates": [
          2.335995,
          48.900156
        ]
      },
      "properties": {
        "id": "IDF-CPA-030",
        "name": "Centre Paris Anim' Binet",
        "city": "Paris",
        "department": "75",
        "address": "28, avenue de la Porte de Montmartre",
        "geocode_score": 0.9753390909090908,
        "geocode_label": "28 Avenue de la Porte de Montmartre 75018 Paris",
        "category": "paris_anim",
        "capacity_text": "20",
        "capacity_max_detected": 20,
        "price_text": "Tarif préférentiel ; Preferential rates for associations",
        "price_score": 50,
        "website": "https://www.paris.fr/lieux/centre-paris-anim-binet-1119",
        "contact": "",
        "source_url": "paris.fr",
        "pros": [
          "recording_studio",
          "photo_lab",
          "av_room",
          "dance_room",
          "dojo",
          "arts_room",
          "2_classrooms",
          "piano_room",
          "exhibition_space",
          "youth_space"
        ],
        "cons": "",
        "confidence": "medium",
        "fit_score": 78,
        "last_checked": "2026-06-19"
      }
    },
    {
      "type": "Feature",
      "geometry": {
        "type": "Point",
        "coordinates": [
          2.343527,
          48.888055
        ]
      },
      "properties": {
        "id": "IDF-CPA-031",
        "name": "Centre Paris Anim' 13e - Ligue de Paris",
        "city": "Paris",
        "department": "75",
        "address": null,
        "geocode_score": 0.3734346753246753,
        "geocode_label": "Rue de la Bonne 75018 Paris",
        "category": "paris_anim",
        "capacity_text": "20",
        "capacity_max_detected": 20,
        "price_text": "Variable ; Spaces 20-40m² from 20€, spaces 40-80m² from 48€, spaces 80-180m².",
        "price_score": 50,
        "website": "https://ligueo.ligueparis.org/cpa13/-/mise-a-disposition-de-locaux",
        "contact": "",
        "source_url": "ligueparis.org",
        "pros": [
          "variable_sized_rooms"
        ],
        "cons": "",
        "confidence": "medium",
        "fit_score": 78,
        "last_checked": "2026-06-19"
      }
    },
    {
      "type": "Feature",
      "geometry": {
        "type": "Point",
        "coordinates": [
          2.343527,
          48.888055
        ]
      },
      "properties": {
        "id": "IDF-SALLE-032",
        "name": "Salle Châteaubriant (Mairie 14e - Salles Municipales)",
        "city": "Paris",
        "department": "75",
        "address": null,
        "geocode_score": 0.3734346753246753,
        "geocode_label": "Rue de la Bonne 75018 Paris",
        "category": "municipal_hall",
        "capacity_text": "20",
        "capacity_max_detected": 20,
        "price_text": "Tarif municipal ; Municipal rates for associative rental. 73 m² capacity 20 persons.",
        "price_score": 75,
        "website": "https://cdn.paris.fr/paris/2023/01/18/catalogue-salles-municipales-mairie-14-YajY.pdf",
        "contact": "",
        "source_url": "paris.fr PDF catalogue",
        "pros": "",
        "cons": "",
        "confidence": "medium",
        "fit_score": 85,
        "last_checked": "2026-06-19"
      }
    },
    {
      "type": "Feature",
      "geometry": {
        "type": "Point",
        "coordinates": [
          2.343527,
          48.888055
        ]
      },
      "properties": {
        "id": "IDF-INST-033",
        "name": "Le NUMA (Coworking Gratuit)",
        "city": "Paris",
        "department": "75",
        "address": null,
        "geocode_score": 0.3734346753246753,
        "geocode_label": "Rue de la Bonne 75018 Paris",
        "category": "coworking_free",
        "capacity_text": "10",
        "capacity_max_detected": 10,
        "price_text": "Gratuit ; Free open-plan coworking, no reservation needed. Open to all entrepreneurs/innovators.",
        "price_score": 95,
        "website": "https://paris.numa.co/coworking-et-communautes/",
        "contact": "",
        "source_url": "paris.fr",
        "pros": [
          "open_coworking",
          "wifi"
        ],
        "cons": "",
        "confidence": "medium",
        "fit_score": 91,
        "last_checked": "2026-06-19"
      }
    },
    {
      "type": "Feature",
      "geometry": {
        "type": "Point",
        "coordinates": [
          2.137679,
          47.867888
        ]
      },
      "properties": {
        "id": "IDF-DEPT-034",
        "name": "Maison de la vie associative - Saint-Denis (93)",
        "city": "Saint-Denis",
        "department": "93",
        "address": null,
        "geocode_score": 0.3330109090909091,
        "geocode_label": "Avenue de la Bône 45550 Saint-Denis-de-l'Hôtel",
        "category": "municipal_assoc",
        "capacity_text": "20",
        "capacity_max_detected": 20,
        "price_text": "Gratuit pour associations ; Free room provision for associations (gratuite). Annual and one-off reservations available.",
        "price_score": 95,
        "website": "https://www.saintdenis.fr/association-reserver-salle",
        "contact": "",
        "source_url": "saintdenis.fr",
        "pros": [
          "meeting_rooms"
        ],
        "cons": "",
        "confidence": "medium",
        "fit_score": 88,
        "last_checked": "2026-06-19"
      }
    },
    {
      "type": "Feature",
      "geometry": {
        "type": "Point",
        "coordinates": [
          2.336101,
          48.903526
        ]
      },
      "properties": {
        "id": "IDF-DEPT-035",
        "name": "Salle municipale - Saint-Ouen-sur-Seine (93)",
        "city": "Saint-Ouen-sur-Seine",
        "department": "93",
        "address": null,
        "geocode_score": 0.4819214285714286,
        "geocode_label": "Rue des Bons Enfants 93400 Saint-Ouen-sur-Seine",
        "category": "municipal_assoc",
        "capacity_text": "20",
        "capacity_max_detected": 20,
        "price_text": "200€/jour (lun-jeu), 500€/weekend (ven-dim) ; Municipal rental rates for Saint-Ouen residents.",
        "price_score": 30,
        "website": "https://www.saint-ouen.fr/vie-quotidienne/location-de-salle-municipale",
        "contact": "",
        "source_url": "saint-ouen.fr",
        "pros": "",
        "cons": "",
        "confidence": "medium",
        "fit_score": 69,
        "last_checked": "2026-06-19"
      }
    },
    {
      "type": "Feature",
      "geometry": {
        "type": "Point",
        "coordinates": [
          2.094204,
          48.898266
        ]
      },
      "properties": {
        "id": "IDF-DEPT-036",
        "name": "Maison des Associations Saint-Germanoises (MAS) - Saint-Germain-en-Laye (78)",
        "city": "Saint-Germain-en-Laye",
        "department": "78",
        "address": null,
        "geocode_score": 0.4908857716701902,
        "geocode_label": "Rue des Bons Enfants 78100 Saint-Germain-en-Laye",
        "category": "municipal_assoc",
        "capacity_text": "20",
        "capacity_max_detected": 20,
        "price_text": "Tarif associatif ; Association rates for room rental",
        "price_score": 50,
        "website": null,
        "contact": "",
        "source_url": "jds.fr",
        "pros": [
          "meeting_rooms"
        ],
        "cons": "",
        "confidence": "medium",
        "fit_score": 71,
        "last_checked": "2026-06-19"
      }
    },
    {
      "type": "Feature",
      "geometry": {
        "type": "Point",
        "coordinates": [
          1.855533,
          48.962326
        ]
      },
      "properties": {
        "id": "IDF-DEPT-037",
        "name": "Maison des Associations - Aubergenville (78)",
        "city": "Aubergenville",
        "department": "78",
        "address": "25, route de 40 sous",
        "geocode_score": 0.7992620320855613,
        "geocode_label": "25 Route des 40 sous 78410 Aubergenville",
        "category": "municipal_assoc",
        "capacity_text": "20",
        "capacity_max_detected": 20,
        "price_text": "Tarif associatif ; Municipal room rental rates for associations",
        "price_score": 50,
        "website": null,
        "contact": "07 68 65 84 22 ; danse.ada@gmail.com",
        "source_url": "rdvdanse.fr",
        "pros": [
          "meeting_hall"
        ],
        "cons": "",
        "confidence": "medium",
        "fit_score": 76,
        "last_checked": "2026-06-19"
      }
    },
    {
      "type": "Feature",
      "geometry": {
        "type": "Point",
        "coordinates": [
          2.486568,
          48.792845
        ]
      },
      "properties": {
        "id": "IDF-DEPT-038",
        "name": "Maison des Associations - Saint-Maur-des-Fossés (94)",
        "city": "Saint-Maur-des-Fossés",
        "department": "94",
        "address": "2, avenue du Maréchal Lyautey",
        "geocode_score": 0.9720954545454544,
        "geocode_label": "2 Avenue du Maréchal Lyautey 94100 Saint-Maur-des-Fossés",
        "category": "municipal_assoc",
        "capacity_text": "20",
        "capacity_max_detected": 20,
        "price_text": "Tarif associatif ; Association room rental rates",
        "price_score": 50,
        "website": null,
        "contact": "",
        "source_url": "citoyens.com",
        "pros": [
          "meeting_rooms"
        ],
        "cons": "",
        "confidence": "medium",
        "fit_score": 75,
        "last_checked": "2026-06-19"
      }
    },
    {
      "type": "Feature",
      "geometry": {
        "type": "Point",
        "coordinates": [
          2.136874,
          47.590678
        ]
      },
      "properties": {
        "id": "IDF-DEPT-039",
        "name": "Maison des Associations - Pontoise (95)",
        "city": "Pontoise",
        "department": "95",
        "address": null,
        "geocode_score": 0.3912827272727272,
        "geocode_label": "None Pontibault 41600 Chaon",
        "category": "municipal_assoc",
        "capacity_text": "20",
        "capacity_max_detected": 20,
        "price_text": "Tarif municipal ; Municipal room rental rates for associations",
        "price_score": 50,
        "website": null,
        "contact": "",
        "source_url": "open data",
        "pros": [
          "meeting_rooms"
        ],
        "cons": "",
        "confidence": "medium",
        "fit_score": 71,
        "last_checked": "2026-06-19"
      }
    },
    {
      "type": "Feature",
      "geometry": {
        "type": "Point",
        "coordinates": [
          2.567553,
          48.602745
        ]
      },
      "properties": {
        "id": "IDF-DEPT-040",
        "name": "Maison des Associations - Savigny-le-Temple (77)",
        "city": "Savigny-le-Temple",
        "department": "77",
        "address": "Place du Miroir d'eau",
        "geocode_score": 0.9655727272727272,
        "geocode_label": "Place du Miroir d’Eau 77176 Savigny-le-Temple",
        "category": "municipal_assoc",
        "capacity_text": "20",
        "capacity_max_detected": 20,
        "price_text": "Tarif municipal ; Municipal room rental for associations",
        "price_score": 50,
        "website": null,
        "contact": "",
        "source_url": "messes.info",
        "pros": [
          "meeting_rooms"
        ],
        "cons": "",
        "confidence": "medium",
        "fit_score": 71,
        "last_checked": "2026-06-19"
      }
    },
    {
      "type": "Feature",
      "geometry": {
        "type": "Point",
        "coordinates": [
          2.343527,
          48.888055
        ]
      },
      "properties": {
        "id": "IDF-NEO-041",
        "name": "The Working Loft - Salle de réunion",
        "city": "Paris",
        "department": "75",
        "address": null,
        "geocode_score": 0.3734346753246753,
        "geocode_label": "Rue de la Bonne 75018 Paris",
        "category": "aggregation_platform",
        "capacity_text": "16",
        "capacity_max_detected": 16,
        "price_text": "Variable ; Meeting room for 16 people",
        "price_score": 50,
        "website": "https://www.neo-nomade.com/s/ile-de-france/salle-reunion-formation-location",
        "contact": "",
        "source_url": "neo-nomade.com",
        "pros": [
          "meeting_room"
        ],
        "cons": "",
        "confidence": "medium",
        "fit_score": 60,
        "last_checked": "2026-06-19"
      }
    },
    {
      "type": "Feature",
      "geometry": {
        "type": "Point",
        "coordinates": [
          2.343527,
          48.888055
        ]
      },
      "properties": {
        "id": "IDF-NEO-042",
        "name": "Centrale Affaires - Salle B5",
        "city": "Paris",
        "department": "75",
        "address": null,
        "geocode_score": 0.3734346753246753,
        "geocode_label": "Rue de la Bonne 75018 Paris",
        "category": "aggregation_platform",
        "capacity_text": "19",
        "capacity_max_detected": 19,
        "price_text": "Variable ; Meeting/training room for 19 people",
        "price_score": 50,
        "website": "https://www.neo-nomade.com/s/ile-de-france/salle-reunion-formation-location",
        "contact": "",
        "source_url": "neo-nomade.com",
        "pros": [
          "meeting_room",
          "training_equipment"
        ],
        "cons": "",
        "confidence": "medium",
        "fit_score": 60,
        "last_checked": "2026-06-19"
      }
    },
    {
      "type": "Feature",
      "geometry": {
        "type": "Point",
        "coordinates": [
          2.343527,
          48.888055
        ]
      },
      "properties": {
        "id": "IDF-NEO-043",
        "name": "Centrale Affaires - LA CENTRALE",
        "city": "Paris",
        "department": "75",
        "address": null,
        "geocode_score": 0.3734346753246753,
        "geocode_label": "Rue de la Bonne 75018 Paris",
        "category": "aggregation_platform",
        "capacity_text": "20",
        "capacity_max_detected": 20,
        "price_text": "Variable ; Large connected meeting room (90 max but can be configured small)",
        "price_score": 50,
        "website": "https://www.neo-nomade.com/s/ile-de-france/salle-reunion-formation-location",
        "contact": "",
        "source_url": "neo-nomade.com",
        "pros": [
          "connected_meeting_rooms",
          "av_equipment"
        ],
        "cons": "",
        "confidence": "medium",
        "fit_score": 60,
        "last_checked": "2026-06-19"
      }
    },
    {
      "type": "Feature",
      "geometry": {
        "type": "Point",
        "coordinates": [
          2.343527,
          48.888055
        ]
      },
      "properties": {
        "id": "IDF-NEO-044",
        "name": "Centrale Affaires - Salle B15",
        "city": "Paris",
        "department": "75",
        "address": null,
        "geocode_score": 0.3734346753246753,
        "geocode_label": "Rue de la Bonne 75018 Paris",
        "category": "aggregation_platform",
        "capacity_text": "17",
        "capacity_max_detected": 17,
        "price_text": "Variable ; Meeting/training room for 17 people",
        "price_score": 50,
        "website": "https://www.neo-nomade.com/s/ile-de-france/salle-reunion-formation-location",
        "contact": "",
        "source_url": "neo-nomade.com",
        "pros": [
          "meeting_room",
          "training_equipment"
        ],
        "cons": "",
        "confidence": "medium",
        "fit_score": 60,
        "last_checked": "2026-06-19"
      }
    },
    {
      "type": "Feature",
      "geometry": {
        "type": "Point",
        "coordinates": [
          2.163266,
          47.612754
        ]
      },
      "properties": {
        "id": "IDF-NEO-045",
        "name": "Dixheuresdix La Varenne - Salle de réunion/form.",
        "city": "La Varenne",
        "department": "94",
        "address": null,
        "geocode_score": 0.6425909090909091,
        "geocode_label": "None la Varanne 41600 Chaon",
        "category": "aggregation_platform",
        "capacity_text": "8",
        "capacity_max_detected": 8,
        "price_text": "Variable ; Small meeting/training room for 8 people",
        "price_score": 90,
        "website": "https://www.neo-nomade.com/s/ile-de-france/salle-reunion-formation-location",
        "contact": "",
        "source_url": "neo-nomade.com",
        "pros": [
          "meeting_room"
        ],
        "cons": "",
        "confidence": "medium",
        "fit_score": 74,
        "last_checked": "2026-06-19"
      }
    },
    {
      "type": "Feature",
      "geometry": {
        "type": "Point",
        "coordinates": [
          2.815171,
          48.848981
        ]
      },
      "properties": {
        "id": "IDF-NEO-046",
        "name": "Today Coworking Bailly-Romainvilliers - Salle réunion 1",
        "city": "Bailly-Romainvilliers",
        "department": "77",
        "address": null,
        "geocode_score": 0.6897845454545455,
        "geocode_label": "Bailly-Romainvilliers",
        "category": "aggregation_platform",
        "capacity_text": "6",
        "capacity_max_detected": 6,
        "price_text": "Variable ; Small meeting room for 6 people",
        "price_score": 50,
        "website": "https://www.neo-nomade.com/s/ile-de-france/salle-reunion-formation-location",
        "contact": "",
        "source_url": "neo-nomade.com",
        "pros": [
          "meeting_room"
        ],
        "cons": "",
        "confidence": "medium",
        "fit_score": 58,
        "last_checked": "2026-06-19"
      }
    },
    {
      "type": "Feature",
      "geometry": {
        "type": "Point",
        "coordinates": [
          2.815171,
          48.848981
        ]
      },
      "properties": {
        "id": "IDF-NEO-047",
        "name": "Today Coworking Bailly-Romainvilliers - Salle réunion 2",
        "city": "Bailly-Romainvilliers",
        "department": "77",
        "address": null,
        "geocode_score": 0.6897845454545455,
        "geocode_label": "Bailly-Romainvilliers",
        "category": "aggregation_platform",
        "capacity_text": "6",
        "capacity_max_detected": 6,
        "price_text": "Variable ; Small meeting room for 6 people",
        "price_score": 50,
        "website": "https://www.neo-nomade.com/s/ile-de-france/salle-reunion-formation-location",
        "contact": "",
        "source_url": "neo-nomade.com",
        "pros": [
          "meeting_room"
        ],
        "cons": "",
        "confidence": "medium",
        "fit_score": 58,
        "last_checked": "2026-06-19"
      }
    },
    {
      "type": "Feature",
      "geometry": {
        "type": "Point",
        "coordinates": [
          2.343527,
          48.888055
        ]
      },
      "properties": {
        "id": "IDF-NEO-048",
        "name": "Coworking Co-loc - Salle de réunion",
        "city": "Paris",
        "department": "75",
        "address": null,
        "geocode_score": 0.3734346753246753,
        "geocode_label": "Rue de la Bonne 75018 Paris",
        "category": "aggregation_platform",
        "capacity_text": "5",
        "capacity_max_detected": 5,
        "price_text": "Variable ; Small meeting room for 5 people",
        "price_score": 50,
        "website": "https://www.neo-nomade.com/s/ile-de-france/salle-reunion-formation-location",
        "contact": "",
        "source_url": "neo-nomade.com",
        "pros": [
          "meeting_room"
        ],
        "cons": "",
        "confidence": "medium",
        "fit_score": 65,
        "last_checked": "2026-06-19"
      }
    },
    {
      "type": "Feature",
      "geometry": {
        "type": "Point",
        "coordinates": [
          2.343527,
          48.888055
        ]
      },
      "properties": {
        "id": "IDF-NEO-049",
        "name": "Facility Center - Salle PARIS",
        "city": "Paris",
        "department": "75",
        "address": null,
        "geocode_score": 0.3734346753246753,
        "geocode_label": "Rue de la Bonne 75018 Paris",
        "category": "aggregation_platform",
        "capacity_text": "16",
        "capacity_max_detected": 16,
        "price_text": "Variable ; Meeting room for 16 people",
        "price_score": 50,
        "website": "https://www.neo-nomade.com/s/ile-de-france/salle-reunion-formation-location",
        "contact": "",
        "source_url": "neo-nomade.com",
        "pros": [
          "meeting_room"
        ],
        "cons": "",
        "confidence": "medium",
        "fit_score": 60,
        "last_checked": "2026-06-19"
      }
    },
    {
      "type": "Feature",
      "geometry": {
        "type": "Point",
        "coordinates": [
          2.343527,
          48.888055
        ]
      },
      "properties": {
        "id": "IDF-NEO-050",
        "name": "Facility Center - Salle ROME",
        "city": "Paris",
        "department": "75",
        "address": null,
        "geocode_score": 0.3734346753246753,
        "geocode_label": "Rue de la Bonne 75018 Paris",
        "category": "aggregation_platform",
        "capacity_text": "16",
        "capacity_max_detected": 16,
        "price_text": "Variable ; Meeting room for 16 people",
        "price_score": 50,
        "website": "https://www.neo-nomade.com/s/ile-de-france/salle-reunion-formation-location",
        "contact": "",
        "source_url": "neo-nomade.com",
        "pros": [
          "meeting_room"
        ],
        "cons": "",
        "confidence": "medium",
        "fit_score": 60,
        "last_checked": "2026-06-19"
      }
    },
    {
      "type": "Feature",
      "geometry": {
        "type": "Point",
        "coordinates": [
          2.343527,
          48.888055
        ]
      },
      "properties": {
        "id": "IDF-NEO-051",
        "name": "Facility Center - Salle DUBLIN",
        "city": "Paris",
        "department": "75",
        "address": null,
        "geocode_score": 0.3734346753246753,
        "geocode_label": "Rue de la Bonne 75018 Paris",
        "category": "aggregation_platform",
        "capacity_text": "10",
        "capacity_max_detected": 10,
        "price_text": "Variable ; Meeting room for 10 people",
        "price_score": 50,
        "website": "https://www.neo-nomade.com/s/ile-de-france/salle-reunion-formation-location",
        "contact": "",
        "source_url": "neo-nomade.com",
        "pros": [
          "meeting_room"
        ],
        "cons": "",
        "confidence": "medium",
        "fit_score": 65,
        "last_checked": "2026-06-19"
      }
    },
    {
      "type": "Feature",
      "geometry": {
        "type": "Point",
        "coordinates": [
          2.343527,
          48.888055
        ]
      },
      "properties": {
        "id": "IDF-NEO-052",
        "name": "Facility Center - Salle MILAN",
        "city": "Paris",
        "department": "75",
        "address": null,
        "geocode_score": 0.3734346753246753,
        "geocode_label": "Rue de la Bonne 75018 Paris",
        "category": "aggregation_platform",
        "capacity_text": "16",
        "capacity_max_detected": 16,
        "price_text": "Variable ; Meeting room for 16 people",
        "price_score": 50,
        "website": "https://www.neo-nomade.com/s/ile-de-france/salle-reunion-formation-location",
        "contact": "",
        "source_url": "neo-nomade.com",
        "pros": [
          "meeting_room"
        ],
        "cons": "",
        "confidence": "medium",
        "fit_score": 60,
        "last_checked": "2026-06-19"
      }
    },
    {
      "type": "Feature",
      "geometry": {
        "type": "Point",
        "coordinates": [
          2.343527,
          48.888055
        ]
      },
      "properties": {
        "id": "IDF-NEO-053",
        "name": "Facility Center - Salle ATHÈNES",
        "city": "Paris",
        "department": "75",
        "address": null,
        "geocode_score": 0.3734346753246753,
        "geocode_label": "Rue de la Bonne 75018 Paris",
        "category": "aggregation_platform",
        "capacity_text": "14",
        "capacity_max_detected": 14,
        "price_text": "Variable ; Meeting room for 14 people",
        "price_score": 50,
        "website": "https://www.neo-nomade.com/s/ile-de-france/salle-reunion-formation-location",
        "contact": "",
        "source_url": "neo-nomade.com",
        "pros": [
          "meeting_room"
        ],
        "cons": "",
        "confidence": "medium",
        "fit_score": 60,
        "last_checked": "2026-06-19"
      }
    },
    {
      "type": "Feature",
      "geometry": {
        "type": "Point",
        "coordinates": [
          0.648242,
          44.207346
        ]
      },
      "properties": {
        "id": "IDF-NEO-054",
        "name": "Rayon Vincennes - HIPPODROME",
        "city": "Vincennes",
        "department": "94",
        "address": null,
        "geocode_score": 0.3355504347826087,
        "geocode_label": "Rue Raymond Vincent 47240 Bon-Encontre",
        "category": "aggregation_platform",
        "capacity_text": "8",
        "capacity_max_detected": 8,
        "price_text": "Variable ; Meeting room for 8 people",
        "price_score": 90,
        "website": "https://www.neo-nomade.com/s/ile-de-france/salle-reunion-formation-location",
        "contact": "",
        "source_url": "neo-nomade.com",
        "pros": [
          "meeting_room"
        ],
        "cons": "",
        "confidence": "medium",
        "fit_score": 74,
        "last_checked": "2026-06-19"
      }
    },
    {
      "type": "Feature",
      "geometry": {
        "type": "Point",
        "coordinates": [
          0.648242,
          44.207346
        ]
      },
      "properties": {
        "id": "IDF-NEO-055",
        "name": "Rayon Vincennes - CHÂTEAU",
        "city": "Vincennes",
        "department": "94",
        "address": null,
        "geocode_score": 0.3355504347826087,
        "geocode_label": "Rue Raymond Vincent 47240 Bon-Encontre",
        "category": "aggregation_platform",
        "capacity_text": "6",
        "capacity_max_detected": 6,
        "price_text": "Variable ; Meeting room for 6 people",
        "price_score": 50,
        "website": "https://www.neo-nomade.com/s/ile-de-france/salle-reunion-formation-location",
        "contact": "",
        "source_url": "neo-nomade.com",
        "pros": [
          "meeting_room"
        ],
        "cons": "",
        "confidence": "medium",
        "fit_score": 62,
        "last_checked": "2026-06-19"
      }
    },
    {
      "type": "Feature",
      "geometry": {
        "type": "Point",
        "coordinates": [
          2.456745,
          48.891485
        ]
      },
      "properties": {
        "id": "IDF-NEO-056",
        "name": "Annexx Noisy-le-Sec - Salle de réunion",
        "city": "Noisy-le-Sec",
        "department": "93",
        "address": null,
        "geocode_score": 0.6062599999999999,
        "geocode_label": "Noisy-le-Sec",
        "category": "aggregation_platform",
        "capacity_text": "14",
        "capacity_max_detected": 14,
        "price_text": "Variable ; Meeting room for 14 people",
        "price_score": 50,
        "website": "https://www.neo-nomade.com/s/ile-de-france/salle-reunion-formation-location",
        "contact": "",
        "source_url": "neo-nomade.com",
        "pros": [
          "meeting_room"
        ],
        "cons": "",
        "confidence": "medium",
        "fit_score": 57,
        "last_checked": "2026-06-19"
      }
    },
    {
      "type": "Feature",
      "geometry": {
        "type": "Point",
        "coordinates": [
          2.336101,
          48.903526
        ]
      },
      "properties": {
        "id": "IDF-NEO-057",
        "name": "Espace Openspot 93 (CCI Seine-Saint-Denis) - Salles réunion",
        "city": "Seine-Saint-Denis",
        "department": "93",
        "address": null,
        "geocode_score": 0.34425909090909085,
        "geocode_label": "Rue des Bons Enfants 93400 Saint-Ouen-sur-Seine",
        "category": "aggregation_platform",
        "capacity_text": "20",
        "capacity_max_detected": 20,
        "price_text": "Variable ; Meeting room for 20 people",
        "price_score": 75,
        "website": "https://www.neo-nomade.com/s/ile-de-france/salle-reunion-formation-location",
        "contact": "",
        "source_url": "neo-nomade.com",
        "pros": [
          "meeting_room"
        ],
        "cons": "",
        "confidence": "medium",
        "fit_score": 64,
        "last_checked": "2026-06-19"
      }
    },
    {
      "type": "Feature",
      "geometry": {
        "type": "Point",
        "coordinates": [
          2.336101,
          48.903526
        ]
      },
      "properties": {
        "id": "IDF-NEO-058",
        "name": "Espace Openspot 93 (CCI) - Salle LES DIGITEURS",
        "city": "Seine-Saint-Denis",
        "department": "93",
        "address": null,
        "geocode_score": 0.34425909090909085,
        "geocode_label": "Rue des Bons Enfants 93400 Saint-Ouen-sur-Seine",
        "category": "aggregation_platform",
        "capacity_text": "15",
        "capacity_max_detected": 15,
        "price_text": "Variable ; Meeting room for 15 people",
        "price_score": 50,
        "website": "https://www.neo-nomade.com/s/ile-de-france/salle-reunion-formation-location",
        "contact": "",
        "source_url": "neo-nomade.com",
        "pros": [
          "meeting_room"
        ],
        "cons": "",
        "confidence": "medium",
        "fit_score": 57,
        "last_checked": "2026-06-19"
      }
    },
    {
      "type": "Feature",
      "geometry": {
        "type": "Point",
        "coordinates": [
          2.343527,
          48.888055
        ]
      },
      "properties": {
        "id": "IDF-ZIP-059",
        "name": "Cloud Business Center - Salle réunion",
        "city": "Paris",
        "department": "75",
        "address": null,
        "geocode_score": 0.3734346753246753,
        "geocode_label": "Rue de la Bonne 75018 Paris",
        "category": "aggregation_platform",
        "capacity_text": "20",
        "capacity_max_detected": 20,
        "price_text": "55€ HT/pers (formule Réunion) ; Budget option. 8-30 people small committees. Near Bourse.",
        "price_score": 75,
        "website": "https://www.zipcube.com/fr/salle-de-r%C3%A9union/paris",
        "contact": "",
        "source_url": "zipcube.com",
        "pros": [
          "auditorium_198_seats",
          "4k_projection",
          "electronic_voting",
          "6_language_translation"
        ],
        "cons": "",
        "confidence": "medium",
        "fit_score": 67,
        "last_checked": "2026-06-19"
      }
    },
    {
      "type": "Feature",
      "geometry": {
        "type": "Point",
        "coordinates": [
          2.343527,
          48.888055
        ]
      },
      "properties": {
        "id": "IDF-ZIP-060",
        "name": "Espace Saint-Antoine",
        "city": "Paris",
        "department": "75",
        "address": null,
        "geocode_score": 0.3734346753246753,
        "geocode_label": "Rue de la Bonne 75018 Paris",
        "category": "aggregation_platform",
        "capacity_text": "20",
        "capacity_max_detected": 20,
        "price_text": "dès 67€/jour (petites salles) ; Near Bastille. Small rooms from 67€/day.",
        "price_score": 50,
        "website": "https://www.zipcube.com/fr/salle-de-r%C3%A9union/paris",
        "contact": "",
        "source_url": "zipcube.com",
        "pros": [
          "meeting_rooms"
        ],
        "cons": "",
        "confidence": "medium",
        "fit_score": 70,
        "last_checked": "2026-06-19"
      }
    },
    {
      "type": "Feature",
      "geometry": {
        "type": "Point",
        "coordinates": [
          2.343527,
          48.888055
        ]
      },
      "properties": {
        "id": "IDF-ZIP-061",
        "name": "Maison des Polytechniciens - Salons intimistes",
        "city": "Paris",
        "department": "75",
        "address": null,
        "geocode_score": 0.3734346753246753,
        "geocode_label": "Rue de la Bonne 75018 Paris",
        "category": "aggregation_platform",
        "capacity_text": "20",
        "capacity_max_detected": 20,
        "price_text": "Moyen ; 15 salons on gardens and terraces. Small committees 8-30.",
        "price_score": 50,
        "website": "https://www.zipcube.com/fr/salle-de-r%C3%A9union/paris",
        "contact": "",
        "source_url": "zipcube.com",
        "pros": [
          "15_salons",
          "terraces",
          "gardens"
        ],
        "cons": "",
        "confidence": "medium",
        "fit_score": 60,
        "last_checked": "2026-06-19"
      }
    },
    {
      "type": "Feature",
      "geometry": {
        "type": "Point",
        "coordinates": [
          2.343527,
          48.888055
        ]
      },
      "properties": {
        "id": "IDF-COCOON-062",
        "name": "Cocoon Pergolèse - Petit Parc",
        "city": "Paris",
        "department": "75",
        "address": null,
        "geocode_score": 0.3734346753246753,
        "geocode_label": "Rue de la Bonne 75018 Paris",
        "category": "aggregation_platform",
        "capacity_text": "6",
        "capacity_max_detected": 6,
        "price_text": "dès 15€/ heure ; 11m² meeting room, from 15€/hour.",
        "price_score": 85,
        "website": "https://www.cocoon-space.com/salle-de-reunion/paris",
        "contact": "contact@cocoon-space.com",
        "source_url": "cocoon-space.com",
        "pros": [
          "wifi",
          "equipped_meeting_room",
          "drinks_included"
        ],
        "cons": "",
        "confidence": "medium",
        "fit_score": 91,
        "last_checked": "2026-06-19"
      }
    },
    {
      "type": "Feature",
      "geometry": {
        "type": "Point",
        "coordinates": [
          2.343527,
          48.888055
        ]
      },
      "properties": {
        "id": "IDF-COCOON-063",
        "name": "Cocoon Honoré - Adrien",
        "city": "Paris",
        "department": "75",
        "address": null,
        "geocode_score": 0.3734346753246753,
        "geocode_label": "Rue de la Bonne 75018 Paris",
        "category": "aggregation_platform",
        "capacity_text": "6",
        "capacity_max_detected": 6,
        "price_text": "22€/heure ; 12m² room at 22€/hour, or 176€/day.",
        "price_score": 75,
        "website": "https://www.cocoon-space.com/venues/honore",
        "contact": "",
        "source_url": "cocoon-space.com",
        "pros": [
          "wifi",
          "equipped_room",
          "drinks"
        ],
        "cons": "",
        "confidence": "medium",
        "fit_score": 82,
        "last_checked": "2026-06-19"
      }
    },
    {
      "type": "Feature",
      "geometry": {
        "type": "Point",
        "coordinates": [
          2.137679,
          47.867888
        ]
      },
      "properties": {
        "id": "IDF-COCOON-064",
        "name": "Cocoon Saint-Denis - Martin",
        "city": "Saint-Denis",
        "department": "93",
        "address": null,
        "geocode_score": 0.3330109090909091,
        "geocode_label": "Avenue de la Bône 45550 Saint-Denis-de-l'Hôtel",
        "category": "aggregation_platform",
        "capacity_text": "4",
        "capacity_max_detected": 4,
        "price_text": "Variable (~15€/h) ; 13m² meeting room, near La Défense.",
        "price_score": 85,
        "website": "https://www.cocoon-space.com/paris",
        "contact": "",
        "source_url": "cocoon-space.com",
        "pros": [
          "wifi",
          "meeting_room"
        ],
        "cons": "",
        "confidence": "medium",
        "fit_score": 83,
        "last_checked": "2026-06-19"
      }
    },
    {
      "type": "Feature",
      "geometry": {
        "type": "Point",
        "coordinates": [
          2.137679,
          47.867888
        ]
      },
      "properties": {
        "id": "IDF-COCOON-065",
        "name": "Cocoon Saint-Denis - Liliane",
        "city": "Saint-Denis",
        "department": "93",
        "address": null,
        "geocode_score": 0.3330109090909091,
        "geocode_label": "Avenue de la Bône 45550 Saint-Denis-de-l'Hôtel",
        "category": "aggregation_platform",
        "capacity_text": "10",
        "capacity_max_detected": 10,
        "price_text": "Variable (~30€/h) ; 23m² meeting room.",
        "price_score": 75,
        "website": "https://www.cocoon-space.com/paris",
        "contact": "",
        "source_url": "cocoon-space.com",
        "pros": [
          "wifi",
          "meeting_room"
        ],
        "cons": "",
        "confidence": "medium",
        "fit_score": 79,
        "last_checked": "2026-06-19"
      }
    },
    {
      "type": "Feature",
      "geometry": {
        "type": "Point",
        "coordinates": [
          2.137679,
          47.867888
        ]
      },
      "properties": {
        "id": "IDF-COCOON-066",
        "name": "Cocoon Saint-Denis - Milou",
        "city": "Saint-Denis",
        "department": "93",
        "address": null,
        "geocode_score": 0.3330109090909091,
        "geocode_label": "Avenue de la Bône 45550 Saint-Denis-de-l'Hôtel",
        "category": "aggregation_platform",
        "capacity_text": "12",
        "capacity_max_detected": 12,
        "price_text": "Variable (~30€/h) ; 26m² meeting room.",
        "price_score": 75,
        "website": "https://www.cocoon-space.com/paris",
        "contact": "",
        "source_url": "cocoon-space.com",
        "pros": [
          "wifi",
          "meeting_room"
        ],
        "cons": "",
        "confidence": "medium",
        "fit_score": 74,
        "last_checked": "2026-06-19"
      }
    },
    {
      "type": "Feature",
      "geometry": {
        "type": "Point",
        "coordinates": [
          2.137679,
          47.867888
        ]
      },
      "properties": {
        "id": "IDF-COCOON-067",
        "name": "Cocoon Saint-Denis - Denis",
        "city": "Saint-Denis",
        "department": "93",
        "address": null,
        "geocode_score": 0.3330109090909091,
        "geocode_label": "Avenue de la Bône 45550 Saint-Denis-de-l'Hôtel",
        "category": "aggregation_platform",
        "capacity_text": "16",
        "capacity_max_detected": 16,
        "price_text": "Variable (~45€/h) ; 45m² meeting room.",
        "price_score": 50,
        "website": "https://www.cocoon-space.com/paris",
        "contact": "",
        "source_url": "cocoon-space.com",
        "pros": [
          "wifi",
          "meeting_room"
        ],
        "cons": "",
        "confidence": "medium",
        "fit_score": 67,
        "last_checked": "2026-06-19"
      }
    },
    {
      "type": "Feature",
      "geometry": {
        "type": "Point",
        "coordinates": [
          2.350643,
          48.880848
        ]
      },
      "properties": {
        "id": "IDF-MISC-070",
        "name": "EspacesRéunion.com - Paris Gare du Nord",
        "city": "Paris",
        "department": "75",
        "address": "43, rue de Dunkerque",
        "geocode_score": 0.9731299999999999,
        "geocode_label": "43 Rue de Dunkerque 75010 Paris",
        "category": "aggregation_platform",
        "capacity_text": "20",
        "capacity_max_detected": 20,
        "price_text": "Variable ; 7 climatised rooms, 16-70m², capacity 2-26 in U-shape.",
        "price_score": 50,
        "website": "https://www.espacesreunion.com",
        "contact": "01 84 79 01 90",
        "source_url": "espacesreunion.com",
        "pros": [
          "7_rooms",
          "air_conditioning",
          "wifi"
        ],
        "cons": "",
        "confidence": "medium",
        "fit_score": 65,
        "last_checked": "2026-06-19"
      }
    },
    {
      "type": "Feature",
      "geometry": {
        "type": "Point",
        "coordinates": [
          2.343527,
          48.888055
        ]
      },
      "properties": {
        "id": "IDF-KAKTUS-071",
        "name": "Chambre de Commerce Franco-Portugaise - Salle de réunion",
        "city": "Paris",
        "department": "75",
        "address": null,
        "geocode_score": 0.3734346753246753,
        "geocode_label": "Rue de la Bonne 75018 Paris",
        "category": "aggregation_platform",
        "capacity_text": "20",
        "capacity_max_detected": 20,
        "price_text": "Variable ; Meeting room up to 30 people in 14th arrondissement.",
        "price_score": 75,
        "website": "https://www.kactus.com/fr/lieux/salle-de-reunion-de-la-chambre-de-commerce-franco-portugaise",
        "contact": "",
        "source_url": "kactus.com",
        "pros": [
          "meeting_room"
        ],
        "cons": "",
        "confidence": "medium",
        "fit_score": 67,
        "last_checked": "2026-06-19"
      }
    },
    {
      "type": "Feature",
      "geometry": {
        "type": "Point",
        "coordinates": [
          2.343527,
          48.888055
        ]
      },
      "properties": {
        "id": "IDF-KAKTUS-072",
        "name": "Fondation des États-Unis - Salle de classe/réunion",
        "city": "Paris",
        "department": "75",
        "address": null,
        "geocode_score": 0.3734346753246753,
        "geocode_label": "Rue de la Bonne 75018 Paris",
        "category": "aggregation_platform",
        "capacity_text": "20",
        "capacity_max_detected": 20,
        "price_text": "dès 300€ HT (location seule) ; Petit Salon: 250€ HT demie-journée. Salle de classe: 300€ HT.",
        "price_score": 30,
        "website": "https://www.kactus.com/fr/lieux/fondation-des-etats-unis",
        "contact": "",
        "source_url": "kactus.com",
        "pros": [
          "petit_salon",
          "salle_de_classe",
          "grand_salon"
        ],
        "cons": "",
        "confidence": "medium",
        "fit_score": 54,
        "last_checked": "2026-06-19"
      }
    },
    {
      "type": "Feature",
      "geometry": {
        "type": "Point",
        "coordinates": [
          2.343527,
          48.888055
        ]
      },
      "properties": {
        "id": "IDF-MYCO-073",
        "name": "myCowork - Salle de réunion Montorgueil",
        "city": "Paris",
        "department": "75",
        "address": null,
        "geocode_score": 0.3734346753246753,
        "geocode_label": "Rue de la Bonne 75018 Paris",
        "category": "aggregation_platform",
        "capacity_text": "10",
        "capacity_max_detected": 10,
        "price_text": "Variable ; Atypical meeting rooms in Montorgueil district.",
        "price_score": 50,
        "website": "https://mycowork.fr/en/meeting-rooms-mycowork-paris-center",
        "contact": "",
        "source_url": "mycowork.fr",
        "pros": [
          "4_meeting_rooms",
          "wifi",
          "projector"
        ],
        "cons": "",
        "confidence": "medium",
        "fit_score": 65,
        "last_checked": "2026-06-19"
      }
    },
    {
      "type": "Feature",
      "geometry": {
        "type": "Point",
        "coordinates": [
          2.343527,
          48.888055
        ]
      },
      "properties": {
        "id": "IDF-MYCO-074",
        "name": "myCowork - Salle de réunion Beaubourg",
        "city": "Paris",
        "department": "75",
        "address": null,
        "geocode_score": 0.3734346753246753,
        "geocode_label": "Rue de la Bonne 75018 Paris",
        "category": "aggregation_platform",
        "capacity_text": "10",
        "capacity_max_detected": 10,
        "price_text": "Variable ; Atypical meeting rooms in Beaubourg district.",
        "price_score": 50,
        "website": "https://mycowork.fr/en/meeting-rooms-mycowork-paris-center",
        "contact": "",
        "source_url": "mycowork.fr",
        "pros": [
          "4_meeting_rooms",
          "wifi",
          "projector"
        ],
        "cons": "",
        "confidence": "medium",
        "fit_score": 65,
        "last_checked": "2026-06-19"
      }
    },
    {
      "type": "Feature",
      "geometry": {
        "type": "Point",
        "coordinates": [
          2.242921,
          48.890171
        ]
      },
      "properties": {
        "id": "IDF-WOJO-075",
        "name": "Wojo Cœur Défense - La Fabrique",
        "city": "La Défense",
        "department": "92",
        "address": null,
        "geocode_score": 0.574574025974026,
        "geocode_label": "la Défense 92800 Puteaux",
        "category": "aggregation_platform",
        "capacity_text": "10",
        "capacity_max_detected": 10,
        "price_text": "Variable ; Meeting room for max 10 people. Available by hour or half-day.",
        "price_score": 50,
        "website": "https://www.wojo.com/fr-FR/service/wojo-meeting/europe/france/ile-de-france/paris-la-defense/la-defense/coeur-defense/wojo-coeur-defense/salle-de-reunion-la-fabrique",
        "contact": "",
        "source_url": "wojo.com",
        "pros": [
          "meeting_room_10_pers",
          "wifi"
        ],
        "cons": "",
        "confidence": "medium",
        "fit_score": 62,
        "last_checked": "2026-06-19"
      }
    },
    {
      "type": "Feature",
      "geometry": {
        "type": "Point",
        "coordinates": [
          2.343527,
          48.888055
        ]
      },
      "properties": {
        "id": "IDF-REG-076",
        "name": "Regus - Salles de réunion Paris",
        "city": "Paris",
        "department": "75",
        "address": null,
        "geocode_score": 0.3734346753246753,
        "geocode_label": "Rue de la Bonne 75018 Paris",
        "category": "aggregation_platform",
        "capacity_text": "20",
        "capacity_max_detected": 20,
        "price_text": "Variable ; Meeting rooms by the hour or day. Multiple locations across IDF.",
        "price_score": 50,
        "website": "https://www.regus.com/fr/fr/meeting-rooms",
        "contact": "",
        "source_url": "regus.com",
        "pros": [
          "meeting_rooms",
          "wifi",
          "av_equipment"
        ],
        "cons": "",
        "confidence": "medium",
        "fit_score": 60,
        "last_checked": "2026-06-19"
      }
    },
    {
      "type": "Feature",
      "geometry": {
        "type": "Point",
        "coordinates": [
          2.343527,
          48.888055
        ]
      },
      "properties": {
        "id": "IDF-MORN-077",
        "name": "Morning - Salles de réunion",
        "city": "Paris",
        "department": "75",
        "address": null,
        "geocode_score": 0.3734346753246753,
        "geocode_label": "Rue de la Bonne 75018 Paris",
        "category": "aggregation_platform",
        "capacity_text": "20",
        "capacity_max_detected": 20,
        "price_text": "Variable ; 250+ meeting rooms in Paris.",
        "price_score": 30,
        "website": "https://www.morning.fr/landing/salle-de-reunion",
        "contact": "",
        "source_url": "morning.fr",
        "pros": [
          "250_meeting_rooms_paris",
          "wifi",
          "projectors"
        ],
        "cons": "",
        "confidence": "medium",
        "fit_score": 54,
        "last_checked": "2026-06-19"
      }
    },
    {
      "type": "Feature",
      "geometry": {
        "type": "Point",
        "coordinates": [
          2.343527,
          48.888055
        ]
      },
      "properties": {
        "id": "IDF-DESK-079",
        "name": "Deskeo - Salles de réunion Paris/Lyon",
        "city": "Paris",
        "department": "75",
        "address": null,
        "geocode_score": 0.3734346753246753,
        "geocode_label": "Rue de la Bonne 75018 Paris",
        "category": "aggregation_platform",
        "capacity_text": "20",
        "capacity_max_detected": 20,
        "price_text": "Variable ; 3000m²+ of meeting spaces available.",
        "price_score": 50,
        "website": "https://www.deskeo.com/fr/meetings-events",
        "contact": "",
        "source_url": "deskeo.com",
        "pros": [
          "meeting_rooms",
          "daylight",
          "wifi"
        ],
        "cons": "",
        "confidence": "medium",
        "fit_score": 60,
        "last_checked": "2026-06-19"
      }
    },
    {
      "type": "Feature",
      "geometry": {
        "type": "Point",
        "coordinates": [
          2.368177,
          48.859893
        ]
      },
      "properties": {
        "id": "IDF-KO-080",
        "name": "Ko-Working - Salle réunion Paris 11",
        "city": "Paris",
        "department": "75",
        "address": "62, rue Amelot",
        "geocode_score": 0.9812427272727272,
        "geocode_label": "62 Rue Amelot 75011 Paris",
        "category": "aggregation_platform",
        "capacity_text": "15",
        "capacity_max_detected": 15,
        "price_text": "Variable ; Coworking and meeting room in Paris 11.",
        "price_score": 50,
        "website": "https://www.coworkintel.com/best-coworking-spaces/paris/coworking-location-salle-reunion-paris-11-salle-seminaire-salle-formation-bureaux-ko-working",
        "contact": "",
        "source_url": "coworkintel.com",
        "pros": [
          "meeting_room",
          "coworking"
        ],
        "cons": "",
        "confidence": "medium",
        "fit_score": 60,
        "last_checked": "2026-06-19"
      }
    },
    {
      "type": "Feature",
      "geometry": {
        "type": "Point",
        "coordinates": [
          2.343527,
          48.888055
        ]
      },
      "properties": {
        "id": "IDF-CHOOSE-081",
        "name": "Choose and Work - Salle réunion Paris",
        "city": "Paris",
        "department": "75",
        "address": null,
        "geocode_score": 0.3734346753246753,
        "geocode_label": "Rue de la Bonne 75018 Paris",
        "category": "aggregation_platform",
        "capacity_text": "20",
        "capacity_max_detected": 20,
        "price_text": "Variable ; Flexible rates, atypical venues.",
        "price_score": 50,
        "website": "https://chooseandwork.fr/location-salle-de-reunion-paris",
        "contact": "",
        "source_url": "chooseandwork.fr",
        "pros": [
          "meeting_rooms"
        ],
        "cons": "",
        "confidence": "medium",
        "fit_score": 60,
        "last_checked": "2026-06-19"
      }
    },
    {
      "type": "Feature",
      "geometry": {
        "type": "Point",
        "coordinates": [
          2.343527,
          48.888055
        ]
      },
      "properties": {
        "id": "IDF-ALFRED-082",
        "name": "Alfred Meeting - Salle réunion Paris",
        "city": "Paris",
        "department": "75",
        "address": null,
        "geocode_score": 0.3734346753246753,
        "geocode_label": "Rue de la Bonne 75018 Paris",
        "category": "aggregation_platform",
        "capacity_text": "20",
        "capacity_max_detected": 20,
        "price_text": "dès 100€ HT/pers ; From 100€ HT per person for meeting rooms in Paris IDF.",
        "price_score": 40,
        "website": "https://www.alfredmeeting.com/fr/evenements/salle-de-reunion/paris",
        "contact": "",
        "source_url": "alfredmeeting.com",
        "pros": [
          "meeting_rooms"
        ],
        "cons": "",
        "confidence": "medium",
        "fit_score": 57,
        "last_checked": "2026-06-19"
      }
    },
    {
      "type": "Feature",
      "geometry": {
        "type": "Point",
        "coordinates": [
          2.343527,
          48.888055
        ]
      },
      "properties": {
        "id": "IDF-KAKTUS-084",
        "name": "Kactus - Salles Réunion Paris",
        "city": "Paris",
        "department": "75",
        "address": null,
        "geocode_score": 0.3734346753246753,
        "geocode_label": "Rue de la Bonne 75018 Paris",
        "category": "aggregation_platform",
        "capacity_text": "20",
        "capacity_max_detected": 20,
        "price_text": "Variable ; Aggregator for hotel and business meeting rooms. Prices same as direct.",
        "price_score": 50,
        "website": "https://www.kactus.com/fr/cat/lieux/reunion/paris-reunion",
        "contact": "",
        "source_url": "kactus.com",
        "pros": [
          "variable"
        ],
        "cons": "",
        "confidence": "medium",
        "fit_score": 60,
        "last_checked": "2026-06-19"
      }
    },
    {
      "type": "Feature",
      "geometry": {
        "type": "Point",
        "coordinates": [
          2.343527,
          48.888055
        ]
      },
      "properties": {
        "id": "IDF-ABC-085",
        "name": "ABC Salles - Salles Réunion Paris/IDF",
        "city": "Paris",
        "department": "75",
        "address": null,
        "geocode_score": 0.3734346753246753,
        "geocode_label": "Rue de la Bonne 75018 Paris",
        "category": "aggregation_platform",
        "capacity_text": "20",
        "capacity_max_detected": 20,
        "price_text": "Variable ; Aggregator platform. 385+ results for Paris.",
        "price_score": 50,
        "website": "https://www.abcsalles.com/salle-de-reunion-2.html",
        "contact": "",
        "source_url": "abcsalles.com",
        "pros": [
          "variable"
        ],
        "cons": "",
        "confidence": "medium",
        "fit_score": 60,
        "last_checked": "2026-06-19"
      }
    },
    {
      "type": "Feature",
      "geometry": {
        "type": "Point",
        "coordinates": [
          2.343527,
          48.888055
        ]
      },
      "properties": {
        "id": "IDF-COCOON-087",
        "name": "Cocoon Louvre - Salle réunion",
        "city": "Paris",
        "department": "75",
        "address": null,
        "geocode_score": 0.3734346753246753,
        "geocode_label": "Rue de la Bonne 75018 Paris",
        "category": "aggregation_platform",
        "capacity_text": "10",
        "capacity_max_detected": 10,
        "price_text": "dès 15€/h ; Meeting rooms near Gare du Nord. From 15€/hour.",
        "price_score": 85,
        "website": "https://www.cocoon-space.com/salle-de-reunion/paris",
        "contact": "contact@cocoon-space.com",
        "source_url": "cocoon-space.com",
        "pros": [
          "wifi",
          "meeting_room",
          "drinks_included"
        ],
        "cons": "",
        "confidence": "medium",
        "fit_score": 91,
        "last_checked": "2026-06-19"
      }
    },
    {
      "type": "Feature",
      "geometry": {
        "type": "Point",
        "coordinates": [
          2.343527,
          48.888055
        ]
      },
      "properties": {
        "id": "IDF-CPA-088",
        "name": "Centre Paris Anim' Ken Saro-Wiwa",
        "city": "Paris",
        "department": "75",
        "address": null,
        "geocode_score": 0.3734346753246753,
        "geocode_label": "Rue de la Bonne 75018 Paris",
        "category": "paris_anim",
        "capacity_text": "20",
        "capacity_max_detected": 20,
        "price_text": "Tarif préférentiel associatif ; Spectacle, recording studio and meeting room rental available.",
        "price_score": 50,
        "website": "https://www.paris.fr/lieux/centre-paris-anim-ken-saro-wiwa-17914",
        "contact": "",
        "source_url": "paris.fr",
        "pros": [
          "spectacle_hall",
          "recording_studio",
          "meeting_rooms"
        ],
        "cons": "",
        "confidence": "medium",
        "fit_score": 78,
        "last_checked": "2026-06-19"
      }
    },
    {
      "type": "Feature",
      "geometry": {
        "type": "Point",
        "coordinates": [
          2.345022,
          48.877967
        ]
      },
      "properties": {
        "id": "IDF-CPA-089",
        "name": "Centre Paris Anim' Paul Valeyre",
        "city": "Paris",
        "department": "75",
        "address": "24, rue de Rochechouart",
        "geocode_score": 0.6468915311004785,
        "geocode_label": "24 Rue Marguerite de Rochechouart 75009 Paris",
        "category": "paris_anim",
        "capacity_text": "20",
        "capacity_max_detected": 20,
        "price_text": "Tarif préférentiel associatif ; Rooms available for associations at preferential rates.",
        "price_score": 50,
        "website": null,
        "contact": "01 48 78 20 12",
        "source_url": "ligueparis.org",
        "pros": [
          "recording_studios",
          "dance_room",
          "meeting_rooms"
        ],
        "cons": "",
        "confidence": "medium",
        "fit_score": 83,
        "last_checked": "2026-06-19"
      }
    },
    {
      "type": "Feature",
      "geometry": {
        "type": "Point",
        "coordinates": [
          2.309562,
          48.831427
        ]
      },
      "properties": {
        "id": "IDF-CPA-090",
        "name": "Centre Paris Anim' Angel Parra",
        "city": "Paris",
        "department": "75",
        "address": "181-183, rue Vercingétorix",
        "geocode_score": 0.7817627272727272,
        "geocode_label": "183 Rue Vercingétorix 75014 Paris",
        "category": "paris_anim",
        "capacity_text": "20",
        "capacity_max_detected": 20,
        "price_text": "Tarif préférentiel associatif ; Rooms available for associations at preferential rates.",
        "price_score": 50,
        "website": "https://angelparra.aniapp.fr",
        "contact": "01 56 53 53 53 ; contact.angelparra@paris.ifac.asso.fr",
        "source_url": "paris.fr",
        "pros": [
          "activity_rooms"
        ],
        "cons": "",
        "confidence": "medium",
        "fit_score": 83,
        "last_checked": "2026-06-19"
      }
    },
    {
      "type": "Feature",
      "geometry": {
        "type": "Point",
        "coordinates": [
          2.343527,
          48.888055
        ]
      },
      "properties": {
        "id": "IDF-CPA-091",
        "name": "Centre Paris Anim' Baudricourt (13e)",
        "city": "Paris",
        "department": "75",
        "address": null,
        "geocode_score": 0.3734346753246753,
        "geocode_label": "Rue de la Bonne 75018 Paris",
        "category": "paris_anim",
        "capacity_text": "20",
        "capacity_max_detected": 20,
        "price_text": "Tarif préférentiel associatif ; Rooms available for associations at preferential rates.",
        "price_score": 50,
        "website": null,
        "contact": "",
        "source_url": "ligueparis.org",
        "pros": [
          "activity_rooms"
        ],
        "cons": "",
        "confidence": "medium",
        "fit_score": 78,
        "last_checked": "2026-06-19"
      }
    },
    {
      "type": "Feature",
      "geometry": {
        "type": "Point",
        "coordinates": [
          2.343527,
          48.888055
        ]
      },
      "properties": {
        "id": "IDF-CPA-092",
        "name": "Centre Paris Anim' Clavel (19e)",
        "city": "Paris",
        "department": "75",
        "address": null,
        "geocode_score": 0.3734346753246753,
        "geocode_label": "Rue de la Bonne 75018 Paris",
        "category": "paris_anim",
        "capacity_text": "20",
        "capacity_max_detected": 20,
        "price_text": "Tarif préférentiel associatif ; Rooms available for associations at preferential rates.",
        "price_score": 50,
        "website": "https://ligueo.ligueparis.org/cpa19",
        "contact": "",
        "source_url": "ligueparis.org",
        "pros": [
          "activity_rooms"
        ],
        "cons": "",
        "confidence": "medium",
        "fit_score": 78,
        "last_checked": "2026-06-19"
      }
    },
    {
      "type": "Feature",
      "geometry": {
        "type": "Point",
        "coordinates": [
          2.343527,
          48.888055
        ]
      },
      "properties": {
        "id": "IDF-CPA-093",
        "name": "Centre Paris Anim' Curial (19e)",
        "city": "Paris",
        "department": "75",
        "address": null,
        "geocode_score": 0.3734346753246753,
        "geocode_label": "Rue de la Bonne 75018 Paris",
        "category": "paris_anim",
        "capacity_text": "20",
        "capacity_max_detected": 20,
        "price_text": "Tarif préférentiel associatif ; Rooms available for associations at preferential rates.",
        "price_score": 50,
        "website": "https://ligueo.ligueparis.org/cpa19",
        "contact": "",
        "source_url": "ligueparis.org",
        "pros": [
          "video_studio",
          "dance_rooms",
          "activity_rooms"
        ],
        "cons": "",
        "confidence": "medium",
        "fit_score": 78,
        "last_checked": "2026-06-19"
      }
    },
    {
      "type": "Feature",
      "geometry": {
        "type": "Point",
        "coordinates": [
          2.343527,
          48.888055
        ]
      },
      "properties": {
        "id": "IDF-CPA-094",
        "name": "Centre Paris Anim' Mathis (19e)",
        "city": "Paris",
        "department": "75",
        "address": null,
        "geocode_score": 0.3734346753246753,
        "geocode_label": "Rue de la Bonne 75018 Paris",
        "category": "paris_anim",
        "capacity_text": "20",
        "capacity_max_detected": 20,
        "price_text": "Tarif préférentiel associatif ; Rooms available for associations at preferential rates.",
        "price_score": 50,
        "website": "https://ligueo.ligueparis.org/cpa19",
        "contact": "",
        "source_url": "ligueparis.org",
        "pros": [
          "robotics_workshop",
          "activity_rooms"
        ],
        "cons": "",
        "confidence": "medium",
        "fit_score": 78,
        "last_checked": "2026-06-19"
      }
    },
    {
      "type": "Feature",
      "geometry": {
        "type": "Point",
        "coordinates": [
          2.343527,
          48.888055
        ]
      },
      "properties": {
        "id": "IDF-CPA-095",
        "name": "Centre Paris Anim' Rébeval (19e)",
        "city": "Paris",
        "department": "75",
        "address": null,
        "geocode_score": 0.3734346753246753,
        "geocode_label": "Rue de la Bonne 75018 Paris",
        "category": "paris_anim",
        "capacity_text": "20",
        "capacity_max_detected": 20,
        "price_text": "Tarif préférentiel associatif ; Rooms available for associations at preferential rates.",
        "price_score": 50,
        "website": "https://ligueo.ligueparis.org/cpa19",
        "contact": "",
        "source_url": "ligueparis.org",
        "pros": [
          "activity_rooms",
          "sports_rooms"
        ],
        "cons": "",
        "confidence": "medium",
        "fit_score": 78,
        "last_checked": "2026-06-19"
      }
    },
    {
      "type": "Feature",
      "geometry": {
        "type": "Point",
        "coordinates": [
          2.343527,
          48.888055
        ]
      },
      "properties": {
        "id": "IDF-CPA-096",
        "name": "Centre Paris Anim' Solidarité Angèle Mercier (19e)",
        "city": "Paris",
        "department": "75",
        "address": null,
        "geocode_score": 0.3734346753246753,
        "geocode_label": "Rue de la Bonne 75018 Paris",
        "category": "paris_anim",
        "capacity_text": "20",
        "capacity_max_detected": 20,
        "price_text": "Tarif préférentiel associatif ; Rooms available for associations at preferential rates.",
        "price_score": 50,
        "website": "https://ligueo.ligueparis.org/cpa19",
        "contact": "",
        "source_url": "ligueparis.org",
        "pros": [
          "activity_rooms"
        ],
        "cons": "",
        "confidence": "medium",
        "fit_score": 78,
        "last_checked": "2026-06-19"
      }
    },
    {
      "type": "Feature",
      "geometry": {
        "type": "Point",
        "coordinates": [
          2.351465,
          48.820452
        ]
      },
      "properties": {
        "id": "IDF-CPA-097",
        "name": "Centre Paris Anim' Poterne des Peupliers (13e)",
        "city": "Paris",
        "department": "75",
        "address": "5, rue Gouthière",
        "geocode_score": 0.9704272727272726,
        "geocode_label": "5 Rue Gouthière 75013 Paris",
        "category": "paris_anim",
        "capacity_text": "20",
        "capacity_max_detected": 20,
        "price_text": "Tarif préférentiel associatif ; Rooms available for associations at preferential rates.",
        "price_score": 50,
        "website": "https://www.paris.fr/lieux/centre-paris-anim-poterne-des-peupliers",
        "contact": "",
        "source_url": "paris.fr",
        "pros": [
          "activity_rooms"
        ],
        "cons": "",
        "confidence": "medium",
        "fit_score": 78,
        "last_checked": "2026-06-19"
      }
    },
    {
      "type": "Feature",
      "geometry": {
        "type": "Point",
        "coordinates": [
          2.336101,
          48.903526
        ]
      },
      "properties": {
        "id": "IDF-DEPT-098",
        "name": "Espaces Openspot - CCI Seine-Saint-Denis",
        "city": "Seine-Saint-Denis",
        "department": "93",
        "address": null,
        "geocode_score": 0.34425909090909085,
        "geocode_label": "Rue des Bons Enfants 93400 Saint-Ouen-sur-Seine",
        "category": "aggregation_platform",
        "capacity_text": "20",
        "capacity_max_detected": 20,
        "price_text": "Variable ; CCI coworking/meeting space. Rooms for 15-20 people.",
        "price_score": 75,
        "website": null,
        "contact": "",
        "source_url": "neo-nomade.com",
        "pros": [
          "coworking",
          "meeting_rooms"
        ],
        "cons": "",
        "confidence": "medium",
        "fit_score": 64,
        "last_checked": "2026-06-19"
      }
    },
    {
      "type": "Feature",
      "geometry": {
        "type": "Point",
        "coordinates": [
          2.137679,
          47.867888
        ]
      },
      "properties": {
        "id": "IDF-OPEN-099",
        "name": "L'Usine Té - Saint-Denis (93)",
        "city": "Saint-Denis",
        "department": "93",
        "address": null,
        "geocode_score": 0.3330109090909091,
        "geocode_label": "Avenue de la Bône 45550 Saint-Denis-de-l'Hôtel",
        "category": "aggregation_platform",
        "capacity_text": "20",
        "capacity_max_detected": 20,
        "price_text": "Variable ; Creative factory in former manufacturing building. Small rooms available.",
        "price_score": 50,
        "website": "https://www.aleou.fr/xd/lieux-congres-seminaires/seine-saint-denis-93",
        "contact": "",
        "source_url": "aleou.fr",
        "pros": [
          "creative_spaces",
          "meeting_rooms"
        ],
        "cons": "",
        "confidence": "medium",
        "fit_score": 57,
        "last_checked": "2026-06-19"
      }
    },
    {
      "type": "Feature",
      "geometry": {
        "type": "Point",
        "coordinates": [
          2.343527,
          48.888055
        ]
      },
      "properties": {
        "id": "IDF-CPA-100",
        "name": "Centre Paris Anim' (remaining 35+ centers)",
        "city": "Paris",
        "department": "75",
        "address": null,
        "geocode_score": 0.3734346753246753,
        "geocode_label": "Rue de la Bonne 75018 Paris",
        "category": "paris_anim",
        "capacity_text": "20",
        "capacity_max_detected": 20,
        "price_text": "Tarif préférentiel associatif (59€ forfait jeune création) ; 49 Centres Paris Anim across all arrondissements. All have rooms available for associations at preferential rates. Young creation: 59€ flat fee for 2-month rehearsal room.",
        "price_score": 50,
        "website": "https://www.paris.fr/pages/les-centres-d-animation-2390",
        "contact": "",
        "source_url": "paris.fr",
        "pros": [
          "meeting_rooms",
          "dance_rooms",
          "arts_rooms",
          "sports_rooms"
        ],
        "cons": "",
        "confidence": "medium",
        "fit_score": 78,
        "last_checked": "2026-06-19"
      }
    },
    {
      "type": "Feature",
      "geometry": {
        "type": "Point",
        "coordinates": [
          2.343527,
          48.888055
        ]
      },
      "properties": {
        "id": "IDF-CPA-101",
        "name": "Centre Paris Anim' - 16e arrondissement",
        "city": "Paris",
        "department": "75",
        "address": null,
        "geocode_score": 0.3734346753246753,
        "geocode_label": "Rue de la Bonne 75018 Paris",
        "category": "paris_anim",
        "capacity_text": "20",
        "capacity_max_detected": 20,
        "price_text": "Tarif préférentiel associatif ; Rooms available for associations.",
        "price_score": 50,
        "website": "https://www.paris.fr/pages/les-centres-d-animation-2390",
        "contact": "",
        "source_url": "paris.fr",
        "pros": [
          "meeting_rooms"
        ],
        "cons": "",
        "confidence": "medium",
        "fit_score": 78,
        "last_checked": "2026-06-19"
      }
    },
    {
      "type": "Feature",
      "geometry": {
        "type": "Point",
        "coordinates": [
          2.343527,
          48.888055
        ]
      },
      "properties": {
        "id": "IDF-CPA-102",
        "name": "Centre Paris Anim' - 20e arrondissement",
        "city": "Paris",
        "department": "75",
        "address": null,
        "geocode_score": 0.3734346753246753,
        "geocode_label": "Rue de la Bonne 75018 Paris",
        "category": "paris_anim",
        "capacity_text": "20",
        "capacity_max_detected": 20,
        "price_text": "Tarif préférentiel associatif ; Rooms available for associations.",
        "price_score": 50,
        "website": "https://www.paris.fr/pages/les-centres-d-animation-2390",
        "contact": "",
        "source_url": "paris.fr",
        "pros": [
          "meeting_rooms"
        ],
        "cons": "",
        "confidence": "medium",
        "fit_score": 78,
        "last_checked": "2026-06-19"
      }
    },
    {
      "type": "Feature",
      "geometry": {
        "type": "Point",
        "coordinates": [
          2.343527,
          48.888055
        ]
      },
      "properties": {
        "id": "IDF-CPA-103",
        "name": "Centre Paris Anim' - 1e/2e arrondissement",
        "city": "Paris",
        "department": "75",
        "address": null,
        "geocode_score": 0.3734346753246753,
        "geocode_label": "Rue de la Bonne 75018 Paris",
        "category": "paris_anim",
        "capacity_text": "20",
        "capacity_max_detected": 20,
        "price_text": "Tarif préférentiel associatif ; Rooms available for associations.",
        "price_score": 50,
        "website": "https://www.paris.fr/pages/les-centres-d-animation-2390",
        "contact": "",
        "source_url": "paris.fr",
        "pros": [
          "meeting_rooms"
        ],
        "cons": "",
        "confidence": "medium",
        "fit_score": 78,
        "last_checked": "2026-06-19"
      }
    },
    {
      "type": "Feature",
      "geometry": {
        "type": "Point",
        "coordinates": [
          2.343527,
          48.888055
        ]
      },
      "properties": {
        "id": "IDF-CPA-104",
        "name": "Centre Paris Anim' - 4e arrondissement",
        "city": "Paris",
        "department": "75",
        "address": null,
        "geocode_score": 0.3734346753246753,
        "geocode_label": "Rue de la Bonne 75018 Paris",
        "category": "paris_anim",
        "capacity_text": "20",
        "capacity_max_detected": 20,
        "price_text": "Tarif préférentiel associatif ; Rooms available for associations.",
        "price_score": 50,
        "website": "https://www.paris.fr/pages/les-centres-d-animation-2390",
        "contact": "",
        "source_url": "paris.fr",
        "pros": [
          "meeting_rooms"
        ],
        "cons": "",
        "confidence": "medium",
        "fit_score": 78,
        "last_checked": "2026-06-19"
      }
    },
    {
      "type": "Feature",
      "geometry": {
        "type": "Point",
        "coordinates": [
          2.343527,
          48.888055
        ]
      },
      "properties": {
        "id": "IDF-CPA-105",
        "name": "Centre Paris Anim' - 6e arrondissement (shared MVAC with 5e)",
        "city": "Paris",
        "department": "75",
        "address": null,
        "geocode_score": 0.3734346753246753,
        "geocode_label": "Rue de la Bonne 75018 Paris",
        "category": "paris_anim",
        "capacity_text": "20",
        "capacity_max_detected": 20,
        "price_text": "Tarif préférentiel associatif ; Rooms available for associations.",
        "price_score": 50,
        "website": "https://www.paris.fr/pages/les-centres-d-animation-2390",
        "contact": "",
        "source_url": "paris.fr",
        "pros": [
          "meeting_rooms"
        ],
        "cons": "",
        "confidence": "medium",
        "fit_score": 78,
        "last_checked": "2026-06-19"
      }
    },
    {
      "type": "Feature",
      "geometry": {
        "type": "Point",
        "coordinates": [
          2.343527,
          48.888055
        ]
      },
      "properties": {
        "id": "IDF-CPA-106",
        "name": "Centre Paris Anim' - 10e arrondissement",
        "city": "Paris",
        "department": "75",
        "address": null,
        "geocode_score": 0.3734346753246753,
        "geocode_label": "Rue de la Bonne 75018 Paris",
        "category": "paris_anim",
        "capacity_text": "20",
        "capacity_max_detected": 20,
        "price_text": "Tarif préférentiel associatif ; Rooms available for associations.",
        "price_score": 50,
        "website": "https://www.paris.fr/pages/les-centres-d-animation-2390",
        "contact": "",
        "source_url": "paris.fr",
        "pros": [
          "meeting_rooms"
        ],
        "cons": "",
        "confidence": "medium",
        "fit_score": 78,
        "last_checked": "2026-06-19"
      }
    },
    {
      "type": "Feature",
      "geometry": {
        "type": "Point",
        "coordinates": [
          2.137679,
          47.867888
        ]
      },
      "properties": {
        "id": "IDF-DEPT-107",
        "name": "H4 Wyndham Paris Pleyel - Salles réunion",
        "city": "Saint-Denis",
        "department": "93",
        "address": null,
        "geocode_score": 0.3330109090909091,
        "geocode_label": "Avenue de la Bône 45550 Saint-Denis-de-l'Hôtel",
        "category": "aggregation_platform",
        "capacity_text": "20",
        "capacity_max_detected": 20,
        "price_text": "Variable ; Hotel seminar rooms available. Not budget-friendly.",
        "price_score": 50,
        "website": "https://www.aleou.fr/xd/lieux-congres-seminaires/seine-saint-denis-93",
        "contact": "",
        "source_url": "aleou.fr",
        "pros": [
          "hotel_rooms",
          "meeting_rooms",
          "av_equipment"
        ],
        "cons": "",
        "confidence": "medium",
        "fit_score": 57,
        "last_checked": "2026-06-19"
      }
    },
    {
      "type": "Feature",
      "geometry": {
        "type": "Point",
        "coordinates": [
          2.176976,
          47.610485
        ]
      },
      "properties": {
        "id": "IDF-DEPT-108",
        "name": "Novotel Paris Est - Centre de Conférence",
        "city": "Bagnolet",
        "department": "93",
        "address": null,
        "geocode_score": 0.30269545454545455,
        "geocode_label": "None le Bourg 41600 Chaon",
        "category": "aggregation_platform",
        "capacity_text": "20",
        "capacity_max_detected": 20,
        "price_text": "Variable ; Hotel conference center. Various room sizes.",
        "price_score": 50,
        "website": "https://www.aleou.fr/xd/lieux-congres-seminaires/seine-saint-denis-93",
        "contact": "",
        "source_url": "aleou.fr",
        "pros": [
          "meeting_rooms",
          "av_equipment"
        ],
        "cons": "",
        "confidence": "medium",
        "fit_score": 57,
        "last_checked": "2026-06-19"
      }
    },
    {
      "type": "Feature",
      "geometry": {
        "type": "Point",
        "coordinates": [
          2.343527,
          48.888055
        ]
      },
      "properties": {
        "id": "IDF-PEER-109",
        "name": "Studio 71 - Salle réunion Paris 17e",
        "city": "Paris",
        "department": "75",
        "address": null,
        "geocode_score": 0.3734346753246753,
        "geocode_label": "Rue de la Bonne 75018 Paris",
        "category": "aggregation_platform",
        "capacity_text": "12",
        "capacity_max_detected": 12,
        "price_text": "Variable ; 60m², up to 12 people. Podcast studio available.",
        "price_score": 90,
        "website": "https://www.abcsalles.com/salle-de-reunion-2.html",
        "contact": "",
        "source_url": "abcsalles.com",
        "pros": [
          "tv_connected",
          "wifi_fiber",
          "visio_system",
          "podcast_studio",
          "barista",
          "bathroom"
        ],
        "cons": "",
        "confidence": "medium",
        "fit_score": 72,
        "last_checked": "2026-06-19"
      }
    },
    {
      "type": "Feature",
      "geometry": {
        "type": "Point",
        "coordinates": [
          2.395791,
          48.878193
        ]
      },
      "properties": {
        "id": "IDF-PRIVATEASER-110",
        "name": "Maison de la Place des Fêtes - MPdF",
        "city": "Paris",
        "department": "75",
        "address": "2-4, rue des Lilas",
        "geocode_score": 0.8110807438016528,
        "geocode_label": "4 Rue des Lilas 75019 Paris",
        "category": "institutional",
        "capacity_text": "12",
        "capacity_max_detected": 12,
        "price_text": "9€/heure + 30€ adhésion annuelle ; 9€/heure for room, 30€ annual membership for associations.",
        "price_score": 85,
        "website": "https://mpdf.fr/autres-salles-disponibles-dans-quartier",
        "contact": "01 40 18 76 45 ; pladesfetes@ligueparis.org",
        "source_url": "mpdf.fr",
        "pros": [
          "meeting_room_12_pers",
          "video_projector"
        ],
        "cons": "",
        "confidence": "medium",
        "fit_score": 86,
        "last_checked": "2026-06-19"
      }
    },
    {
      "type": "Feature",
      "geometry": {
        "type": "Point",
        "coordinates": [
          2.343527,
          48.888055
        ]
      },
      "properties": {
        "id": "IDF-MISC-111",
        "name": "Les Fabrikantes (La Fabrik Coopérative)",
        "city": "Paris",
        "department": "75",
        "address": null,
        "geocode_score": 0.3734346753246753,
        "geocode_label": "Rue de la Bonne 75018 Paris",
        "category": "institutional",
        "capacity_text": "12",
        "capacity_max_detected": 12,
        "price_text": "Variable (adhésion requise) ; Rooms available for member structures. Non-member collectives possible under conditions.",
        "price_score": 50,
        "website": "https://mpdf.fr/autres-salles-disponibles-dans-quartier",
        "contact": "",
        "source_url": "mpdf.fr",
        "pros": [
          "meeting_rooms"
        ],
        "cons": "",
        "confidence": "medium",
        "fit_score": 70,
        "last_checked": "2026-06-19"
      }
    },
    {
      "type": "Feature",
      "geometry": {
        "type": "Point",
        "coordinates": [
          6.492499,
          47.978688
        ]
      },
      "properties": {
        "id": "IDF-CPA-112",
        "name": "Remaining Paris Anim' Centers (approx. 35 locations)",
        "city": "Paris",
        "department": "75",
        "address": "Various",
        "geocode_score": 0.3920720779220779,
        "geocode_label": "Les Paris 88340 Le Val-d'Ajol",
        "category": "paris_anim",
        "capacity_text": "20",
        "capacity_max_detected": 20,
        "price_text": "Tarif préférentiel (5€-59€) ; Rooms from free (for associations) to 59€ for young creators (2-month rehearsal flat fee). Commercial rates higher. 49 Centres Paris Anim across Paris.",
        "price_score": 95,
        "website": "https://www.paris.fr/pages/les-centres-d-animation-2390",
        "contact": "",
        "source_url": "paris.fr",
        "pros": [
          "various_rooms_by_center"
        ],
        "cons": "",
        "confidence": "medium",
        "fit_score": 91,
        "last_checked": "2026-06-19"
      }
    },
    {
      "type": "Feature",
      "geometry": {
        "type": "Point",
        "coordinates": [
          2.361532,
          48.863992
        ]
      },
      "properties": {
        "id": "IDF-MISC-113",
        "name": "Mairie Paris Centre - Salle Bretagne",
        "city": "Paris",
        "department": "75",
        "address": "2, rue Eugène Spuller",
        "geocode_score": 0.9594199999999998,
        "geocode_label": "2 Rue Eugène Spuller 75003 Paris",
        "category": "municipal_hall",
        "capacity_text": "20",
        "capacity_max_detected": 20,
        "price_text": "Gratuit (MVAC) ; 48.5 m², up to 40 people in salle Bretagne. But smaller rooms also available.",
        "price_score": 95,
        "website": "https://mairiepariscentre.paris.fr/pages/locaux-accessibles-a-paris-centre-15435",
        "contact": "DDCT-MAPC-Evenements@paris.fr",
        "source_url": "mairiepariscentre.paris.fr",
        "pros": [
          "salle_bretagne_48m2_40pers",
          "salle_conseils_34m2_19pers"
        ],
        "cons": "",
        "confidence": "medium",
        "fit_score": 96,
        "last_checked": "2026-06-19"
      }
    },
    {
      "type": "Feature",
      "geometry": {
        "type": "Point",
        "coordinates": [
          2.361532,
          48.863992
        ]
      },
      "properties": {
        "id": "IDF-MISC-114",
        "name": "Mairie Paris Centre - Salle des Conseils de Quartier",
        "city": "Paris",
        "department": "75",
        "address": "2, rue Eugène Spuller",
        "geocode_score": 0.9594199999999998,
        "geocode_label": "2 Rue Eugène Spuller 75003 Paris",
        "category": "municipal_hall",
        "capacity_text": "19",
        "capacity_max_detected": 19,
        "price_text": "Gratuit (MVAC) ; 34.4 m², 19 persons. Free for registered associations.",
        "price_score": 95,
        "website": "https://mairiepariscentre.paris.fr/pages/locaux-accessibles-a-paris-centre-15435",
        "contact": "DDCT-MAPC-Evenements@paris.fr",
        "source_url": "mairiepariscentre.paris.fr",
        "pros": [
          "meeting_room_19_pers"
        ],
        "cons": "",
        "confidence": "medium",
        "fit_score": 96,
        "last_checked": "2026-06-19"
      }
    },
    {
      "type": "Feature",
      "geometry": {
        "type": "Point",
        "coordinates": [
          2.361532,
          48.863992
        ]
      },
      "properties": {
        "id": "IDF-MISC-115",
        "name": "Mairie Paris Centre - Location de salles",
        "city": "Paris",
        "department": "75",
        "address": "2, rue Eugène Spuller",
        "geocode_score": 0.9594199999999998,
        "geocode_label": "2 Rue Eugène Spuller 75003 Paris",
        "category": "municipal_hall",
        "capacity_text": "20",
        "capacity_max_detected": 20,
        "price_text": "Tarif municipal ; Rental of municipal halls for events. Contact Service Événements.",
        "price_score": 50,
        "website": "https://mairiepariscentre.paris.fr/pages/locaux-accessibles-a-paris-centre-15435",
        "contact": "DDCT-MAPC-Evenements@paris.fr",
        "source_url": "mairiepariscentre.paris.fr",
        "pros": [
          "reception_hall",
          "meeting_rooms"
        ],
        "cons": "",
        "confidence": "medium",
        "fit_score": 83,
        "last_checked": "2026-06-19"
      }
    },
    {
      "type": "Feature",
      "geometry": {
        "type": "Point",
        "coordinates": [
          2.343527,
          48.888055
        ]
      },
      "properties": {
        "id": "IDF-COCOON-116",
        "name": "Cocoon Space - 1er arrondissement",
        "city": "Paris",
        "department": "75",
        "address": null,
        "geocode_score": 0.3734346753246753,
        "geocode_label": "Rue de la Bonne 75018 Paris",
        "category": "aggregation_platform",
        "capacity_text": "8",
        "capacity_max_detected": 8,
        "price_text": "dès 15€/h ; Small meeting rooms near major stations. From 15€/hour.",
        "price_score": 85,
        "website": "https://www.cocoon-space.com/salle-de-reunion/paris",
        "contact": "contact@cocoon-space.com",
        "source_url": "cocoon-space.com",
        "pros": [
          "meeting_rooms",
          "wifi",
          "drinks"
        ],
        "cons": "",
        "confidence": "medium",
        "fit_score": 91,
        "last_checked": "2026-06-19"
      }
    },
    {
      "type": "Feature",
      "geometry": {
        "type": "Point",
        "coordinates": [
          2.343527,
          48.888055
        ]
      },
      "properties": {
        "id": "IDF-COCOON-117",
        "name": "Cocoon Space - 3e/4e arrondissement",
        "city": "Paris",
        "department": "75",
        "address": null,
        "geocode_score": 0.3734346753246753,
        "geocode_label": "Rue de la Bonne 75018 Paris",
        "category": "aggregation_platform",
        "capacity_text": "8",
        "capacity_max_detected": 8,
        "price_text": "dès 15€/h ; Small meeting rooms. From 15€/hour.",
        "price_score": 85,
        "website": "https://www.cocoon-space.com/salle-de-reunion/paris",
        "contact": "contact@cocoon-space.com",
        "source_url": "cocoon-space.com",
        "pros": [
          "meeting_rooms",
          "wifi",
          "drinks"
        ],
        "cons": "",
        "confidence": "medium",
        "fit_score": 91,
        "last_checked": "2026-06-19"
      }
    },
    {
      "type": "Feature",
      "geometry": {
        "type": "Point",
        "coordinates": [
          2.343527,
          48.888055
        ]
      },
      "properties": {
        "id": "IDF-COCOON-118",
        "name": "Cocoon Space - 8e/9e arrondissement (Honoré)",
        "city": "Paris",
        "department": "75",
        "address": null,
        "geocode_score": 0.3734346753246753,
        "geocode_label": "Rue de la Bonne 75018 Paris",
        "category": "aggregation_platform",
        "capacity_text": "8",
        "capacity_max_detected": 8,
        "price_text": "dès 22€/h ; 12m² rooms from 22€/hour, 176€/day.",
        "price_score": 75,
        "website": "https://www.cocoon-space.com/venues/honore",
        "contact": "",
        "source_url": "cocoon-space.com",
        "pros": [
          "meeting_rooms",
          "wifi",
          "drinks"
        ],
        "cons": "",
        "confidence": "medium",
        "fit_score": 82,
        "last_checked": "2026-06-19"
      }
    },
    {
      "type": "Feature",
      "geometry": {
        "type": "Point",
        "coordinates": [
          2.343527,
          48.888055
        ]
      },
      "properties": {
        "id": "IDF-COCOON-119",
        "name": "Cocoon Space - 11e arrondissement",
        "city": "Paris",
        "department": "75",
        "address": null,
        "geocode_score": 0.3734346753246753,
        "geocode_label": "Rue de la Bonne 75018 Paris",
        "category": "aggregation_platform",
        "capacity_text": "8",
        "capacity_max_detected": 8,
        "price_text": "dès 15€/h ; Small meeting rooms from 15€/hour.",
        "price_score": 85,
        "website": "https://www.cocoon-space.com/salle-de-reunion/paris",
        "contact": "",
        "source_url": "cocoon-space.com",
        "pros": [
          "meeting_rooms",
          "wifi",
          "drinks"
        ],
        "cons": "",
        "confidence": "medium",
        "fit_score": 86,
        "last_checked": "2026-06-19"
      }
    },
    {
      "type": "Feature",
      "geometry": {
        "type": "Point",
        "coordinates": [
          2.343527,
          48.888055
        ]
      },
      "properties": {
        "id": "IDF-COCOON-120",
        "name": "Cocoon Space - 12e arrondissement",
        "city": "Paris",
        "department": "75",
        "address": null,
        "geocode_score": 0.3734346753246753,
        "geocode_label": "Rue de la Bonne 75018 Paris",
        "category": "aggregation_platform",
        "capacity_text": "8",
        "capacity_max_detected": 8,
        "price_text": "dès 15€/h ; Small meeting rooms from 15€/hour.",
        "price_score": 85,
        "website": "https://www.cocoon-space.com/salle-de-reunion/paris",
        "contact": "",
        "source_url": "cocoon-space.com",
        "pros": [
          "meeting_rooms",
          "wifi",
          "drinks"
        ],
        "cons": "",
        "confidence": "medium",
        "fit_score": 86,
        "last_checked": "2026-06-19"
      }
    },
    {
      "type": "Feature",
      "geometry": {
        "type": "Point",
        "coordinates": [
          2.343527,
          48.888055
        ]
      },
      "properties": {
        "id": "IDF-COCOON-121",
        "name": "Cocoon Space - 13e/14e arrondissement",
        "city": "Paris",
        "department": "75",
        "address": null,
        "geocode_score": 0.3734346753246753,
        "geocode_label": "Rue de la Bonne 75018 Paris",
        "category": "aggregation_platform",
        "capacity_text": "8",
        "capacity_max_detected": 8,
        "price_text": "dès 15€/h ; Small meeting rooms from 15€/hour.",
        "price_score": 85,
        "website": "https://www.cocoon-space.com/salle-de-reunion/paris",
        "contact": "",
        "source_url": "cocoon-space.com",
        "pros": [
          "meeting_rooms",
          "wifi",
          "drinks"
        ],
        "cons": "",
        "confidence": "medium",
        "fit_score": 86,
        "last_checked": "2026-06-19"
      }
    },
    {
      "type": "Feature",
      "geometry": {
        "type": "Point",
        "coordinates": [
          2.343527,
          48.888055
        ]
      },
      "properties": {
        "id": "IDF-MISC-122",
        "name": "Salle municipale - Mairie 14e (Châteaubriant)",
        "city": "Paris",
        "department": "75",
        "address": null,
        "geocode_score": 0.3734346753246753,
        "geocode_label": "Rue de la Bonne 75018 Paris",
        "category": "municipal_hall",
        "capacity_text": "20",
        "capacity_max_detected": 20,
        "price_text": "Tarif municipal ; 73 m², max 20 personnes. From official Mairie 14e catalogue.",
        "price_score": 75,
        "website": "https://cdn.paris.fr/paris/2023/01/18/catalogue-salles-municipales-mairie-14-YajY.pdf",
        "contact": "",
        "source_url": "paris.fr catalogue PDF",
        "pros": "",
        "cons": "",
        "confidence": "medium",
        "fit_score": 85,
        "last_checked": "2026-06-19"
      }
    },
    {
      "type": "Feature",
      "geometry": {
        "type": "Point",
        "coordinates": [
          2.343527,
          48.888055
        ]
      },
      "properties": {
        "id": "IDF-MISC-123",
        "name": "Le NUMA Paris - Coworking Gratuit",
        "city": "Paris",
        "department": "75",
        "address": null,
        "geocode_score": 0.3734346753246753,
        "geocode_label": "Rue de la Bonne 75018 Paris",
        "category": "coworking_free",
        "capacity_text": "10",
        "capacity_max_detected": 10,
        "price_text": "Gratuit ; Free open-plan coworking. No reservation needed. Mon-Fri 9h-20h.",
        "price_score": 95,
        "website": "https://paris.numa.co/coworking-et-communautes/",
        "contact": "",
        "source_url": "paris.fr",
        "pros": [
          "open_coworking",
          "wifi",
          "no_reservation_needed"
        ],
        "cons": "",
        "confidence": "medium",
        "fit_score": 91,
        "last_checked": "2026-06-19"
      }
    },
    {
      "type": "Feature",
      "geometry": {
        "type": "Point",
        "coordinates": [
          2.343527,
          48.888055
        ]
      },
      "properties": {
        "id": "IDF-MISC-124",
        "name": "MPAA - Maison des Pratiques Artistiques Amateurs",
        "city": "Paris",
        "department": "75",
        "address": null,
        "geocode_score": 0.3734346753246753,
        "geocode_label": "Rue de la Bonne 75018 Paris",
        "category": "institutional",
        "capacity_text": "20",
        "capacity_max_detected": 20,
        "price_text": "Variable ; Directory of practice/rehearsal spaces accessible to amateurs.",
        "price_score": 50,
        "website": "https://www.mpaa.fr/",
        "contact": "",
        "source_url": "paris.fr",
        "pros": [
          "directory_of_artistic_spaces"
        ],
        "cons": "",
        "confidence": "medium",
        "fit_score": 70,
        "last_checked": "2026-06-19"
      }
    },
    {
      "type": "Feature",
      "geometry": {
        "type": "Point",
        "coordinates": [
          2.343527,
          48.888055
        ]
      },
      "properties": {
        "id": "IDF-MISC-126",
        "name": "Mairie du 18e - Salle des mariages (réunion)",
        "city": "Paris",
        "department": "75",
        "address": null,
        "geocode_score": 0.3734346753246753,
        "geocode_label": "Rue de la Bonne 75018 Paris",
        "category": "municipal_hall",
        "capacity_text": "20",
        "capacity_max_detected": 20,
        "price_text": "Tarif municipal ; Municipal halls available for event rental. Contact mairie directly.",
        "price_score": 50,
        "website": "https://mairie18.paris.fr",
        "contact": "",
        "source_url": "paris.fr",
        "pros": [
          "event_hall"
        ],
        "cons": "",
        "confidence": "medium",
        "fit_score": 78,
        "last_checked": "2026-06-19"
      }
    },
    {
      "type": "Feature",
      "geometry": {
        "type": "Point",
        "coordinates": [
          2.238672,
          48.837436
        ]
      },
      "properties": {
        "id": "IDF-DEPT-130",
        "name": "Maisons des Associations - Hauts-de-Seine (92) [Multiple]",
        "city": "Various (Nanterre, Courbevoie, Boulogne-Billancourt, etc.)",
        "department": "92",
        "address": "Various",
        "geocode_score": 0.40818763907734057,
        "geocode_label": "Rue Le Corbusier 92100 Boulogne-Billancourt",
        "category": "municipal_assoc",
        "capacity_text": "20",
        "capacity_max_detected": 20,
        "price_text": "Gratuit ou tarif associatif ; Multiple Maisons des Associations across 92. Most offer free or low-cost rooms for associations.",
        "price_score": 95,
        "website": null,
        "contact": "",
        "source_url": "open data search",
        "pros": [
          "meeting_rooms"
        ],
        "cons": "",
        "confidence": "medium",
        "fit_score": 88,
        "last_checked": "2026-06-19"
      }
    },
    {
      "type": "Feature",
      "geometry": {
        "type": "Point",
        "coordinates": [
          2.087269,
          48.981488
        ]
      },
      "properties": {
        "id": "IDF-DEPT-132",
        "name": "Maisons des Associations - Yvelines (78) [Multiple]",
        "city": "Various (Versailles, Saint-Germain-en-Laye, etc.)",
        "department": "78",
        "address": "Various",
        "geocode_score": 0.4560427272727272,
        "geocode_label": "Route de Versailles a Pontoise 78100 Saint-Germain-en-Laye",
        "category": "municipal_assoc",
        "capacity_text": "20",
        "capacity_max_detected": 20,
        "price_text": "Gratuit ou tarif associatif ; Multiple Maisons des Associations across 78.",
        "price_score": 95,
        "website": null,
        "contact": "",
        "source_url": "open data search",
        "pros": [
          "meeting_rooms"
        ],
        "cons": "",
        "confidence": "medium",
        "fit_score": 84,
        "last_checked": "2026-06-19"
      }
    },
    {
      "type": "Feature",
      "geometry": {
        "type": "Point",
        "coordinates": [
          2.206235,
          48.946874
        ]
      },
      "properties": {
        "id": "IDF-DEPT-135",
        "name": "Maisons des Associations - Val-d'Oise (95) [Multiple]",
        "city": "Various (Cergy, Pontoise, Argenteuil, etc.)",
        "department": "95",
        "address": "Various",
        "geocode_score": 0.3889174331550802,
        "geocode_label": "Route de Pontoise 95100 Argenteuil",
        "category": "municipal_assoc",
        "capacity_text": "20",
        "capacity_max_detected": 20,
        "price_text": "Gratuit ou tarif associatif ; Multiple Maisons des Associations across 95.",
        "price_score": 95,
        "website": null,
        "contact": "",
        "source_url": "open data search",
        "pros": [
          "meeting_rooms"
        ],
        "cons": "",
        "confidence": "medium",
        "fit_score": 84,
        "last_checked": "2026-06-19"
      }
    },
    {
      "type": "Feature",
      "geometry": {
        "type": "Point",
        "coordinates": [
          2.469315,
          48.886788
        ]
      },
      "properties": {
        "id": "IDF-DEPT-136",
        "name": "Maisons des Associations - Seine-Saint-Denis (93) [Multiple]",
        "city": "Various (Saint-Denis, Montreuil, Aubervilliers, Noisy-le-Sec, etc.)",
        "department": "93",
        "address": "Various",
        "geocode_score": 0.32013545454545456,
        "geocode_label": "Chemin de Montreuil à Claye 93130 Noisy-le-Sec",
        "category": "municipal_assoc",
        "capacity_text": "20",
        "capacity_max_detected": 20,
        "price_text": "Gratuit ou tarif associatif ; Multiple Maisons des Associations across 93. Free municipal rooms for associations in many communes.",
        "price_score": 95,
        "website": null,
        "contact": "",
        "source_url": "open data search / saintdenis.fr",
        "pros": [
          "meeting_rooms"
        ],
        "cons": "",
        "confidence": "medium",
        "fit_score": 88,
        "last_checked": "2026-06-19"
      }
    },
    {
      "type": "Feature",
      "geometry": {
        "type": "Point",
        "coordinates": [
          2.336101,
          48.903526
        ]
      },
      "properties": {
        "id": "IDF-NEO-137",
        "name": "Espace Openspot 93 - CCI Seine-Saint-Denis",
        "city": "Seine-Saint-Denis",
        "department": "93",
        "address": null,
        "geocode_score": 0.34425909090909085,
        "geocode_label": "Rue des Bons Enfants 93400 Saint-Ouen-sur-Seine",
        "category": "aggregation_platform",
        "capacity_text": "15",
        "capacity_max_detected": 15,
        "price_text": "Variable ; Salle LES DIGITEURS: 15 personnes. Also rooms for up to 20.",
        "price_score": 50,
        "website": "https://www.neo-nomade.com/s/ile-de-france/salle-reunion-formation-location",
        "contact": "",
        "source_url": "neo-nomade.com",
        "pros": [
          "meeting_rooms",
          "digital_equipment"
        ],
        "cons": "",
        "confidence": "medium",
        "fit_score": 57,
        "last_checked": "2026-06-19"
      }
    },
    {
      "type": "Feature",
      "geometry": {
        "type": "Point",
        "coordinates": [
          2.343527,
          48.888055
        ]
      },
      "properties": {
        "id": "IDF-OPEN-139",
        "name": "Paris Data - Open Data",
        "city": "Paris",
        "department": "75",
        "address": null,
        "geocode_score": 0.3734346753246753,
        "geocode_label": "Rue de la Bonne 75018 Paris",
        "category": "data_source",
        "capacity_text": "",
        "capacity_max_detected": "",
        "price_text": "Paris municipal open data portal. Contains equipment and facility datasets.",
        "price_score": 50,
        "website": "https://opendata.paris.fr",
        "contact": "",
        "source_url": "opendata.paris.fr",
        "pros": "",
        "cons": "",
        "confidence": "medium",
        "fit_score": 40,
        "last_checked": "2026-06-19"
      }
    },
    {
      "type": "Feature",
      "geometry": {
        "type": "Point",
        "coordinates": [
          2.343527,
          48.888055
        ]
      },
      "properties": {
        "id": "IDF-PARIS-ASSO-146",
        "name": "ParisAsso - Portail Associatif",
        "city": "Paris",
        "department": "75",
        "address": null,
        "geocode_score": 0.3734346753246753,
        "geocode_label": "Rue de la Bonne 75018 Paris",
        "category": "data_source",
        "capacity_text": "",
        "capacity_max_detected": "",
        "price_text": "Portal for association registration in Paris. Required step to access MVAC rooms.",
        "price_score": 50,
        "website": "https://parisasso.paris.fr",
        "contact": "",
        "source_url": "paris.fr",
        "pros": "",
        "cons": "",
        "confidence": "medium",
        "fit_score": 40,
        "last_checked": "2026-06-19"
      }
    },
    {
      "type": "Feature",
      "geometry": {
        "type": "Point",
        "coordinates": [
          2.343527,
          48.888055
        ]
      },
      "properties": {
        "id": "IDF-MISC-147",
        "name": "Paris.fr - Tous les lieux MVAC",
        "city": "Paris",
        "department": "75",
        "address": null,
        "geocode_score": 0.3734346753246753,
        "geocode_label": "Rue de la Bonne 75018 Paris",
        "category": "data_source",
        "capacity_text": "",
        "capacity_max_detected": "",
        "price_text": "Complete listing of all MVAC locations with hours and contacts on paris.fr.",
        "price_score": 50,
        "website": "https://www.paris.fr/recherche/lieux?places%5BrefinementList%5D%5Bcategory_names%5D%5B0%5D=Maisons%20de%20la%20Vie%20Associative%20et%20Citoyenne",
        "contact": "",
        "source_url": "paris.fr",
        "pros": "",
        "cons": "",
        "confidence": "medium",
        "fit_score": 40,
        "last_checked": "2026-06-19"
      }
    },
    {
      "type": "Feature",
      "geometry": {
        "type": "Point",
        "coordinates": [
          2.343527,
          48.888055
        ]
      },
      "properties": {
        "id": "IDF-MISC-148",
        "name": "Paris.fr - Tous les centres Paris Anim'",
        "city": "Paris",
        "department": "75",
        "address": null,
        "geocode_score": 0.3734346753246753,
        "geocode_label": "Rue de la Bonne 75018 Paris",
        "category": "data_source",
        "capacity_text": "",
        "capacity_max_detected": "",
        "price_text": "Complete listing of all 49 Paris Anim centers on paris.fr.",
        "price_score": 50,
        "website": "https://www.paris.fr/pages/les-centres-d-animation-2390",
        "contact": "",
        "source_url": "paris.fr",
        "pros": "",
        "cons": "",
        "confidence": "medium",
        "fit_score": 40,
        "last_checked": "2026-06-19"
      }
    },
    {
      "type": "Feature",
      "geometry": {
        "type": "Point",
        "coordinates": [
          2.343527,
          48.888055
        ]
      },
      "properties": {
        "id": "IDF-MISC-149",
        "name": "meslieux.paris.fr - Centres d'animation",
        "city": "Paris",
        "department": "75",
        "address": null,
        "geocode_score": 0.3734346753246753,
        "geocode_label": "Rue de la Bonne 75018 Paris",
        "category": "data_source",
        "capacity_text": "",
        "capacity_max_detected": "",
        "price_text": "Searchable directory of all Paris municipal facilities with room details.",
        "price_score": 50,
        "website": "http://meslieux.paris.fr/centres-danimation",
        "contact": "",
        "source_url": "paris.fr",
        "pros": "",
        "cons": "",
        "confidence": "medium",
        "fit_score": 40,
        "last_checked": "2026-06-19"
      }
    },
    {
      "type": "Feature",
      "geometry": {
        "type": "Point",
        "coordinates": [
          2.19765,
          48.891781
        ]
      },
      "properties": {
        "id": "venue-150",
        "name": "Maison des Associatons du Parc des Anciennes Mairies",
        "city": "Nanterre",
        "department": "92",
        "address": "11 rue des Anciennes Mairies",
        "geocode_score": 0.969710909090909,
        "geocode_label": "11 Rue des Anciennes Mairies 92000 Nanterre",
        "category": "Maison des associations",
        "capacity_text": "3 salles polyvalentes + 12 bureaux",
        "capacity_max_detected": 12,
        "price_text": "",
        "price_score": 40,
        "website": "https://www.nanterre.fr",
        "contact": "01 41 37 76 13 / maison.associations@mairie-nanterre.fr",
        "source_url": "",
        "pros": "",
        "cons": "",
        "confidence": "medium",
        "fit_score": 67,
        "last_checked": "2026-06-19"
      }
    },
    {
      "type": "Feature",
      "geometry": {
        "type": "Point",
        "coordinates": [
          2.206936,
          48.892222
        ]
      },
      "properties": {
        "id": "venue-151",
        "name": "Salle de la Maison des Associations",
        "city": "Nanterre",
        "department": "92",
        "address": "1 Pl. du 27 Mars 2002",
        "geocode_score": 0.7438781818181818,
        "geocode_label": "1 Place du 27 Mars 2002 92000 Nanterre",
        "category": "Salle municipale",
        "capacity_text": "",
        "capacity_max_detected": "",
        "price_text": "",
        "price_score": 40,
        "website": "https://www.nanterre.fr",
        "contact": "01 47 29 50 50",
        "source_url": "",
        "pros": "",
        "cons": "",
        "confidence": "medium",
        "fit_score": 37,
        "last_checked": "2026-06-19"
      }
    },
    {
      "type": "Feature",
      "geometry": {
        "type": "Point",
        "coordinates": [
          2.213371,
          48.891291
        ]
      },
      "properties": {
        "id": "venue-152",
        "name": "Espace Chevreul",
        "city": "Nanterre",
        "department": "92",
        "address": "97 Avenue de la Liberté",
        "geocode_score": 0.9716327272727273,
        "geocode_label": "97 Avenue de la Liberté 92000 Nanterre",
        "category": "Espace événementiel",
        "capacity_text": "Plusieurs salles modulables",
        "capacity_max_detected": "",
        "price_text": "",
        "price_score": 40,
        "website": "https://www.espace-chevreul.fr",
        "contact": "",
        "source_url": "",
        "pros": "",
        "cons": "",
        "confidence": "medium",
        "fit_score": 24,
        "last_checked": "2026-06-19"
      }
    },
    {
      "type": "Feature",
      "geometry": {
        "type": "Point",
        "coordinates": [
          55.445498,
          -20.877234
        ]
      },
      "properties": {
        "id": "venue-153",
        "name": "Maison de la Vie Associative - Bourse du Travail",
        "city": "Saint-Denis",
        "department": "93",
        "address": "19 Rue de la Boulangerie",
        "geocode_score": 0.9740481818181818,
        "geocode_label": "19 Rue de la Boulangerie 97400 Saint-Denis",
        "category": "Maison des associations",
        "capacity_text": "",
        "capacity_max_detected": "",
        "price_text": "Gratuit (associations)/j",
        "price_score": 95,
        "website": "https://www.saintdenis.fr/association-reserver-salle",
        "contact": "maison.vie.associative@saintdenis.fr",
        "source_url": "",
        "pros": "",
        "cons": "",
        "confidence": "medium",
        "fit_score": 53,
        "last_checked": "2026-06-19"
      }
    },
    {
      "type": "Feature",
      "geometry": {
        "type": "Point",
        "coordinates": [
          2.162283,
          48.803998
        ]
      },
      "properties": {
        "id": "venue-154",
        "name": "Maison des Associations et de l'Emploi (MDAE)",
        "city": "Versailles",
        "department": "78",
        "address": "Bis place de Touraine",
        "geocode_score": 0.7664763343108504,
        "geocode_label": "Place de Touraine 78000 Versailles",
        "category": "Maison des associations",
        "capacity_text": "Salles de réunion",
        "capacity_max_detected": "",
        "price_text": "",
        "price_score": 40,
        "website": "https://www.versailles.fr/318/associations-et-quartiers/accompagnement-des-associations/maison-des-associations-et-de-l-emploi",
        "contact": "01 30 97 29 10",
        "source_url": "",
        "pros": "",
        "cons": "",
        "confidence": "medium",
        "fit_score": 33,
        "last_checked": "2026-06-19"
      }
    },
    {
      "type": "Feature",
      "geometry": {
        "type": "Point",
        "coordinates": [
          4.95649,
          45.771587
        ]
      },
      "properties": {
        "id": "venue-157",
        "name": "Salle 3 (Maison des Associations Aimé Césaire)",
        "city": "Clichy",
        "department": "92",
        "address": "Maison des Associations Aimé Césaire, Clichy",
        "geocode_score": 0.3174190611028316,
        "geocode_label": "Rue Aimé Césaire 69150 Décines-Charpieu",
        "category": "Salle de réunion",
        "capacity_text": "20 assises",
        "capacity_max_detected": 20,
        "price_text": "34 €/h",
        "price_score": 75,
        "website": "https://associations.ville-clichy.fr",
        "contact": "Direction de la vie associative",
        "source_url": "",
        "pros": "",
        "cons": "",
        "confidence": "medium",
        "fit_score": 69,
        "last_checked": "2026-06-19"
      }
    },
    {
      "type": "Feature",
      "geometry": {
        "type": "Point",
        "coordinates": [
          2.369913,
          48.908736
        ]
      },
      "properties": {
        "id": "venue-160",
        "name": "Salle Marcel Cachin",
        "city": "Aubervilliers",
        "department": "93",
        "address": "Aubervilliers",
        "geocode_score": 0.4580171428571428,
        "geocode_label": "Rue du Pilier 93300 Aubervilliers",
        "category": "Salle municipale",
        "capacity_text": "19 personnes",
        "capacity_max_detected": 19,
        "price_text": "Gratuit (associations)/j",
        "price_score": 95,
        "website": "https://associations.aubervilliers.fr",
        "contact": "vie.associative@mairie-aubervilliers.fr",
        "source_url": "",
        "pros": "",
        "cons": "",
        "confidence": "medium",
        "fit_score": 83,
        "last_checked": "2026-06-19"
      }
    },
    {
      "type": "Feature",
      "geometry": {
        "type": "Point",
        "coordinates": [
          2.369913,
          48.908736
        ]
      },
      "properties": {
        "id": "venue-162",
        "name": "Salle Danielle Casanova",
        "city": "Aubervilliers",
        "department": "93",
        "address": "Aubervilliers",
        "geocode_score": 0.4580171428571428,
        "geocode_label": "Rue du Pilier 93300 Aubervilliers",
        "category": "Salle municipale",
        "capacity_text": "19 personnes",
        "capacity_max_detected": 19,
        "price_text": "Gratuit (associations)/j",
        "price_score": 95,
        "website": "https://associations.aubervilliers.fr",
        "contact": "vie.associative@mairie-aubervilliers.fr",
        "source_url": "",
        "pros": "",
        "cons": "",
        "confidence": "medium",
        "fit_score": 83,
        "last_checked": "2026-06-19"
      }
    },
    {
      "type": "Feature",
      "geometry": {
        "type": "Point",
        "coordinates": [
          2.369913,
          48.908736
        ]
      },
      "properties": {
        "id": "venue-163",
        "name": "Salle L'Aquarium",
        "city": "Aubervilliers",
        "department": "93",
        "address": "Aubervilliers",
        "geocode_score": 0.4580171428571428,
        "geocode_label": "Rue du Pilier 93300 Aubervilliers",
        "category": "Salle municipale",
        "capacity_text": "19 personnes",
        "capacity_max_detected": 19,
        "price_text": "Gratuit (associations)/j",
        "price_score": 95,
        "website": "https://associations.aubervilliers.fr",
        "contact": "vie.associative@mairie-aubervilliers.fr",
        "source_url": "",
        "pros": "",
        "cons": "",
        "confidence": "medium",
        "fit_score": 83,
        "last_checked": "2026-06-19"
      }
    },
    {
      "type": "Feature",
      "geometry": {
        "type": "Point",
        "coordinates": [
          2.240718,
          48.880198
        ]
      },
      "properties": {
        "id": "venue-168",
        "name": "Théâtre de Puteaux - Espace de spectacle",
        "city": "Puteaux",
        "department": "92",
        "address": "5 rue Henri Martin",
        "geocode_score": 0.9589990909090909,
        "geocode_label": "5 Rue Henri Martin 92800 Puteaux",
        "category": "Salle de spectacle",
        "capacity_text": "743 places",
        "capacity_max_detected": "",
        "price_text": "1800 € (résident) / 3600 € (non-résident)/j",
        "price_score": 50,
        "website": "https://www.puteaux.fr/vos-demarches/locations-des-salles-municipales",
        "contact": "",
        "source_url": "",
        "pros": "",
        "cons": "",
        "confidence": "medium",
        "fit_score": 27,
        "last_checked": "2026-06-19"
      }
    },
    {
      "type": "Feature",
      "geometry": {
        "type": "Point",
        "coordinates": [
          2.223101,
          48.8802
        ]
      },
      "properties": {
        "id": "venue-169",
        "name": "Salle de l'Esplanade",
        "city": "Suresnes",
        "department": "92",
        "address": "Suresnes",
        "geocode_score": 0.44179965034965035,
        "geocode_label": "Rue des Chênes 92150 Suresnes",
        "category": "Salle municipale",
        "capacity_text": "",
        "capacity_max_detected": "",
        "price_text": "",
        "price_score": 40,
        "website": "https://www.suresnes.fr/demarche-administrative/location-de-salles",
        "contact": "01 41 18 19 20",
        "source_url": "",
        "pros": "",
        "cons": "",
        "confidence": "medium",
        "fit_score": 37,
        "last_checked": "2026-06-19"
      }
    },
    {
      "type": "Feature",
      "geometry": {
        "type": "Point",
        "coordinates": [
          2.273842,
          48.824403
        ]
      },
      "properties": {
        "id": "venue-174",
        "name": "Salle Multimédia La Marseillaise (Hôtel de Ville)",
        "city": "Issy-les-Moulineaux",
        "department": "92",
        "address": "62 rue du Général Leclerc",
        "geocode_score": 0.9735572727272727,
        "geocode_label": "62 Rue du Général Leclerc 92130 Issy-les-Moulineaux",
        "category": "Salle municipale",
        "capacity_text": "",
        "capacity_max_detected": "",
        "price_text": "",
        "price_score": 40,
        "website": "https://www.issy.com/location",
        "contact": "01 41 23 87 00 (Issy Tourisme)",
        "source_url": "",
        "pros": "",
        "cons": "",
        "confidence": "medium",
        "fit_score": 37,
        "last_checked": "2026-06-19"
      }
    },
    {
      "type": "Feature",
      "geometry": {
        "type": "Point",
        "coordinates": [
          2.316083,
          48.769282
        ]
      },
      "properties": {
        "id": "venue-176",
        "name": "Maison Des Associations (ex-Poste Quartier Lafontaine)",
        "city": "Antony",
        "department": "92",
        "address": "105 avenue Saint Exupéry",
        "geocode_score": 0.974821818181818,
        "geocode_label": "105 Avenue Saint Exupery 92160 Antony",
        "category": "Maison des associations",
        "capacity_text": "20 places environ",
        "capacity_max_detected": 20,
        "price_text": "",
        "price_score": 40,
        "website": "https://www.ville-antony.fr/locations-salles-municipales",
        "contact": "",
        "source_url": "",
        "pros": "",
        "cons": "",
        "confidence": "medium",
        "fit_score": 62,
        "last_checked": "2026-06-19"
      }
    },
    {
      "type": "Feature",
      "geometry": {
        "type": "Point",
        "coordinates": [
          2.988111,
          42.72487
        ]
      },
      "properties": {
        "id": "venue-177",
        "name": "Salle du Mont Blanc",
        "city": "Antony",
        "department": "92",
        "address": "Antony",
        "geocode_score": 0.41685272727272726,
        "geocode_label": "Sant Antoni 66410 Villelongue-de-la-Salanque",
        "category": "Salle municipale",
        "capacity_text": "",
        "capacity_max_detected": "",
        "price_text": "",
        "price_score": 40,
        "website": "https://www.ville-antony.fr/locations-salles-municipales",
        "contact": "01 40 96 73 68 (relations publiques)",
        "source_url": "",
        "pros": "",
        "cons": "",
        "confidence": "medium",
        "fit_score": 37,
        "last_checked": "2026-06-19"
      }
    },
    {
      "type": "Feature",
      "geometry": {
        "type": "Point",
        "coordinates": [
          2.988111,
          42.72487
        ]
      },
      "properties": {
        "id": "venue-178",
        "name": "Salle André Malraux - Cafétéria",
        "city": "Antony",
        "department": "92",
        "address": "Antony",
        "geocode_score": 0.41685272727272726,
        "geocode_label": "Sant Antoni 66410 Villelongue-de-la-Salanque",
        "category": "Salle municipale",
        "capacity_text": "",
        "capacity_max_detected": "",
        "price_text": "",
        "price_score": 40,
        "website": "https://www.ville-antony.fr/locations-salles-municipales",
        "contact": "01 40 96 73 68",
        "source_url": "",
        "pros": "",
        "cons": "",
        "confidence": "medium",
        "fit_score": 37,
        "last_checked": "2026-06-19"
      }
    },
    {
      "type": "Feature",
      "geometry": {
        "type": "Point",
        "coordinates": [
          2.988111,
          42.72487
        ]
      },
      "properties": {
        "id": "venue-179",
        "name": "Salle André Malraux - Restaurant",
        "city": "Antony",
        "department": "92",
        "address": "Antony",
        "geocode_score": 0.41685272727272726,
        "geocode_label": "Sant Antoni 66410 Villelongue-de-la-Salanque",
        "category": "Salle municipale",
        "capacity_text": "",
        "capacity_max_detected": "",
        "price_text": "",
        "price_score": 40,
        "website": "https://www.ville-antony.fr/locations-salles-municipales",
        "contact": "01 40 96 73 68",
        "source_url": "",
        "pros": "",
        "cons": "",
        "confidence": "medium",
        "fit_score": 37,
        "last_checked": "2026-06-19"
      }
    },
    {
      "type": "Feature",
      "geometry": {
        "type": "Point",
        "coordinates": [
          2.530565,
          48.84602
        ]
      },
      "properties": {
        "id": "venue-180",
        "name": "Le Grand Cordel MJC - Salle polyvalente",
        "city": "Noisy-le-Grand",
        "department": "93",
        "address": "Noisy-le-Grand",
        "geocode_score": 0.49306291866028706,
        "geocode_label": "Rue Léo Lagrange 93160 Noisy-le-Grand",
        "category": "MJC",
        "capacity_text": "",
        "capacity_max_detected": "",
        "price_text": "",
        "price_score": 40,
        "website": "https://www.grand-cordel.com/pratique-2/location-de-salle",
        "contact": "accueil@grand-cordel.com",
        "source_url": "",
        "pros": "",
        "cons": "",
        "confidence": "medium",
        "fit_score": 29,
        "last_checked": "2026-06-19"
      }
    },
    {
      "type": "Feature",
      "geometry": {
        "type": "Point",
        "coordinates": [
          2.530565,
          48.84602
        ]
      },
      "properties": {
        "id": "venue-181",
        "name": "Le Grand Cordel MJC - Salle de danse",
        "city": "Noisy-le-Grand",
        "department": "93",
        "address": "Noisy-le-Grand",
        "geocode_score": 0.49306291866028706,
        "geocode_label": "Rue Léo Lagrange 93160 Noisy-le-Grand",
        "category": "MJC",
        "capacity_text": "",
        "capacity_max_detected": "",
        "price_text": "",
        "price_score": 40,
        "website": "https://www.grand-cordel.com/pratique-2/location-de-salle",
        "contact": "accueil@grand-cordel.com",
        "source_url": "",
        "pros": "",
        "cons": "",
        "confidence": "medium",
        "fit_score": 29,
        "last_checked": "2026-06-19"
      }
    },
    {
      "type": "Feature",
      "geometry": {
        "type": "Point",
        "coordinates": [
          2.530565,
          48.84602
        ]
      },
      "properties": {
        "id": "venue-182",
        "name": "Le Grand Cordel MJC - Salle de spectacle",
        "city": "Noisy-le-Grand",
        "department": "93",
        "address": "Noisy-le-Grand",
        "geocode_score": 0.49306291866028706,
        "geocode_label": "Rue Léo Lagrange 93160 Noisy-le-Grand",
        "category": "MJC",
        "capacity_text": "",
        "capacity_max_detected": "",
        "price_text": "",
        "price_score": 40,
        "website": "https://www.grand-cordel.com/pratique-2/location-de-salle",
        "contact": "accueil@grand-cordel.com (caution: 1000 €)",
        "source_url": "",
        "pros": "",
        "cons": "",
        "confidence": "medium",
        "fit_score": 29,
        "last_checked": "2026-06-19"
      }
    },
    {
      "type": "Feature",
      "geometry": {
        "type": "Point",
        "coordinates": [
          1.988944,
          48.781694
        ]
      },
      "properties": {
        "id": "venue-184",
        "name": "Maison des Associations (Espace 1901)",
        "city": "Trappes",
        "department": "78",
        "address": "22 rue Maurice Ravel",
        "geocode_score": 0.9675099999999999,
        "geocode_label": "22 Rue Maurice Ravel 78190 Trappes",
        "category": "Maison des associations",
        "capacity_text": "Salles de réunion",
        "capacity_max_detected": "",
        "price_text": "",
        "price_score": 40,
        "website": "https://trappes.fr/ca-bouge/vie-associative/espace-1901-maison-des-associations",
        "contact": "01 30 69 17 00",
        "source_url": "",
        "pros": "",
        "cons": "",
        "confidence": "medium",
        "fit_score": 33,
        "last_checked": "2026-06-19"
      }
    },
    {
      "type": "Feature",
      "geometry": {
        "type": "Point",
        "coordinates": [
          2.148911,
          48.853971
        ]
      },
      "properties": {
        "id": "venue-185",
        "name": "Maison des Associations de Colombes",
        "city": "Colombes",
        "department": "92",
        "address": "Colombes",
        "geocode_score": 0.5342879679144384,
        "geocode_label": "Les Colombes 78170 La Celle-Saint-Cloud",
        "category": "Maison des associations",
        "capacity_text": "",
        "capacity_max_detected": "",
        "price_text": "",
        "price_score": 40,
        "website": "https://www.colombes.fr",
        "contact": "01 47 60 82 98 / vie-associative@mairie-colombes.fr",
        "source_url": "",
        "pros": "",
        "cons": "",
        "confidence": "medium",
        "fit_score": 37,
        "last_checked": "2026-06-19"
      }
    },
    {
      "type": "Feature",
      "geometry": {
        "type": "Point",
        "coordinates": [
          2.257527,
          48.894508
        ]
      },
      "properties": {
        "id": "venue-186",
        "name": "Espace Molière",
        "city": "Courbevoie",
        "department": "92",
        "address": "25 rue Molière",
        "geocode_score": 0.9698290909090909,
        "geocode_label": "25 Rue Molière 92400 Courbevoie",
        "category": "Espace associatif",
        "capacity_text": "",
        "capacity_max_detected": "",
        "price_text": "",
        "price_score": 40,
        "website": "https://associations.ville-courbevoie.fr",
        "contact": "01 80 03 60 17 / vieasso.com@ville-courbevoie.fr",
        "source_url": "",
        "pros": "",
        "cons": "",
        "confidence": "medium",
        "fit_score": 29,
        "last_checked": "2026-06-19"
      }
    },
    {
      "type": "Feature",
      "geometry": {
        "type": "Point",
        "coordinates": [
          2.236005,
          48.897528
        ]
      },
      "properties": {
        "id": "venue-187",
        "name": "Espace Millénaire",
        "city": "Courbevoie",
        "department": "92",
        "address": "22 promenade du Millénaire",
        "geocode_score": 0.9664763636363635,
        "geocode_label": "22 Promenade Du Millénaire 92400 Courbevoie",
        "category": "Espace associatif",
        "capacity_text": "",
        "capacity_max_detected": "",
        "price_text": "",
        "price_score": 40,
        "website": "https://associations.ville-courbevoie.fr",
        "contact": "01 80 03 60 17 / vieasso.com@ville-courbevoie.fr",
        "source_url": "",
        "pros": "",
        "cons": "",
        "confidence": "medium",
        "fit_score": 29,
        "last_checked": "2026-06-19"
      }
    },
    {
      "type": "Feature",
      "geometry": {
        "type": "Point",
        "coordinates": [
          2.242284,
          48.894048
        ]
      },
      "properties": {
        "id": "venue-188",
        "name": "Espace Regnault",
        "city": "Courbevoie",
        "department": "92",
        "address": "12 square Henri Regnault",
        "geocode_score": 0.9675718181818181,
        "geocode_label": "12 Square Henri Régnault 92400 Courbevoie",
        "category": "Espace associatif",
        "capacity_text": "",
        "capacity_max_detected": "",
        "price_text": "",
        "price_score": 40,
        "website": "https://associations.ville-courbevoie.fr",
        "contact": "01 80 03 60 17",
        "source_url": "",
        "pros": "",
        "cons": "",
        "confidence": "medium",
        "fit_score": 29,
        "last_checked": "2026-06-19"
      }
    },
    {
      "type": "Feature",
      "geometry": {
        "type": "Point",
        "coordinates": [
          2.238387,
          48.898016
        ]
      },
      "properties": {
        "id": "venue-189",
        "name": "Espace Vinci",
        "city": "Courbevoie",
        "department": "92",
        "address": "36 avenue de l'Arche",
        "geocode_score": 0.9758236363636363,
        "geocode_label": "36 Avenue De L'Arche 92400 Courbevoie",
        "category": "Espace associatif",
        "capacity_text": "",
        "capacity_max_detected": "",
        "price_text": "",
        "price_score": 40,
        "website": "https://associations.ville-courbevoie.fr",
        "contact": "01 80 03 60 17",
        "source_url": "",
        "pros": "",
        "cons": "",
        "confidence": "medium",
        "fit_score": 29,
        "last_checked": "2026-06-19"
      }
    },
    {
      "type": "Feature",
      "geometry": {
        "type": "Point",
        "coordinates": [
          2.270522,
          48.903293
        ]
      },
      "properties": {
        "id": "venue-190",
        "name": "Salle Esperet",
        "city": "Courbevoie",
        "department": "92",
        "address": "125 rue Armand Silvestre",
        "geocode_score": 0.9781981818181816,
        "geocode_label": "125 Rue Armand Silvestre 92400 Courbevoie",
        "category": "Salle municipale",
        "capacity_text": "",
        "capacity_max_detected": "",
        "price_text": "",
        "price_score": 40,
        "website": "https://associations.ville-courbevoie.fr",
        "contact": "01 80 03 60 17",
        "source_url": "",
        "pros": "",
        "cons": "",
        "confidence": "medium",
        "fit_score": 37,
        "last_checked": "2026-06-19"
      }
    },
    {
      "type": "Feature",
      "geometry": {
        "type": "Point",
        "coordinates": [
          2.257633,
          48.895715
        ]
      },
      "properties": {
        "id": "venue-191",
        "name": "Salle Sacha Guitry (Centre culturel)",
        "city": "Courbevoie",
        "department": "92",
        "address": "14 bis square de l'Hôtel de Ville",
        "geocode_score": 0.817026694214876,
        "geocode_label": "14bis Square De L'Hôtel De Ville 92400 Courbevoie",
        "category": "Salle municipale",
        "capacity_text": "",
        "capacity_max_detected": "",
        "price_text": "",
        "price_score": 40,
        "website": "https://associations.ville-courbevoie.fr",
        "contact": "",
        "source_url": "",
        "pros": "",
        "cons": "",
        "confidence": "medium",
        "fit_score": 32,
        "last_checked": "2026-06-19"
      }
    },
    {
      "type": "Feature",
      "geometry": {
        "type": "Point",
        "coordinates": [
          2.421515,
          48.925107
        ]
      },
      "properties": {
        "id": "venue-200",
        "name": "Foyer Daisy",
        "city": "Drancy",
        "department": "93",
        "address": "35 rue Daisy",
        "geocode_score": 0.973091818181818,
        "geocode_label": "35 Rue Daisy 93700 Drancy",
        "category": "Salle municipale",
        "capacity_text": "",
        "capacity_max_detected": "",
        "price_text": "",
        "price_score": 40,
        "website": "https://www.drancy.fr",
        "contact": "",
        "source_url": "",
        "pros": "",
        "cons": "",
        "confidence": "medium",
        "fit_score": 32,
        "last_checked": "2026-06-19"
      }
    },
    {
      "type": "Feature",
      "geometry": {
        "type": "Point",
        "coordinates": [
          2.451022,
          48.933914
        ]
      },
      "properties": {
        "id": "venue-201",
        "name": "Maison du Temps libre (salle Albert Liard)",
        "city": "Drancy",
        "department": "93",
        "address": "12 rue Étienne Dolet",
        "geocode_score": 0.9683436363636363,
        "geocode_label": "12 Rue Etienne Dolet 93700 Drancy",
        "category": "Salle municipale",
        "capacity_text": "",
        "capacity_max_detected": "",
        "price_text": "",
        "price_score": 40,
        "website": "https://www.drancy.fr",
        "contact": "",
        "source_url": "",
        "pros": "",
        "cons": "",
        "confidence": "medium",
        "fit_score": 32,
        "last_checked": "2026-06-19"
      }
    },
    {
      "type": "Feature",
      "geometry": {
        "type": "Point",
        "coordinates": [
          2.433537,
          48.916682
        ]
      },
      "properties": {
        "id": "venue-202",
        "name": "Maison Orange (MJC)",
        "city": "Drancy",
        "department": "93",
        "address": "21 rue Fernand Péna",
        "geocode_score": 0.7827490909090908,
        "geocode_label": "Rue Fernand Pena 93700 Drancy",
        "category": "MJC",
        "capacity_text": "",
        "capacity_max_detected": "",
        "price_text": "",
        "price_score": 40,
        "website": "https://www.drancy.fr",
        "contact": "",
        "source_url": "",
        "pros": "",
        "cons": "",
        "confidence": "medium",
        "fit_score": 24,
        "last_checked": "2026-06-19"
      }
    },
    {
      "type": "Feature",
      "geometry": {
        "type": "Point",
        "coordinates": [
          2.388638,
          48.788629
        ]
      },
      "properties": {
        "id": "venue-206",
        "name": "Maison de la Vie Associative",
        "city": "Vitry-sur-Seine",
        "department": "94",
        "address": "2 avenue Youri Gagarine",
        "geocode_score": 0.9699845454545454,
        "geocode_label": "2 Avenue Youri Gagarine 94400 Vitry-sur-Seine",
        "category": "Maison des associations",
        "capacity_text": "8 salles, ~650 événements/an",
        "capacity_max_detected": 8,
        "price_text": "",
        "price_score": 40,
        "website": "https://www.vitry94.fr/45/locations-de-salles.htm",
        "contact": "01 46 82 80 00",
        "source_url": "",
        "pros": "",
        "cons": "",
        "confidence": "medium",
        "fit_score": 72,
        "last_checked": "2026-06-19"
      }
    },
    {
      "type": "Feature",
      "geometry": {
        "type": "Point",
        "coordinates": [
          2.388115,
          48.812041
        ]
      },
      "properties": {
        "id": "venue-207",
        "name": "Espace Robespierre",
        "city": "Ivry-sur-Seine",
        "department": "94",
        "address": "Esplanade Georges Marrane",
        "geocode_score": 0.9576263636363634,
        "geocode_label": "Esplanade Georges Marrane 94200 Ivry-sur-Seine",
        "category": "Centre socioculturel",
        "capacity_text": "",
        "capacity_max_detected": "",
        "price_text": "",
        "price_score": 40,
        "website": "https://www.ivry94.fr/45/locations-de-salles.htm",
        "contact": "01 49 60 25 08",
        "source_url": "",
        "pros": "",
        "cons": "",
        "confidence": "medium",
        "fit_score": 29,
        "last_checked": "2026-06-19"
      }
    },
    {
      "type": "Feature",
      "geometry": {
        "type": "Point",
        "coordinates": [
          2.451724,
          48.78708
        ]
      },
      "properties": {
        "id": "venue-208",
        "name": "MJC Club de Créteil",
        "city": "Créteil",
        "department": "94",
        "address": "3 rue Charpy (ancien 9 rue Charpy)",
        "geocode_score": 0.4519304895104895,
        "geocode_label": "3 Rue Charpy 94000 Créteil",
        "category": "MJC",
        "capacity_text": "",
        "capacity_max_detected": "",
        "price_text": "",
        "price_score": 40,
        "website": "https://www.mjcclub.com",
        "contact": "01 48 99 75 40 / infos@clubdecreteil.asso.fr",
        "source_url": "",
        "pros": "",
        "cons": "",
        "confidence": "medium",
        "fit_score": 29,
        "last_checked": "2026-06-19"
      }
    },
    {
      "type": "Feature",
      "geometry": {
        "type": "Point",
        "coordinates": [
          2.464319,
          48.791484
        ]
      },
      "properties": {
        "id": "venue-209",
        "name": "MJC Village (Centre culturel et artistique)",
        "city": "Créteil",
        "department": "94",
        "address": "57 rue du Général Leclerc",
        "geocode_score": 0.9808954545454546,
        "geocode_label": "57 Rue du Général Leclerc 94000 Créteil",
        "category": "MJC",
        "capacity_text": "",
        "capacity_max_detected": "",
        "price_text": "",
        "price_score": 40,
        "website": null,
        "contact": "",
        "source_url": "",
        "pros": "",
        "cons": "",
        "confidence": "medium",
        "fit_score": 24,
        "last_checked": "2026-06-19"
      }
    },
    {
      "type": "Feature",
      "geometry": {
        "type": "Point",
        "coordinates": [
          2.466465,
          48.792557
        ]
      },
      "properties": {
        "id": "venue-210",
        "name": "Salle René Renaud (polyvalente)",
        "city": "Créteil",
        "department": "94",
        "address": "7 rue des Écoles",
        "geocode_score": 0.9768654545454544,
        "geocode_label": "7 Rue des Ecoles 94000 Créteil",
        "category": "Salle municipale",
        "capacity_text": "",
        "capacity_max_detected": "",
        "price_text": "",
        "price_score": 40,
        "website": null,
        "contact": "",
        "source_url": "",
        "pros": "",
        "cons": "",
        "confidence": "medium",
        "fit_score": 32,
        "last_checked": "2026-06-19"
      }
    },
    {
      "type": "Feature",
      "geometry": {
        "type": "Point",
        "coordinates": [
          2.434873,
          48.860953
        ]
      },
      "properties": {
        "id": "venue-211",
        "name": "Maison des Associations de Montreuil",
        "city": "Montreuil",
        "department": "93",
        "address": "35 avenue de la Résistance",
        "geocode_score": 0.9761872727272727,
        "geocode_label": "35 Avenue de la Résistance 93100 Montreuil",
        "category": "Maison des associations",
        "capacity_text": "",
        "capacity_max_detected": "",
        "price_text": "",
        "price_score": 40,
        "website": "https://www.montreuil.fr",
        "contact": "",
        "source_url": "",
        "pros": "",
        "cons": "",
        "confidence": "medium",
        "fit_score": 32,
        "last_checked": "2026-06-19"
      }
    },
    {
      "type": "Feature",
      "geometry": {
        "type": "Point",
        "coordinates": [
          0.48025,
          48.933749
        ]
      },
      "properties": {
        "id": "venue-212",
        "name": "SMRVA - Service Municipal des Relations avec la Vie Associative",
        "city": "Montreuil",
        "department": "93",
        "address": "Montreuil",
        "geocode_score": 0.6711263636363636,
        "geocode_label": "Bois de Montreuil 27390 Montreuil-l'Argillé",
        "category": "Service municipal",
        "capacity_text": "",
        "capacity_max_detected": "",
        "price_text": "Gratuit (associations)/j",
        "price_score": 95,
        "website": "https://www.montreuil.fr/ville-et-citoyennete/vie-associative/la-ville-vous-soutient-et-vous-informe/demande-de-salles-aupres-du-service-municipal-des-relations-avec-la-vie-associative",
        "contact": "",
        "source_url": "",
        "pros": "",
        "cons": "",
        "confidence": "medium",
        "fit_score": 48,
        "last_checked": "2026-06-19"
      }
    },
    {
      "type": "Feature",
      "geometry": {
        "type": "Point",
        "coordinates": [
          2.162283,
          48.803998
        ]
      },
      "properties": {
        "id": "venue-214",
        "name": "Maison des Associations (MDAE)",
        "city": "Versailles",
        "department": "78",
        "address": "Bis place de Touraine, Versailles",
        "geocode_score": 0.5798403896103896,
        "geocode_label": "Place de Touraine 78000 Versailles",
        "category": "Maison des associations",
        "capacity_text": "Salles de réunion",
        "capacity_max_detected": "",
        "price_text": "",
        "price_score": 40,
        "website": "https://www.versailles.fr",
        "contact": "01 30 97 29 10",
        "source_url": "",
        "pros": "",
        "cons": "",
        "confidence": "medium",
        "fit_score": 33,
        "last_checked": "2026-06-19"
      }
    },
    {
      "type": "Feature",
      "geometry": {
        "type": "Point",
        "coordinates": [
          2.407817,
          48.763818
        ]
      },
      "properties": {
        "id": "venue-216",
        "name": "MCVA - Hubertine Auclert",
        "city": "Choisy-le-Roi",
        "department": "94",
        "address": "Allée de Normandie",
        "geocode_score": 0.5084920979020979,
        "geocode_label": "Allee de Provence 94600 Choisy-le-Roi",
        "category": "Centre socioculturel",
        "capacity_text": "",
        "capacity_max_detected": "",
        "price_text": "",
        "price_score": 40,
        "website": "https://www.choisyleroi.fr",
        "contact": "01 48 92 41 66 / rp@choisyleroi.fr",
        "source_url": "",
        "pros": "",
        "cons": "",
        "confidence": "medium",
        "fit_score": 29,
        "last_checked": "2026-06-19"
      }
    },
    {
      "type": "Feature",
      "geometry": {
        "type": "Point",
        "coordinates": [
          2.410308,
          48.764093
        ]
      },
      "properties": {
        "id": "venue-217",
        "name": "Salle Le Royal (polyvalente)",
        "city": "Choisy-le-Roi",
        "department": "94",
        "address": "13 avenue Anatole France",
        "geocode_score": 0.9749127272727272,
        "geocode_label": "13 Avenue Anatole France 94600 Choisy-le-Roi",
        "category": "Salle des fêtes",
        "capacity_text": "",
        "capacity_max_detected": "",
        "price_text": "",
        "price_score": 40,
        "website": "https://www.choisyleroi.fr",
        "contact": "01 48 92 41 66 / rp@choisyleroi.fr",
        "source_url": "",
        "pros": "",
        "cons": "",
        "confidence": "medium",
        "fit_score": 29,
        "last_checked": "2026-06-19"
      }
    },
    {
      "type": "Feature",
      "geometry": {
        "type": "Point",
        "coordinates": [
          2.476204,
          48.846577
        ]
      },
      "properties": {
        "id": "venue-219",
        "name": "Salle de convivialité (5 salles)",
        "city": "Fontenay-sous-Bois",
        "department": "94",
        "address": "16 Rue du Révérend Père Lucien Aubry (MDCVA)",
        "geocode_score": 0.7005718181818181,
        "geocode_label": "16 Rue du Reverend Pere Aubry 94120 Fontenay-sous-Bois",
        "category": "Centre socioculturel",
        "capacity_text": "19 personnes (par salle)",
        "capacity_max_detected": 19,
        "price_text": "400 € (week-end particulier)/j",
        "price_score": 50,
        "website": "https://www.fontenay.fr/je-participe-a-fontenay/location-de-salle.html",
        "contact": "01 49 74 74 74",
        "source_url": "",
        "pros": "",
        "cons": "",
        "confidence": "medium",
        "fit_score": 62,
        "last_checked": "2026-06-19"
      }
    },
    {
      "type": "Feature",
      "geometry": {
        "type": "Point",
        "coordinates": [
          2.226624,
          48.870274
        ]
      },
      "properties": {
        "id": "venue-221",
        "name": "Salles municipales (service Vie associative)",
        "city": "Suresnes",
        "department": "92",
        "address": "7/9 rue du Mont-Valérien",
        "geocode_score": 0.8249754545454544,
        "geocode_label": "9 Rue du Mont Valérien 92150 Suresnes",
        "category": "Salle municipale",
        "capacity_text": "",
        "capacity_max_detected": "",
        "price_text": "",
        "price_score": 40,
        "website": "https://www.suresnes.fr/demarche-administrative/location-de-salles",
        "contact": "01 41 18 19 20",
        "source_url": "",
        "pros": "",
        "cons": "",
        "confidence": "medium",
        "fit_score": 37,
        "last_checked": "2026-06-19"
      }
    },
    {
      "type": "Feature",
      "geometry": {
        "type": "Point",
        "coordinates": [
          2.193277,
          48.882124
        ]
      },
      "properties": {
        "id": "venue-222",
        "name": "Réservation salle associative (18 salles)",
        "city": "Rueil-Malmaison",
        "department": "92",
        "address": "Rueil-Malmaison",
        "geocode_score": 0.5644445454545455,
        "geocode_label": "Rue Mac Mahon 92500 Rueil-Malmaison",
        "category": "Salle municipale",
        "capacity_text": "",
        "capacity_max_detected": "",
        "price_text": "Gratuit (associations ponctuel)/j",
        "price_score": 95,
        "website": "https://www.villes-internet.net",
        "contact": "",
        "source_url": "",
        "pros": "",
        "cons": "",
        "confidence": "medium",
        "fit_score": 48,
        "last_checked": "2026-06-19"
      }
    },
    {
      "type": "Feature",
      "geometry": {
        "type": "Point",
        "coordinates": [
          2.40845,
          48.974185
        ]
      },
      "properties": {
        "id": "venue-224",
        "name": "Salles municipales (Garges-lès-Gonesse)",
        "city": "Garges-lès-Gonesse",
        "department": "95",
        "address": "Garges-lès-Gonesse",
        "geocode_score": 0.5346954545454545,
        "geocode_label": "Allée Georges Brassens 95140 Garges-lès-Gonesse",
        "category": "Salle municipale",
        "capacity_text": "",
        "capacity_max_detected": "",
        "price_text": "",
        "price_score": 40,
        "website": "https://www.villedegarges.fr/sport-culture-loisirs/vie-associative/la-ville-accompagne-ses-associations-au-quotidien",
        "contact": "",
        "source_url": "",
        "pros": "",
        "cons": "",
        "confidence": "medium",
        "fit_score": 28,
        "last_checked": "2026-06-19"
      }
    },
    {
      "type": "Feature",
      "geometry": {
        "type": "Point",
        "coordinates": [
          2.382665,
          48.769152
        ]
      },
      "properties": {
        "id": "venue-225",
        "name": "Salles municipales (Thiais)",
        "city": "Thiais",
        "department": "94",
        "address": "52/54 rue de la Saussaie",
        "geocode_score": 0.795640909090909,
        "geocode_label": "54 Rue de la Saussaie 94320 Thiais",
        "category": "Salle municipale",
        "capacity_text": "",
        "capacity_max_detected": "",
        "price_text": "",
        "price_score": 40,
        "website": "https://www.ville-thiais.fr/reservation-de-salle",
        "contact": "01 48 92 43 78 / salles.municipales@ville-thiais.fr",
        "source_url": "",
        "pros": "",
        "cons": "",
        "confidence": "medium",
        "fit_score": 37,
        "last_checked": "2026-06-19"
      }
    },
    {
      "type": "Feature",
      "geometry": {
        "type": "Point",
        "coordinates": [
          2.552586,
          48.960483
        ]
      },
      "properties": {
        "id": "venue-230",
        "name": "Salle Jacques Brel (Espaces V)",
        "city": "Villepinte",
        "department": "93",
        "address": "1 av. Jean-Fourgeaud, Espaces V – Roger Lefort",
        "geocode_score": 0.4565456937799042,
        "geocode_label": "1 Avenue Jean Fourgeaud 93420 Villepinte",
        "category": "Salle des fêtes",
        "capacity_text": "650 personnes (860 m²)",
        "capacity_max_detected": "",
        "price_text": "1044 € (assoc.)/j",
        "price_score": 50,
        "website": "https://ville-villepinte.fr/loisirs/je-loue-une-salle",
        "contact": "",
        "source_url": "",
        "pros": "",
        "cons": "",
        "confidence": "medium",
        "fit_score": 27,
        "last_checked": "2026-06-19"
      }
    },
    {
      "type": "Feature",
      "geometry": {
        "type": "Point",
        "coordinates": [
          2.439456,
          48.616034
        ]
      },
      "properties": {
        "id": "venue-236",
        "name": "Salle Victor Schœlcher",
        "city": "Évry-Courcouronnes",
        "department": "91",
        "address": "16 boulevard Louise Michel",
        "geocode_score": 0.9694127272727272,
        "geocode_label": "16 Boulevard Louise Michel 91000 Évry-Courcouronnes",
        "category": "Salle municipale",
        "capacity_text": "",
        "capacity_max_detected": "",
        "price_text": "",
        "price_score": 40,
        "website": "https://evrycourcouronnes.fr/demarches/reserver-une-salle-municipale",
        "contact": "",
        "source_url": "",
        "pros": "",
        "cons": "",
        "confidence": "medium",
        "fit_score": 28,
        "last_checked": "2026-06-19"
      }
    },
    {
      "type": "Feature",
      "geometry": {
        "type": "Point",
        "coordinates": [
          2.435623,
          48.632827
        ]
      },
      "properties": {
        "id": "venue-237",
        "name": "Salle Bexley",
        "city": "Évry-Courcouronnes",
        "department": "91",
        "address": "7 rue Montespan",
        "geocode_score": 0.9645899999999998,
        "geocode_label": "7 Rue Montespan 91000 Évry-Courcouronnes",
        "category": "Salle municipale",
        "capacity_text": "",
        "capacity_max_detected": "",
        "price_text": "",
        "price_score": 40,
        "website": "https://evrycourcouronnes.fr/demarches/reserver-une-salle-municipale",
        "contact": "",
        "source_url": "",
        "pros": "",
        "cons": "",
        "confidence": "medium",
        "fit_score": 28,
        "last_checked": "2026-06-19"
      }
    },
    {
      "type": "Feature",
      "geometry": {
        "type": "Point",
        "coordinates": [
          2.345115,
          48.675487
        ]
      },
      "properties": {
        "id": "venue-240",
        "name": "Maison des Associations Séron (Salles 1-9)",
        "city": "Savigny-sur-Orge",
        "department": "91",
        "address": "86 Rue Vigier",
        "geocode_score": 0.9712290909090908,
        "geocode_label": "86 Rue Vigier 91600 Savigny-sur-Orge",
        "category": "Maison des associations",
        "capacity_text": "9 salles",
        "capacity_max_detected": 9,
        "price_text": "",
        "price_score": 40,
        "website": "https://www.savigny.org/reservation-de-salle-savigny-91",
        "contact": "",
        "source_url": "",
        "pros": "",
        "cons": "",
        "confidence": "medium",
        "fit_score": 63,
        "last_checked": "2026-06-19"
      }
    },
    {
      "type": "Feature",
      "geometry": {
        "type": "Point",
        "coordinates": [
          2.187095,
          49.284517
        ]
      },
      "properties": {
        "id": "venue-244",
        "name": "Salle Cabernet (salle municipale)",
        "city": "Sainte-Geneviève-des-Bois",
        "department": "91",
        "address": "Sainte-Geneviève-des-Bois",
        "geocode_score": 0.66092935828877,
        "geocode_label": "Bois de Sainte-Geneviève 60730 Sainte-Geneviève",
        "category": "Salle municipale",
        "capacity_text": "",
        "capacity_max_detected": "",
        "price_text": "",
        "price_score": 40,
        "website": "https://www.sgdb91.com/la-location-de-salle",
        "contact": "01 69 46 80 81",
        "source_url": "",
        "pros": "",
        "cons": "",
        "confidence": "medium",
        "fit_score": 33,
        "last_checked": "2026-06-19"
      }
    },
    {
      "type": "Feature",
      "geometry": {
        "type": "Point",
        "coordinates": [
          2.187095,
          49.284517
        ]
      },
      "properties": {
        "id": "venue-245",
        "name": "Salle des Associations",
        "city": "Sainte-Geneviève-des-Bois",
        "department": "91",
        "address": "Sainte-Geneviève-des-Bois",
        "geocode_score": 0.66092935828877,
        "geocode_label": "Bois de Sainte-Geneviève 60730 Sainte-Geneviève",
        "category": "Maison des associations",
        "capacity_text": "4 salles pour particuliers",
        "capacity_max_detected": 4,
        "price_text": "",
        "price_score": 40,
        "website": "https://www.sgdb91.com/la-location-de-salle",
        "contact": "01 69 46 80 81 / Espace François Mauriac",
        "source_url": "",
        "pros": "",
        "cons": "",
        "confidence": "medium",
        "fit_score": 68,
        "last_checked": "2026-06-19"
      }
    },
    {
      "type": "Feature",
      "geometry": {
        "type": "Point",
        "coordinates": [
          2.331908,
          48.6395
        ]
      },
      "properties": {
        "id": "venue-246",
        "name": "Espace François Mauriac",
        "city": "Sainte-Geneviève-des-Bois",
        "department": "91",
        "address": "4 cour du Donjon",
        "geocode_score": 0.8258868736141907,
        "geocode_label": "Cour du Donjon 91700 Sainte-Geneviève-des-Bois",
        "category": "Centre socioculturel",
        "capacity_text": "",
        "capacity_max_detected": "",
        "price_text": "",
        "price_score": 40,
        "website": "https://www.sgdb91.com/la-location-de-salle",
        "contact": "01 69 46 80 81",
        "source_url": "",
        "pros": "",
        "cons": "",
        "confidence": "medium",
        "fit_score": 25,
        "last_checked": "2026-06-19"
      }
    },
    {
      "type": "Feature",
      "geometry": {
        "type": "Point",
        "coordinates": [
          2.474434,
          48.60936
        ]
      },
      "properties": {
        "id": "venue-247",
        "name": "MJC Fernand Léger",
        "city": "Corbeil-Essonnes",
        "department": "91",
        "address": "45 allées Aristide Briand",
        "geocode_score": 0.9722018181818182,
        "geocode_label": "45 Allées Aristide Briand 91100 Corbeil-Essonnes",
        "category": "MJC",
        "capacity_text": "",
        "capacity_max_detected": "",
        "price_text": "",
        "price_score": 40,
        "website": "https://www.corbeil-essonnes.fr/lieux-culturels/la-mjc-maison-de-la-jeunesse-et-de-la-culture-centre-social-fernand-leger",
        "contact": "01 64 96 27 69",
        "source_url": "",
        "pros": "",
        "cons": "",
        "confidence": "medium",
        "fit_score": 25,
        "last_checked": "2026-06-19"
      }
    },
    {
      "type": "Feature",
      "geometry": {
        "type": "Point",
        "coordinates": [
          2.070346,
          48.772152
        ]
      },
      "properties": {
        "id": "venue-248",
        "name": "Salle André Breton",
        "city": "Guyancourt",
        "department": "78",
        "address": "Guyancourt",
        "geocode_score": 0.41001363636363636,
        "geocode_label": "Guyancourt",
        "category": "Salle municipale",
        "capacity_text": "",
        "capacity_max_detected": "",
        "price_text": "",
        "price_score": 40,
        "website": null,
        "contact": "",
        "source_url": "",
        "pros": "",
        "cons": "",
        "confidence": "medium",
        "fit_score": 28,
        "last_checked": "2026-06-19"
      }
    },
    {
      "type": "Feature",
      "geometry": {
        "type": "Point",
        "coordinates": [
          2.070346,
          48.772152
        ]
      },
      "properties": {
        "id": "venue-249",
        "name": "Salle Louise Labé",
        "city": "Guyancourt",
        "department": "78",
        "address": "Guyancourt",
        "geocode_score": 0.41001363636363636,
        "geocode_label": "Guyancourt",
        "category": "Salle municipale",
        "capacity_text": "",
        "capacity_max_detected": "",
        "price_text": "",
        "price_score": 40,
        "website": null,
        "contact": "",
        "source_url": "",
        "pros": "",
        "cons": "",
        "confidence": "medium",
        "fit_score": 28,
        "last_checked": "2026-06-19"
      }
    },
    {
      "type": "Feature",
      "geometry": {
        "type": "Point",
        "coordinates": [
          2.048843,
          48.777019
        ]
      },
      "properties": {
        "id": "venue-250",
        "name": "CAP ST JACQUES (location de salles)",
        "city": "Guyancourt",
        "department": "78",
        "address": "67 route Troux",
        "geocode_score": 0.7884799999999998,
        "geocode_label": "67 Route de Troux 78280 Guyancourt",
        "category": "Association",
        "capacity_text": "",
        "capacity_max_detected": "",
        "price_text": "",
        "price_score": 40,
        "website": null,
        "contact": "",
        "source_url": "",
        "pros": "",
        "cons": "",
        "confidence": "medium",
        "fit_score": 28,
        "last_checked": "2026-06-19"
      }
    },
    {
      "type": "Feature",
      "geometry": {
        "type": "Point",
        "coordinates": [
          2.409457,
          48.900267
        ]
      },
      "properties": {
        "id": "venue-251",
        "name": "Maison des Associations de Pantin",
        "city": "Pantin",
        "department": "93",
        "address": "Pantin",
        "geocode_score": 0.38606909090909086,
        "geocode_label": "Pantin",
        "category": "Maison des associations",
        "capacity_text": "",
        "capacity_max_detected": "",
        "price_text": "",
        "price_score": 40,
        "website": "https://citoyen.pantin.fr/je-mengage/la-maison-des-associations",
        "contact": "",
        "source_url": "",
        "pros": "",
        "cons": "",
        "confidence": "medium",
        "fit_score": 32,
        "last_checked": "2026-06-19"
      }
    },
    {
      "type": "Feature",
      "geometry": {
        "type": "Point",
        "coordinates": [
          2.479054,
          48.796008
        ]
      },
      "properties": {
        "id": "venue-254",
        "name": "Carré Médicis (La Varenne)",
        "city": "Saint-Maur-des-Fossés",
        "department": "94",
        "address": "Saint-Maur-des-Fossés",
        "geocode_score": 0.534723422459893,
        "geocode_label": "Impasse des Fleurs 94100 Saint-Maur-des-Fossés",
        "category": "Centre socioculturel",
        "capacity_text": "",
        "capacity_max_detected": "",
        "price_text": "",
        "price_score": 40,
        "website": "https://www.saint-maur.com",
        "contact": "01 48 86 41 15",
        "source_url": "",
        "pros": "",
        "cons": "",
        "confidence": "medium",
        "fit_score": 29,
        "last_checked": "2026-06-19"
      }
    },
    {
      "type": "Feature",
      "geometry": {
        "type": "Point",
        "coordinates": [
          2.479054,
          48.796008
        ]
      },
      "properties": {
        "id": "venue-255",
        "name": "Maison des Combattants",
        "city": "Saint-Maur-des-Fossés",
        "department": "94",
        "address": "Saint-Maur-des-Fossés",
        "geocode_score": 0.534723422459893,
        "geocode_label": "Impasse des Fleurs 94100 Saint-Maur-des-Fossés",
        "category": "Salle municipale",
        "capacity_text": "",
        "capacity_max_detected": "",
        "price_text": "",
        "price_score": 40,
        "website": "https://www.saint-maur.com",
        "contact": "01 48 86 41 15",
        "source_url": "",
        "pros": "",
        "cons": "",
        "confidence": "medium",
        "fit_score": 37,
        "last_checked": "2026-06-19"
      }
    },
    {
      "type": "Feature",
      "geometry": {
        "type": "Point",
        "coordinates": [
          2.479054,
          48.796008
        ]
      },
      "properties": {
        "id": "venue-256",
        "name": "Centre d'Activités d'Arromanches",
        "city": "Saint-Maur-des-Fossés",
        "department": "94",
        "address": "Saint-Maur-des-Fossés",
        "geocode_score": 0.534723422459893,
        "geocode_label": "Impasse des Fleurs 94100 Saint-Maur-des-Fossés",
        "category": "Centre socioculturel",
        "capacity_text": "",
        "capacity_max_detected": "",
        "price_text": "",
        "price_score": 40,
        "website": "https://www.saint-maur.com",
        "contact": "01 48 86 41 15",
        "source_url": "",
        "pros": "",
        "cons": "",
        "confidence": "medium",
        "fit_score": 29,
        "last_checked": "2026-06-19"
      }
    },
    {
      "type": "Feature",
      "geometry": {
        "type": "Point",
        "coordinates": [
          2.994061,
          48.941538
        ]
      },
      "properties": {
        "id": "venue-257",
        "name": "Salle municipale (Meaux)",
        "city": "Meaux",
        "department": "77",
        "address": "Meaux",
        "geocode_score": 0.412157990430622,
        "geocode_label": "Montceaux-lès-Meaux",
        "category": "Salle municipale",
        "capacity_text": "",
        "capacity_max_detected": "",
        "price_text": "",
        "price_score": 40,
        "website": "https://www.ville-meaux.fr/mes-demarches-et-infos-pratiques/vie-associative/demande-de-salle",
        "contact": "01 60 09 85 60",
        "source_url": "",
        "pros": "",
        "cons": "",
        "confidence": "medium",
        "fit_score": 33,
        "last_checked": "2026-06-19"
      }
    },
    {
      "type": "Feature",
      "geometry": {
        "type": "Point",
        "coordinates": [
          2.360996,
          48.793468
        ]
      },
      "properties": {
        "id": "venue-258",
        "name": "Maison de la Citoyenneté",
        "city": "Villejuif",
        "department": "94",
        "address": "Villejuif",
        "geocode_score": 0.40866636363636355,
        "geocode_label": "Villejuif",
        "category": "Maison des associations",
        "capacity_text": "",
        "capacity_max_detected": "",
        "price_text": "",
        "price_score": 40,
        "website": "https://www.villejuif.fr",
        "contact": "",
        "source_url": "",
        "pros": "",
        "cons": "",
        "confidence": "medium",
        "fit_score": 32,
        "last_checked": "2026-06-19"
      }
    },
    {
      "type": "Feature",
      "geometry": {
        "type": "Point",
        "coordinates": [
          2.360996,
          48.793468
        ]
      },
      "properties": {
        "id": "venue-259",
        "name": "Espace Congrès des Esselières",
        "city": "Villejuif",
        "department": "94",
        "address": "Villejuif",
        "geocode_score": 0.40866636363636355,
        "geocode_label": "Villejuif",
        "category": "Espace événementiel",
        "capacity_text": "",
        "capacity_max_detected": "",
        "price_text": "",
        "price_score": 40,
        "website": "https://www.villejuif.fr",
        "contact": "",
        "source_url": "",
        "pros": "",
        "cons": "",
        "confidence": "medium",
        "fit_score": 24,
        "last_checked": "2026-06-19"
      }
    },
    {
      "type": "Feature",
      "geometry": {
        "type": "Point",
        "coordinates": [
          2.334426,
          48.950143
        ]
      },
      "properties": {
        "id": "venue-260",
        "name": "Demande salle municipale (Épinay-sur-Seine)",
        "city": "Épinay-sur-Seine",
        "department": "93",
        "address": "Épinay-sur-Seine",
        "geocode_score": 0.4335425974025974,
        "geocode_label": "Rue de l'Yser 93800 Épinay-sur-Seine",
        "category": "Salle municipale",
        "capacity_text": "",
        "capacity_max_detected": "",
        "price_text": "",
        "price_score": 40,
        "website": "https://www.annuaire-mairie.fr/salle-des-fetes-epinay-sur-seine.html",
        "contact": "",
        "source_url": "",
        "pros": "",
        "cons": "",
        "confidence": "medium",
        "fit_score": 32,
        "last_checked": "2026-06-19"
      }
    },
    {
      "type": "Feature",
      "geometry": {
        "type": "Point",
        "coordinates": [
          2.290243,
          48.919005
        ]
      },
      "properties": {
        "id": "venue-261",
        "name": "Salles municipales (association reservation system)",
        "city": "Asnières-sur-Seine",
        "department": "92",
        "address": "Asnières-sur-Seine",
        "geocode_score": 0.4823110147991543,
        "geocode_label": "Rue des Bas 92600 Asnières-sur-Seine",
        "category": "Salle municipale",
        "capacity_text": "",
        "capacity_max_detected": "",
        "price_text": "",
        "price_score": 40,
        "website": "https://associations.mairieasnieres.fr",
        "contact": "14 rue des Parisiens / DSVA",
        "source_url": "",
        "pros": "",
        "cons": "",
        "confidence": "medium",
        "fit_score": 37,
        "last_checked": "2026-06-19"
      }
    },
    {
      "type": "Feature",
      "geometry": {
        "type": "Point",
        "coordinates": [
          2.40845,
          48.974185
        ]
      },
      "properties": {
        "id": "venue-262",
        "name": "Réservation salle municipale (Garges-lès-Gonesse)",
        "city": "Garges-lès-Gonesse",
        "department": "95",
        "address": "Garges-lès-Gonesse",
        "geocode_score": 0.5346954545454545,
        "geocode_label": "Allée Georges Brassens 95140 Garges-lès-Gonesse",
        "category": "Salle municipale",
        "capacity_text": "",
        "capacity_max_detected": "",
        "price_text": "",
        "price_score": 40,
        "website": "https://www.villedegarges.fr",
        "contact": "",
        "source_url": "",
        "pros": "",
        "cons": "",
        "confidence": "medium",
        "fit_score": 28,
        "last_checked": "2026-06-19"
      }
    },
    {
      "type": "Feature",
      "geometry": {
        "type": "Point",
        "coordinates": [
          2.702911,
          48.965628
        ]
      },
      "properties": {
        "id": "venue-263",
        "name": "Location salles municipales (Poissy)",
        "city": "Poissy",
        "department": "78",
        "address": "Poissy",
        "geocode_score": 0.3924111688311688,
        "geocode_label": "Rue de Poissy 77410 Messy",
        "category": "Salle municipale",
        "capacity_text": "",
        "capacity_max_detected": "",
        "price_text": "",
        "price_score": 40,
        "website": "https://www.ville-poissy.fr/index.php/vos-demarches.html?view=article&id=277&catid=8",
        "contact": "",
        "source_url": "",
        "pros": "",
        "cons": "",
        "confidence": "medium",
        "fit_score": 28,
        "last_checked": "2026-06-19"
      }
    },
    {
      "type": "Feature",
      "geometry": {
        "type": "Point",
        "coordinates": [
          2.702911,
          48.965628
        ]
      },
      "properties": {
        "id": "venue-265",
        "name": "Maison Polyvalente Sociale et de Loisirs (Maison de Quartier du Clos d'Arcy)",
        "city": "Poissy",
        "department": "78",
        "address": "Poissy",
        "geocode_score": 0.3924111688311688,
        "geocode_label": "Rue de Poissy 77410 Messy",
        "category": "Centre socioculturel",
        "capacity_text": "",
        "capacity_max_detected": "",
        "price_text": "",
        "price_score": 40,
        "website": null,
        "contact": "",
        "source_url": "",
        "pros": "",
        "cons": "",
        "confidence": "medium",
        "fit_score": 20,
        "last_checked": "2026-06-19"
      }
    },
    {
      "type": "Feature",
      "geometry": {
        "type": "Point",
        "coordinates": [
          1.701404,
          48.99486
        ]
      },
      "properties": {
        "id": "venue-267",
        "name": "Réservation salle (Mantes-la-Jolie - Agora)",
        "city": "Mantes-la-Jolie",
        "department": "78",
        "address": "Mantes-la-Jolie",
        "geocode_score": 0.4851523725055433,
        "geocode_label": "Rue de la Liberté 78200 Mantes-la-Jolie",
        "category": "Salle municipale",
        "capacity_text": "",
        "capacity_max_detected": "",
        "price_text": "",
        "price_score": 40,
        "website": "https://www.manteslajolie.fr",
        "contact": "reservationsalle@manteslajolie.fr",
        "source_url": "",
        "pros": "",
        "cons": "",
        "confidence": "medium",
        "fit_score": 33,
        "last_checked": "2026-06-19"
      }
    },
    {
      "type": "Feature",
      "geometry": {
        "type": "Point",
        "coordinates": [
          -1.588198,
          49.644283
        ]
      },
      "properties": {
        "id": "venue-268",
        "name": "Maison des Associations de Sarcelles",
        "city": "Sarcelles",
        "department": "95",
        "address": "Sarcelles",
        "geocode_score": 0.6005236363636363,
        "geocode_label": "Les Sarcelles 50110 Cherbourg-en-Cotentin",
        "category": "Maison des associations",
        "capacity_text": "",
        "capacity_max_detected": "",
        "price_text": "",
        "price_score": 40,
        "website": null,
        "contact": "",
        "source_url": "",
        "pros": "",
        "cons": "",
        "confidence": "medium",
        "fit_score": 28,
        "last_checked": "2026-06-19"
      }
    },
    {
      "type": "Feature",
      "geometry": {
        "type": "Point",
        "coordinates": [
          2.436508,
          48.793429
        ]
      },
      "properties": {
        "id": "venue-269",
        "name": "Salle municipale (Maisons-Alfort)",
        "city": "Maisons-Alfort",
        "department": "94",
        "address": "Maisons-Alfort",
        "geocode_score": 0.48156651105651105,
        "geocode_label": "Rue de Belfort 94700 Maisons-Alfort",
        "category": "Salle municipale",
        "capacity_text": "",
        "capacity_max_detected": "",
        "price_text": "",
        "price_score": 40,
        "website": "https://maisons-alfort.fr",
        "contact": "comm.ville@maisons-alfort.fr",
        "source_url": "",
        "pros": "",
        "cons": "",
        "confidence": "medium",
        "fit_score": 37,
        "last_checked": "2026-06-19"
      }
    },
    {
      "type": "Feature",
      "geometry": {
        "type": "Point",
        "coordinates": [
          2.267549,
          48.740428
        ]
      },
      "properties": {
        "id": "venue-270",
        "name": "Verrières-le-Buisson - 2 salles municipales",
        "city": "Verrières-le-Buisson",
        "department": "91",
        "address": "Verrières-le-Buisson",
        "geocode_score": 0.5869604743083003,
        "geocode_label": "Allée du Buisson 91370 Verrières-le-Buisson",
        "category": "Salle municipale",
        "capacity_text": "",
        "capacity_max_detected": "",
        "price_text": "",
        "price_score": 40,
        "website": "https://www.verrieres-le-buisson.fr/location-de-salles",
        "contact": "",
        "source_url": "",
        "pros": "",
        "cons": "",
        "confidence": "medium",
        "fit_score": 28,
        "last_checked": "2026-06-19"
      }
    },
    {
      "type": "Feature",
      "geometry": {
        "type": "Point",
        "coordinates": [
          2.994061,
          48.941538
        ]
      },
      "properties": {
        "id": "venue-271",
        "name": "Salle municipale (Meaux - demande)",
        "city": "Meaux",
        "department": "77",
        "address": "Meaux",
        "geocode_score": 0.412157990430622,
        "geocode_label": "Montceaux-lès-Meaux",
        "category": "Salle municipale",
        "capacity_text": "",
        "capacity_max_detected": "",
        "price_text": "",
        "price_score": 40,
        "website": "https://www.ville-meaux.fr",
        "contact": "01 60 09 85 60",
        "source_url": "",
        "pros": "",
        "cons": "",
        "confidence": "medium",
        "fit_score": 33,
        "last_checked": "2026-06-19"
      }
    },
    {
      "type": "Feature",
      "geometry": {
        "type": "Point",
        "coordinates": [
          2.193277,
          48.882124
        ]
      },
      "properties": {
        "id": "venue-273",
        "name": "Maison des Associations (Rueil-Malmaison)",
        "city": "Rueil-Malmaison",
        "department": "92",
        "address": "Rueil-Malmaison",
        "geocode_score": 0.5644445454545455,
        "geocode_label": "Rue Mac Mahon 92500 Rueil-Malmaison",
        "category": "Maison des associations",
        "capacity_text": "18 salles, 565 réservations/an",
        "capacity_max_detected": 18,
        "price_text": "Gratuit (associations ponctuel)/j",
        "price_score": 95,
        "website": null,
        "contact": "",
        "source_url": "",
        "pros": "",
        "cons": "",
        "confidence": "medium",
        "fit_score": 78,
        "last_checked": "2026-06-19"
      }
    },
    {
      "type": "Feature",
      "geometry": {
        "type": "Point",
        "coordinates": [
          2.267549,
          48.740428
        ]
      },
      "properties": {
        "id": "venue-274",
        "name": "Salle municipale (2 salles)",
        "city": "Verrières-le-Buisson",
        "department": "91",
        "address": "Verrières-le-Buisson",
        "geocode_score": 0.5869604743083003,
        "geocode_label": "Allée du Buisson 91370 Verrières-le-Buisson",
        "category": "Salle municipale",
        "capacity_text": "",
        "capacity_max_detected": "",
        "price_text": "",
        "price_score": 40,
        "website": "https://www.verrieres-le-buisson.fr/location-de-salles",
        "contact": "",
        "source_url": "",
        "pros": "",
        "cons": "",
        "confidence": "medium",
        "fit_score": 28,
        "last_checked": "2026-06-19"
      }
    },
    {
      "type": "Feature",
      "geometry": {
        "type": "Point",
        "coordinates": [
          2.335937,
          48.880978
        ]
      },
      "properties": {
        "id": "IDF-MVAC-006",
        "name": "MVAC 9e arrondissement",
        "city": "Paris",
        "department": "75",
        "address": "54, rue Jean-Baptiste Pigalle",
        "geocode_score": 0.9734590909090909,
        "geocode_label": "54 Rue Jean-Baptiste Pigalle 75009 Paris",
        "category": "MVAC",
        "capacity_text": "24",
        "capacity_max_detected": 24,
        "price_text": "Gratuit ; Free for registered associations. 2 meeting rooms: 24 and 12 people. Coworking space also available.",
        "price_score": 95,
        "website": "https://www.paris.fr/lieux/maison-de-la-vie-associative-et-citoyenne-du-9e-arrondissement-3276",
        "contact": "01 49 70 81 70 ; maison.asso.09@paris.fr",
        "source_url": "paris.fr",
        "pros": [
          "meeting_rooms_24_and_12_pers",
          "video_projector",
          "coworking_space",
          "photocopier",
          "computers",
          "wifi",
          "defibrillator"
        ],
        "cons": "",
        "confidence": "medium",
        "fit_score": 81,
        "last_checked": "2026-06-19"
      }
    },
    {
      "type": "Feature",
      "geometry": {
        "type": "Point",
        "coordinates": [
          4.95649,
          45.771587
        ]
      },
      "properties": {
        "id": "venue-155",
        "name": "Salle Louise Michel (Maison des Associations)",
        "city": "Clichy",
        "department": "92",
        "address": "Maison des Associations Aimé Césaire",
        "geocode_score": 0.35219303030303023,
        "geocode_label": "Rue Aimé Césaire 69150 Décines-Charpieu",
        "category": "Maison des associations",
        "capacity_text": "60 assises / 70 debout",
        "capacity_max_detected": 70,
        "price_text": "57 €/h",
        "price_score": 50,
        "website": "https://associations.ville-clichy.fr",
        "contact": "Direction de la vie associative",
        "source_url": "",
        "pros": "",
        "cons": "",
        "confidence": "medium",
        "fit_score": 40,
        "last_checked": "2026-06-19"
      }
    },
    {
      "type": "Feature",
      "geometry": {
        "type": "Point",
        "coordinates": [
          4.95649,
          45.771587
        ]
      },
      "properties": {
        "id": "venue-156",
        "name": "Salle Frantz-Fanon (Maison des Associations Aimé Césaire)",
        "city": "Clichy",
        "department": "92",
        "address": "Maison des Associations Aimé Césaire, Clichy",
        "geocode_score": 0.3174190611028316,
        "geocode_label": "Rue Aimé Césaire 69150 Décines-Charpieu",
        "category": "Salle de réunion",
        "capacity_text": "25 assises",
        "capacity_max_detected": 25,
        "price_text": "41 €/h",
        "price_score": 50,
        "website": "https://associations.ville-clichy.fr",
        "contact": "Direction de la vie associative",
        "source_url": "",
        "pros": "",
        "cons": "",
        "confidence": "medium",
        "fit_score": 47,
        "last_checked": "2026-06-19"
      }
    },
    {
      "type": "Feature",
      "geometry": {
        "type": "Point",
        "coordinates": [
          2.303348,
          48.902811
        ]
      },
      "properties": {
        "id": "venue-158",
        "name": "Salle Heidenheim (Marché du Centre)",
        "city": "Clichy",
        "department": "92",
        "address": "Marché du Centre, Clichy",
        "geocode_score": 0.473127603305785,
        "geocode_label": "Place du Marché 92110 Clichy",
        "category": "Salle municipale",
        "capacity_text": "150 assises",
        "capacity_max_detected": 150,
        "price_text": "67 €/h",
        "price_score": 50,
        "website": "https://associations.ville-clichy.fr",
        "contact": "Direction de la vie associative",
        "source_url": "",
        "pros": "",
        "cons": "",
        "confidence": "medium",
        "fit_score": 40,
        "last_checked": "2026-06-19"
      }
    },
    {
      "type": "Feature",
      "geometry": {
        "type": "Point",
        "coordinates": [
          2.303348,
          48.902811
        ]
      },
      "properties": {
        "id": "venue-159",
        "name": "Salle Southwark (Marché du Centre)",
        "city": "Clichy",
        "department": "92",
        "address": "Marché du Centre, Clichy",
        "geocode_score": 0.473127603305785,
        "geocode_label": "Place du Marché 92110 Clichy",
        "category": "Salle municipale",
        "capacity_text": "150 assises",
        "capacity_max_detected": 150,
        "price_text": "67 €/h",
        "price_score": 50,
        "website": "https://associations.ville-clichy.fr",
        "contact": "Direction de la vie associative",
        "source_url": "",
        "pros": "",
        "cons": "",
        "confidence": "medium",
        "fit_score": 40,
        "last_checked": "2026-06-19"
      }
    },
    {
      "type": "Feature",
      "geometry": {
        "type": "Point",
        "coordinates": [
          2.369913,
          48.908736
        ]
      },
      "properties": {
        "id": "venue-161",
        "name": "Salle Jacques Solomon",
        "city": "Aubervilliers",
        "department": "93",
        "address": "Aubervilliers",
        "geocode_score": 0.4580171428571428,
        "geocode_label": "Rue du Pilier 93300 Aubervilliers",
        "category": "Salle municipale",
        "capacity_text": "80 personnes",
        "capacity_max_detected": 80,
        "price_text": "Gratuit (associations)/j",
        "price_score": 95,
        "website": "https://associations.aubervilliers.fr",
        "contact": "vie.associative@mairie-aubervilliers.fr",
        "source_url": "",
        "pros": "",
        "cons": "",
        "confidence": "medium",
        "fit_score": 53,
        "last_checked": "2026-06-19"
      }
    },
    {
      "type": "Feature",
      "geometry": {
        "type": "Point",
        "coordinates": [
          2.369913,
          48.908736
        ]
      },
      "properties": {
        "id": "venue-164",
        "name": "Espace Renaudie",
        "city": "Aubervilliers",
        "department": "93",
        "address": "Aubervilliers",
        "geocode_score": 0.4580171428571428,
        "geocode_label": "Rue du Pilier 93300 Aubervilliers",
        "category": "Salle municipale",
        "capacity_text": "200 personnes",
        "capacity_max_detected": 200,
        "price_text": "",
        "price_score": 40,
        "website": "https://associations.aubervilliers.fr",
        "contact": "vie.associative@mairie-aubervilliers.fr",
        "source_url": "",
        "pros": "",
        "cons": "",
        "confidence": "medium",
        "fit_score": 37,
        "last_checked": "2026-06-19"
      }
    },
    {
      "type": "Feature",
      "geometry": {
        "type": "Point",
        "coordinates": [
          2.369913,
          48.908736
        ]
      },
      "properties": {
        "id": "venue-165",
        "name": "Embarcadère",
        "city": "Aubervilliers",
        "department": "93",
        "address": "Aubervilliers",
        "geocode_score": 0.4580171428571428,
        "geocode_label": "Rue du Pilier 93300 Aubervilliers",
        "category": "Espace événementiel",
        "capacity_text": "450–700 personnes",
        "capacity_max_detected": 450,
        "price_text": "",
        "price_score": 40,
        "website": "https://lembarcadere.aubervilliers.fr",
        "contact": "",
        "source_url": "",
        "pros": "",
        "cons": "",
        "confidence": "medium",
        "fit_score": 24,
        "last_checked": "2026-06-19"
      }
    },
    {
      "type": "Feature",
      "geometry": {
        "type": "Point",
        "coordinates": [
          2.995907,
          48.200097
        ]
      },
      "properties": {
        "id": "venue-166",
        "name": "Palais de la Culture - Salle de spectacle",
        "city": "Puteaux",
        "department": "92",
        "address": "19-21 rue Chantecoq",
        "geocode_score": 0.45436181818181814,
        "geocode_label": "21 Rue Puteaux 89690 Chéroy",
        "category": "Salle de spectacle",
        "capacity_text": "213 places",
        "capacity_max_detected": 213,
        "price_text": "1000 € (résident) / 1800 € (non-résident)/j",
        "price_score": 40,
        "website": "https://www.puteaux.fr/vos-demarches/locations-des-salles-municipales",
        "contact": "01 46 92 93 69",
        "source_url": "",
        "pros": "",
        "cons": "",
        "confidence": "medium",
        "fit_score": 29,
        "last_checked": "2026-06-19"
      }
    },
    {
      "type": "Feature",
      "geometry": {
        "type": "Point",
        "coordinates": [
          2.995907,
          48.200097
        ]
      },
      "properties": {
        "id": "venue-167",
        "name": "Palais de la Culture - Espace cafétéria",
        "city": "Puteaux",
        "department": "92",
        "address": "19-21 rue Chantecoq",
        "geocode_score": 0.45436181818181814,
        "geocode_label": "21 Rue Puteaux 89690 Chéroy",
        "category": "Salle municipale",
        "capacity_text": "140 places",
        "capacity_max_detected": 140,
        "price_text": "500 € (résident) / 900 € (non-résident)/j",
        "price_score": 50,
        "website": "https://www.puteaux.fr/vos-demarches/locations-des-salles-municipales",
        "contact": "01 46 92 93 69",
        "source_url": "",
        "pros": "",
        "cons": "",
        "confidence": "medium",
        "fit_score": 40,
        "last_checked": "2026-06-19"
      }
    },
    {
      "type": "Feature",
      "geometry": {
        "type": "Point",
        "coordinates": [
          2.237979,
          48.884419
        ]
      },
      "properties": {
        "id": "venue-170",
        "name": "Salons d'Honneur (Hôtel de Ville)",
        "city": "Puteaux",
        "department": "92",
        "address": "131 rue de la République, Puteaux",
        "geocode_score": 0.7158669230769231,
        "geocode_label": "131 Rue de la République 92800 Puteaux",
        "category": "Salle municipale",
        "capacity_text": "400 personnes",
        "capacity_max_detected": 400,
        "price_text": "1800 € (résident) / 2500 € (non-résident)/j",
        "price_score": 30,
        "website": "https://www.puteaux.fr",
        "contact": "",
        "source_url": "",
        "pros": "",
        "cons": "",
        "confidence": "medium",
        "fit_score": 29,
        "last_checked": "2026-06-19"
      }
    },
    {
      "type": "Feature",
      "geometry": {
        "type": "Point",
        "coordinates": [
          2.237979,
          48.884419
        ]
      },
      "properties": {
        "id": "venue-171",
        "name": "Salle du Conseil (Hôtel de Ville)",
        "city": "Puteaux",
        "department": "92",
        "address": "131 rue de la République, Puteaux",
        "geocode_score": 0.7158669230769231,
        "geocode_label": "131 Rue de la République 92800 Puteaux",
        "category": "Salle municipale",
        "capacity_text": "80 personnes",
        "capacity_max_detected": 80,
        "price_text": "1000 € (résident) / 2000 € (non-résident)/j",
        "price_score": 40,
        "website": "https://www.puteaux.fr",
        "contact": "",
        "source_url": "",
        "pros": "",
        "cons": "",
        "confidence": "medium",
        "fit_score": 32,
        "last_checked": "2026-06-19"
      }
    },
    {
      "type": "Feature",
      "geometry": {
        "type": "Point",
        "coordinates": [
          2.242315,
          48.875556
        ]
      },
      "properties": {
        "id": "venue-172",
        "name": "Espace Cocktail (Cinéma)",
        "city": "Puteaux",
        "department": "92",
        "address": "Puteaux",
        "geocode_score": 0.6862718181818181,
        "geocode_label": "Ile de Puteaux 92800 Puteaux",
        "category": "Salle municipale",
        "capacity_text": "50 personnes max",
        "capacity_max_detected": 50,
        "price_text": "60 € (résident semaine) / 80 € (résident WE)/h",
        "price_score": 55,
        "website": "https://www.puteaux.fr",
        "contact": "",
        "source_url": "",
        "pros": "",
        "cons": "",
        "confidence": "medium",
        "fit_score": 36,
        "last_checked": "2026-06-19"
      }
    },
    {
      "type": "Feature",
      "geometry": {
        "type": "Point",
        "coordinates": [
          2.438272,
          48.847808
        ]
      },
      "properties": {
        "id": "venue-173",
        "name": "Maison des Associations",
        "city": "Vincennes",
        "department": "94",
        "address": "41-43 rue Raymond du Temple",
        "geocode_score": 0.8124763636363636,
        "geocode_label": "43 Rue Raymond du Temple 94300 Vincennes",
        "category": "Maison des associations",
        "capacity_text": "140 places (salle Paul Rumeau)",
        "capacity_max_detected": 140,
        "price_text": "",
        "price_score": 40,
        "website": "https://www.vincennes.fr/structures-et-equipements/maison-des-associations",
        "contact": "01 71 33 64 37 / 01 43 98 69 70",
        "source_url": "",
        "pros": "",
        "cons": "",
        "confidence": "medium",
        "fit_score": 37,
        "last_checked": "2026-06-19"
      }
    },
    {
      "type": "Feature",
      "geometry": {
        "type": "Point",
        "coordinates": [
          2.27956,
          48.822448
        ]
      },
      "properties": {
        "id": "venue-175",
        "name": "Maison des Hauts d'Issy",
        "city": "Issy-les-Moulineaux",
        "department": "92",
        "address": "16 rue de l'Abbé Derry",
        "geocode_score": 0.9690990909090909,
        "geocode_label": "16 Rue de l'Abbé Derry 92130 Issy-les-Moulineaux",
        "category": "Maison des associations",
        "capacity_text": "80 personnes max",
        "capacity_max_detected": 80,
        "price_text": "",
        "price_score": 40,
        "website": "https://www.issy.com/location",
        "contact": "",
        "source_url": "",
        "pros": "",
        "cons": "",
        "confidence": "medium",
        "fit_score": 32,
        "last_checked": "2026-06-19"
      }
    },
    {
      "type": "Feature",
      "geometry": {
        "type": "Point",
        "coordinates": [
          2.552482,
          48.849021
        ]
      },
      "properties": {
        "id": "venue-183",
        "name": "Salle municipale (Hôtel de Ville)",
        "city": "Noisy-le-Grand",
        "department": "93",
        "address": "Place de la Libération, Noisy-le-Grand",
        "geocode_score": 0.6297473796791444,
        "geocode_label": "Place de la Liberation 93160 Noisy-le-Grand",
        "category": "Salle municipale",
        "capacity_text": "100 personnes max",
        "capacity_max_detected": 100,
        "price_text": "",
        "price_score": 40,
        "website": "https://noisylegrand.portailcitoyen.eu",
        "contact": "01 45 93 40 00",
        "source_url": "",
        "pros": "",
        "cons": "",
        "confidence": "medium",
        "fit_score": 37,
        "last_checked": "2026-06-19"
      }
    },
    {
      "type": "Feature",
      "geometry": {
        "type": "Point",
        "coordinates": [
          2.258471,
          48.899927
        ]
      },
      "properties": {
        "id": "venue-192",
        "name": "Centre Événementiel (CourbevoiEvent)",
        "city": "Courbevoie",
        "department": "92",
        "address": "7 boulevard Aristide Briand",
        "geocode_score": 0.9718654545454546,
        "geocode_label": "7 Boulevard Aristide Briand 92400 Courbevoie",
        "category": "Espace événementiel",
        "capacity_text": "1000 + 300 places",
        "capacity_max_detected": 300,
        "price_text": "",
        "price_score": 40,
        "website": "https://www.sortiracourbevoie.fr/location-salles",
        "contact": "reservationsalle@ville-courbevoie.fr",
        "source_url": "",
        "pros": "",
        "cons": "",
        "confidence": "medium",
        "fit_score": 29,
        "last_checked": "2026-06-19"
      }
    },
    {
      "type": "Feature",
      "geometry": {
        "type": "Point",
        "coordinates": [
          2.300092,
          48.933488
        ]
      },
      "properties": {
        "id": "venue-193",
        "name": "Ferme de l'Horloge",
        "city": "Gennevilliers",
        "department": "92",
        "address": "16-18 rue Pierre Timbaud",
        "geocode_score": 0.7257258441558442,
        "geocode_label": "18 rue jean-pierre timbaud 92230 Gennevilliers",
        "category": "Salle municipale",
        "capacity_text": "4 salles, 20 à 50 personnes",
        "capacity_max_detected": 50,
        "price_text": "",
        "price_score": 40,
        "website": "https://www.ville-gennevilliers.fr",
        "contact": "01 40 85 64 91",
        "source_url": "",
        "pros": "",
        "cons": "",
        "confidence": "medium",
        "fit_score": 37,
        "last_checked": "2026-06-19"
      }
    },
    {
      "type": "Feature",
      "geometry": {
        "type": "Point",
        "coordinates": [
          2.292705,
          48.92024
        ]
      },
      "properties": {
        "id": "venue-194",
        "name": "Salle Victor Hugo",
        "city": "Gennevilliers",
        "department": "92",
        "address": "21-23 rue Victor Hugo",
        "geocode_score": 0.8054111229946523,
        "geocode_label": "23 Rue Victor Hugo 92230 Gennevilliers",
        "category": "Salle municipale",
        "capacity_text": "80 personnes",
        "capacity_max_detected": 80,
        "price_text": "",
        "price_score": 40,
        "website": "https://www.ville-gennevilliers.fr",
        "contact": "01 40 85 48 50",
        "source_url": "",
        "pros": "",
        "cons": "",
        "confidence": "medium",
        "fit_score": 37,
        "last_checked": "2026-06-19"
      }
    },
    {
      "type": "Feature",
      "geometry": {
        "type": "Point",
        "coordinates": [
          2.293296,
          48.928489
        ]
      },
      "properties": {
        "id": "venue-195",
        "name": "Cinéma Jean Vigo (salle en sous-sol)",
        "city": "Gennevilliers",
        "department": "92",
        "address": "1 rue Pierre et Marie Curie",
        "geocode_score": 0.9596681818181818,
        "geocode_label": "1 Rue Pierre et Marie Curie 92230 Gennevilliers",
        "category": "Salle municipale",
        "capacity_text": "70 personnes",
        "capacity_max_detected": 70,
        "price_text": "",
        "price_score": 40,
        "website": "https://www.ville-gennevilliers.fr",
        "contact": "01 41 21 04 94",
        "source_url": "",
        "pros": "",
        "cons": "",
        "confidence": "medium",
        "fit_score": 37,
        "last_checked": "2026-06-19"
      }
    },
    {
      "type": "Feature",
      "geometry": {
        "type": "Point",
        "coordinates": [
          2.316028,
          48.926076
        ]
      },
      "properties": {
        "id": "venue-196",
        "name": "Salle Galiéni n°1 et n°2",
        "city": "Gennevilliers",
        "department": "92",
        "address": "48-50 avenue Louis Roche",
        "geocode_score": 0.749640049140049,
        "geocode_label": "Avenue Louis Roche 92230 Gennevilliers",
        "category": "Salle municipale",
        "capacity_text": "174 m², cocktail 150 / repas 120",
        "capacity_max_detected": 174,
        "price_text": "",
        "price_score": 40,
        "website": "https://www.ville-gennevilliers.fr",
        "contact": "01 40 85 68 59",
        "source_url": "",
        "pros": "",
        "cons": "",
        "confidence": "medium",
        "fit_score": 37,
        "last_checked": "2026-06-19"
      }
    },
    {
      "type": "Feature",
      "geometry": {
        "type": "Point",
        "coordinates": [
          2.321256,
          48.923832
        ]
      },
      "properties": {
        "id": "venue-197",
        "name": "Salle Galiéni n°3",
        "city": "Gennevilliers",
        "department": "92",
        "address": "3 boulevard Gallieni",
        "geocode_score": 0.9653618181818181,
        "geocode_label": "3 Boulevard Galliéni 92230 Gennevilliers",
        "category": "Salle municipale",
        "capacity_text": "90 m², 40 personnes",
        "capacity_max_detected": 90,
        "price_text": "",
        "price_score": 40,
        "website": "https://www.ville-gennevilliers.fr",
        "contact": "01 40 85 68 59",
        "source_url": "",
        "pros": "",
        "cons": "",
        "confidence": "medium",
        "fit_score": 37,
        "last_checked": "2026-06-19"
      }
    },
    {
      "type": "Feature",
      "geometry": {
        "type": "Point",
        "coordinates": [
          2.321256,
          48.923832
        ]
      },
      "properties": {
        "id": "venue-198",
        "name": "Salle Galiéni n°4",
        "city": "Gennevilliers",
        "department": "92",
        "address": "3 boulevard Gallieni",
        "geocode_score": 0.9653618181818181,
        "geocode_label": "3 Boulevard Galliéni 92230 Gennevilliers",
        "category": "Salle municipale",
        "capacity_text": "160 m², 80 personnes",
        "capacity_max_detected": 160,
        "price_text": "",
        "price_score": 40,
        "website": "https://www.ville-gennevilliers.fr",
        "contact": "01 40 85 68 59",
        "source_url": "",
        "pros": "",
        "cons": "",
        "confidence": "medium",
        "fit_score": 37,
        "last_checked": "2026-06-19"
      }
    },
    {
      "type": "Feature",
      "geometry": {
        "type": "Point",
        "coordinates": [
          2.294045,
          48.925459
        ]
      },
      "properties": {
        "id": "venue-199",
        "name": "Salle des Fêtes",
        "city": "Gennevilliers",
        "department": "92",
        "address": "177 avenue Gabriel Péri",
        "geocode_score": 0.9736136363636363,
        "geocode_label": "177 Avenue Gabriel Péri 92230 Gennevilliers",
        "category": "Salle des fêtes",
        "capacity_text": "400 à 1400 places",
        "capacity_max_detected": 400,
        "price_text": "",
        "price_score": 40,
        "website": "https://www.ville-gennevilliers.fr",
        "contact": "01 40 85 63 10",
        "source_url": "",
        "pros": "",
        "cons": "",
        "confidence": "medium",
        "fit_score": 29,
        "last_checked": "2026-06-19"
      }
    },
    {
      "type": "Feature",
      "geometry": {
        "type": "Point",
        "coordinates": [
          2.509906,
          48.825698
        ]
      },
      "properties": {
        "id": "venue-203",
        "name": "Salle Desvillettes",
        "city": "Champigny-sur-Marne",
        "department": "94",
        "address": "106 avenue de la République",
        "geocode_score": 0.9772863636363636,
        "geocode_label": "106 Avenue de la République 94500 Champigny-sur-Marne",
        "category": "Salle municipale",
        "capacity_text": "80 personnes",
        "capacity_max_detected": 80,
        "price_text": "337.70 €/j",
        "price_score": 50,
        "website": "https://www.champignysurmarne.fr/reservation-de-salle",
        "contact": "01 89 12 42 68",
        "source_url": "",
        "pros": "",
        "cons": "",
        "confidence": "medium",
        "fit_score": 40,
        "last_checked": "2026-06-19"
      }
    },
    {
      "type": "Feature",
      "geometry": {
        "type": "Point",
        "coordinates": [
          2.551004,
          48.806691
        ]
      },
      "properties": {
        "id": "venue-204",
        "name": "Salle (6 place Rodin)",
        "city": "Champigny-sur-Marne",
        "department": "94",
        "address": "6 place Rodin",
        "geocode_score": 0.965290909090909,
        "geocode_label": "6 Place Rodin 94500 Champigny-sur-Marne",
        "category": "Salle municipale",
        "capacity_text": "150 personnes",
        "capacity_max_detected": 150,
        "price_text": "841.60 €/j",
        "price_score": 55,
        "website": "https://www.champignysurmarne.fr/reservation-de-salle",
        "contact": "01 89 12 42 68",
        "source_url": "",
        "pros": "",
        "cons": "",
        "confidence": "medium",
        "fit_score": 41,
        "last_checked": "2026-06-19"
      }
    },
    {
      "type": "Feature",
      "geometry": {
        "type": "Point",
        "coordinates": [
          2.236147,
          48.838234
        ]
      },
      "properties": {
        "id": "venue-213",
        "name": "Location de salle (Hôtel de Ville)",
        "city": "Boulogne-Billancourt",
        "department": "92",
        "address": "Boulogne-Billancourt",
        "geocode_score": 0.67219,
        "geocode_label": "Rue de Billancourt 92100 Boulogne-Billancourt",
        "category": "Salle municipale",
        "capacity_text": "130 à 200 personnes",
        "capacity_max_detected": 200,
        "price_text": "",
        "price_score": 40,
        "website": "https://www.boulognebillancourt.com/mes-demarches/particuliers/location-de-salle",
        "contact": "",
        "source_url": "",
        "pros": "",
        "cons": "",
        "confidence": "medium",
        "fit_score": 32,
        "last_checked": "2026-06-19"
      }
    },
    {
      "type": "Feature",
      "geometry": {
        "type": "Point",
        "coordinates": [
          -1.554226,
          47.226773
        ]
      },
      "properties": {
        "id": "venue-215",
        "name": "Espace Mazarin (Palais des Congrès)",
        "city": "Versailles",
        "department": "78",
        "address": "Versailles",
        "geocode_score": 0.4649754545454546,
        "geocode_label": "Ile de Versailles 44000 Nantes",
        "category": "Espace événementiel",
        "capacity_text": "200 à 1000 personnes",
        "capacity_max_detected": 200,
        "price_text": "",
        "price_score": 40,
        "website": "https://www.versaillespalaisdescongres.com",
        "contact": "",
        "source_url": "",
        "pros": "",
        "cons": "",
        "confidence": "medium",
        "fit_score": 20,
        "last_checked": "2026-06-19"
      }
    },
    {
      "type": "Feature",
      "geometry": {
        "type": "Point",
        "coordinates": [
          2.407807,
          48.770225
        ]
      },
      "properties": {
        "id": "venue-218",
        "name": "Le Pavillon des Lions",
        "city": "Choisy-le-Roi",
        "department": "94",
        "address": "Ancienne gare de Choisy-le-Roi",
        "geocode_score": 0.4030023248882265,
        "geocode_label": "Rue des Anciennes Cristalleries 94600 Choisy-le-Roi",
        "category": "Espace événementiel",
        "capacity_text": "3 salles (140 m², 80 m², + niveau 1)",
        "capacity_max_detected": 140,
        "price_text": "Sur devis/j",
        "price_score": 50,
        "website": "https://pavillondeslions.com",
        "contact": "",
        "source_url": "",
        "pros": "",
        "cons": "",
        "confidence": "medium",
        "fit_score": 27,
        "last_checked": "2026-06-19"
      }
    },
    {
      "type": "Feature",
      "geometry": {
        "type": "Point",
        "coordinates": [
          2.193277,
          48.882124
        ]
      },
      "properties": {
        "id": "venue-223",
        "name": "Salle de la MDA (Maison de l'Europe)",
        "city": "Rueil-Malmaison",
        "department": "92",
        "address": "Rueil-Malmaison",
        "geocode_score": 0.5644445454545455,
        "geocode_label": "Rue Mac Mahon 92500 Rueil-Malmaison",
        "category": "Salle municipale",
        "capacity_text": "270 m², 200 personnes",
        "capacity_max_detected": 270,
        "price_text": "",
        "price_score": 40,
        "website": null,
        "contact": "",
        "source_url": "",
        "pros": "",
        "cons": "",
        "confidence": "medium",
        "fit_score": 32,
        "last_checked": "2026-06-19"
      }
    },
    {
      "type": "Feature",
      "geometry": {
        "type": "Point",
        "coordinates": [
          2.533459,
          48.958072
        ]
      },
      "properties": {
        "id": "venue-229",
        "name": "Les Tilleuls (Centre Administratif)",
        "city": "Villepinte",
        "department": "93",
        "address": "Av. Paul Vaillant Couturier, Villepinte",
        "geocode_score": 0.6407955614973262,
        "geocode_label": "Avenue Paul Vaillant Couturier 93420 Villepinte",
        "category": "Salle municipale",
        "capacity_text": "100 personnes (125.2 m²)",
        "capacity_max_detected": 125,
        "price_text": "104 € (assoc.) / 306 € (particulier)/j",
        "price_score": 50,
        "website": "https://ville-villepinte.fr/loisirs/je-loue-une-salle",
        "contact": "",
        "source_url": "",
        "pros": "",
        "cons": "",
        "confidence": "medium",
        "fit_score": 35,
        "last_checked": "2026-06-19"
      }
    },
    {
      "type": "Feature",
      "geometry": {
        "type": "Point",
        "coordinates": [
          2.266322,
          48.726641
        ]
      },
      "properties": {
        "id": "venue-231",
        "name": "Bourse du Travail",
        "city": "Massy",
        "department": "91",
        "address": "14 rue du Chemin des femmes, Massy",
        "geocode_score": 0.7456461244019139,
        "geocode_label": "14 Rue du Chemin des Femmes 91300 Massy",
        "category": "Salle municipale",
        "capacity_text": "120 personnes (réunion) / 80 (repas)",
        "capacity_max_detected": 120,
        "price_text": "",
        "price_score": 40,
        "website": "https://demarchesenligne.ville-massy.fr/catalogue/location-de-salles-municipales",
        "contact": "01 60 13 75 55 / gestiondessalles@mairie-massy.fr",
        "source_url": "",
        "pros": "",
        "cons": "",
        "confidence": "medium",
        "fit_score": 33,
        "last_checked": "2026-06-19"
      }
    },
    {
      "type": "Feature",
      "geometry": {
        "type": "Point",
        "coordinates": [
          2.239296,
          48.730032
        ]
      },
      "properties": {
        "id": "venue-232",
        "name": "Salle Bernard Buffet",
        "city": "Massy",
        "department": "91",
        "address": "14 rue du Pileu, Massy",
        "geocode_score": 0.6831642657342658,
        "geocode_label": "14 Rue du Pileu 91300 Massy",
        "category": "Salle municipale",
        "capacity_text": "100 personnes (réunion) / 80 (repas)",
        "capacity_max_detected": 100,
        "price_text": "",
        "price_score": 40,
        "website": "https://demarchesenligne.ville-massy.fr/catalogue/location-de-salles-municipales",
        "contact": "01 60 13 75 55",
        "source_url": "",
        "pros": "",
        "cons": "",
        "confidence": "medium",
        "fit_score": 33,
        "last_checked": "2026-06-19"
      }
    },
    {
      "type": "Feature",
      "geometry": {
        "type": "Point",
        "coordinates": [
          2.292395,
          48.732167
        ]
      },
      "properties": {
        "id": "venue-233",
        "name": "MFE Galilée / Lavoisier",
        "city": "Massy",
        "department": "91",
        "address": "10 Avenue du Noyer Lambert, Massy",
        "geocode_score": 0.7386909582309582,
        "geocode_label": "10 Avenue du Noyer Lambert 91300 Massy",
        "category": "Centre socioculturel",
        "capacity_text": "4 salles (2x 80 m² / 45 pers, 2x 100 m² / 50 pers)",
        "capacity_max_detected": 100,
        "price_text": "",
        "price_score": 40,
        "website": "https://demarchesenligne.ville-massy.fr/catalogue/location-de-salles-municipales",
        "contact": "fatiha.benouirane@mairie-massy.fr",
        "source_url": "",
        "pros": "",
        "cons": "",
        "confidence": "medium",
        "fit_score": 25,
        "last_checked": "2026-06-19"
      }
    },
    {
      "type": "Feature",
      "geometry": {
        "type": "Point",
        "coordinates": [
          2.251631,
          48.728038
        ]
      },
      "properties": {
        "id": "venue-234",
        "name": "Halle des Graviers",
        "city": "Massy",
        "department": "91",
        "address": "41 rue Jean Jaurès, Massy",
        "geocode_score": 0.7132191849529781,
        "geocode_label": "41 Rue Jean Jaurès 91300 Massy",
        "category": "Salle municipale",
        "capacity_text": "Grande salle 136 places / petite 22 places",
        "capacity_max_detected": 136,
        "price_text": "",
        "price_score": 40,
        "website": "https://demarchesenligne.ville-massy.fr/catalogue/location-de-salles-municipales",
        "contact": "01 60 13 75 55",
        "source_url": "",
        "pros": "",
        "cons": "",
        "confidence": "medium",
        "fit_score": 33,
        "last_checked": "2026-06-19"
      }
    },
    {
      "type": "Feature",
      "geometry": {
        "type": "Point",
        "coordinates": [
          2.270076,
          48.731363
        ]
      },
      "properties": {
        "id": "venue-235",
        "name": "Salle N1 Espace Liberté",
        "city": "Massy",
        "department": "91",
        "address": "Allée des cadets de la France libre, Massy",
        "geocode_score": 0.7589551778656126,
        "geocode_label": "Allee des Cadets de la France Libre 91300 Massy",
        "category": "Salle des fêtes",
        "capacity_text": "370 m², 370 personnes",
        "capacity_max_detected": 370,
        "price_text": "",
        "price_score": 40,
        "website": "https://demarchesenligne.ville-massy.fr/catalogue/location-de-salles-municipales",
        "contact": "01 60 13 75 55",
        "source_url": "",
        "pros": "",
        "cons": "",
        "confidence": "medium",
        "fit_score": 25,
        "last_checked": "2026-06-19"
      }
    },
    {
      "type": "Feature",
      "geometry": {
        "type": "Point",
        "coordinates": [
          2.34565,
          48.679191
        ]
      },
      "properties": {
        "id": "venue-238",
        "name": "Le 48 (Salle des fêtes)",
        "city": "Savigny-sur-Orge",
        "department": "91",
        "address": "48 Av. Charles de Gaulle",
        "geocode_score": 0.7690679338842975,
        "geocode_label": "48 Avenue Charles de Gaulle 91600 Savigny-sur-Orge",
        "category": "Salle des fêtes",
        "capacity_text": "310 personnes assises",
        "capacity_max_detected": 310,
        "price_text": "",
        "price_score": 40,
        "website": "https://www.savigny.org/reservation-de-salle-savigny-91",
        "contact": "",
        "source_url": "",
        "pros": "",
        "cons": "",
        "confidence": "medium",
        "fit_score": 20,
        "last_checked": "2026-06-19"
      }
    },
    {
      "type": "Feature",
      "geometry": {
        "type": "Point",
        "coordinates": [
          2.347866,
          48.679729
        ]
      },
      "properties": {
        "id": "venue-239",
        "name": "Ancienne Perception",
        "city": "Savigny-sur-Orge",
        "department": "91",
        "address": "6 rue René Legros",
        "geocode_score": 0.97339,
        "geocode_label": "6 Rue Rene Legros 91600 Savigny-sur-Orge",
        "category": "Salle municipale",
        "capacity_text": "60 personnes",
        "capacity_max_detected": 60,
        "price_text": "",
        "price_score": 40,
        "website": "https://www.savigny.org/reservation-de-salle-savigny-91",
        "contact": "",
        "source_url": "",
        "pros": "",
        "cons": "",
        "confidence": "medium",
        "fit_score": 28,
        "last_checked": "2026-06-19"
      }
    },
    {
      "type": "Feature",
      "geometry": {
        "type": "Point",
        "coordinates": [
          2.3518,
          48.67715
        ]
      },
      "properties": {
        "id": "venue-241",
        "name": "Maison des Associations Sportives - Salle polyvalente",
        "city": "Savigny-sur-Orge",
        "department": "91",
        "address": "Parc des Sports Jean Moulin",
        "geocode_score": 0.4565740308747856,
        "geocode_label": "Parc des Marronniers 91600 Savigny-sur-Orge",
        "category": "Salle municipale",
        "capacity_text": "100 places assises",
        "capacity_max_detected": 100,
        "price_text": "",
        "price_score": 40,
        "website": "https://www.savigny.org/reservation-de-salle-savigny-91",
        "contact": "",
        "source_url": "",
        "pros": "",
        "cons": "",
        "confidence": "medium",
        "fit_score": 28,
        "last_checked": "2026-06-19"
      }
    },
    {
      "type": "Feature",
      "geometry": {
        "type": "Point",
        "coordinates": [
          2.3518,
          48.67715
        ]
      },
      "properties": {
        "id": "venue-242",
        "name": "Maison des Associations Sportives - Salle de réunion",
        "city": "Savigny-sur-Orge",
        "department": "91",
        "address": "Parc des Sports Jean Moulin",
        "geocode_score": 0.4565740308747856,
        "geocode_label": "Parc des Marronniers 91600 Savigny-sur-Orge",
        "category": "Salle de réunion",
        "capacity_text": "25 personnes",
        "capacity_max_detected": 25,
        "price_text": "",
        "price_score": 40,
        "website": "https://www.savigny.org/reservation-de-salle-savigny-91",
        "contact": "",
        "source_url": "",
        "pros": "",
        "cons": "",
        "confidence": "medium",
        "fit_score": 35,
        "last_checked": "2026-06-19"
      }
    },
    {
      "type": "Feature",
      "geometry": {
        "type": "Point",
        "coordinates": [
          2.348345,
          48.699437
        ]
      },
      "properties": {
        "id": "venue-243",
        "name": "Salle Lavit",
        "city": "Savigny-sur-Orge",
        "department": "91",
        "address": "33 Av. de l'Armée Leclerc",
        "geocode_score": 0.7753809090909091,
        "geocode_label": "33 Avenue de l'Armee Leclerc 91600 Savigny-sur-Orge",
        "category": "Salle municipale",
        "capacity_text": "110 personnes",
        "capacity_max_detected": 110,
        "price_text": "",
        "price_score": 40,
        "website": "https://www.savigny.org/reservation-de-salle-savigny-91",
        "contact": "",
        "source_url": "",
        "pros": "",
        "cons": "",
        "confidence": "medium",
        "fit_score": 28,
        "last_checked": "2026-06-19"
      }
    },
    {
      "type": "Feature",
      "geometry": {
        "type": "Point",
        "coordinates": [
          2.396375,
          48.889372
        ]
      },
      "properties": {
        "id": "venue-252",
        "name": "Espace des Sept Arpents",
        "city": "Pantin",
        "department": "93",
        "address": "Portes de Paris (métro Hoche), Pantin",
        "geocode_score": 0.3981702139037433,
        "geocode_label": "Place de la Porte de Pantin 75019 Paris",
        "category": "Centre socioculturel",
        "capacity_text": "90 salles à louer",
        "capacity_max_detected": 90,
        "price_text": "",
        "price_score": 40,
        "website": "https://espaceseptarpents.fr",
        "contact": "",
        "source_url": "",
        "pros": "",
        "cons": "",
        "confidence": "medium",
        "fit_score": 24,
        "last_checked": "2026-06-19"
      }
    },
    {
      "type": "Feature",
      "geometry": {
        "type": "Point",
        "coordinates": [
          2.399785,
          48.818319
        ]
      },
      "properties": {
        "id": "venue-253",
        "name": "Espace Barrault",
        "city": "Ivry-sur-Seine",
        "department": "94",
        "address": "Ivry-sur-Seine",
        "geocode_score": 0.47228041958041955,
        "geocode_label": "Allée de la Seine 94200 Ivry-sur-Seine",
        "category": "Centre socioculturel",
        "capacity_text": "2 salles (35 m² / 20 pers.)",
        "capacity_max_detected": 35,
        "price_text": "",
        "price_score": 40,
        "website": null,
        "contact": "",
        "source_url": "",
        "pros": "",
        "cons": "",
        "confidence": "medium",
        "fit_score": 24,
        "last_checked": "2026-06-19"
      }
    },
    {
      "type": "Feature",
      "geometry": {
        "type": "Point",
        "coordinates": [
          2.030269,
          48.924061
        ]
      },
      "properties": {
        "id": "venue-264",
        "name": "Centre de diffusion artistique (Poissy)",
        "city": "Poissy",
        "department": "78",
        "address": "53 avenue Blanche de Castille, Poissy",
        "geocode_score": 0.7453490909090909,
        "geocode_label": "53 Avenue Blanche de Castille 78300 Poissy",
        "category": "Salle municipale",
        "capacity_text": "750 debout / 450 assises",
        "capacity_max_detected": 450,
        "price_text": "",
        "price_score": 40,
        "website": "https://www.ville-poissy.fr",
        "contact": "",
        "source_url": "",
        "pros": "",
        "cons": "",
        "confidence": "medium",
        "fit_score": 28,
        "last_checked": "2026-06-19"
      }
    },
    {
      "type": "Feature",
      "geometry": {
        "type": "Point",
        "coordinates": [
          2.094519,
          48.993046
        ]
      },
      "properties": {
        "id": "venue-266",
        "name": "Salle Bouyssel",
        "city": "Conflans-Sainte-Honorine",
        "department": "78",
        "address": "Conflans-Sainte-Honorine",
        "geocode_score": 0.695820320855615,
        "geocode_label": "Rue Sainte Honorine 78700 Conflans-Sainte-Honorine",
        "category": "Salle municipale",
        "capacity_text": "80 personnes",
        "capacity_max_detected": 80,
        "price_text": "410 €/jour/j",
        "price_score": 90,
        "website": null,
        "contact": "",
        "source_url": "",
        "pros": "",
        "cons": "",
        "confidence": "medium",
        "fit_score": 43,
        "last_checked": "2026-06-19"
      }
    },
    {
      "type": "Feature",
      "geometry": {
        "type": "Point",
        "coordinates": [
          2.305118,
          48.90348
        ]
      },
      "properties": {
        "id": "venue-272",
        "name": "Maison des Associations Aimé Césaire",
        "city": "Clichy",
        "department": "92",
        "address": "Clichy",
        "geocode_score": 0.3862472727272727,
        "geocode_label": "Clichy",
        "category": "Maison des associations",
        "capacity_text": "70 places assises (3 salles)",
        "capacity_max_detected": 70,
        "price_text": "34-57 € selon salle/h",
        "price_score": 75,
        "website": "https://associations.ville-clichy.fr",
        "contact": "Direction de la vie associative",
        "source_url": "",
        "pros": "",
        "cons": "",
        "confidence": "medium",
        "fit_score": 47,
        "last_checked": "2026-06-19"
      }
    }
  ]
}