{"features":[{"geometry":{"coordinates":[2.351453,48.858957],"type":"Point"},"properties":{"address":"5 rue du cloître Saint-Merri, 75004 Paris","capacity_max_detected":"2","capacity_text":"1 à 2 personnes","catalog_scope":"priority","category":"coworking / petite salle","city":"Paris","department":"75","id":"small-001","name":"myCowork Beaubourg - Georges","price_text":"12 € TTC / heure ; 60 € TTC / journée"},"type":"Feature"},{"geometry":{"coordinates":[2.347996,48.865537],"type":"Point"},"properties":{"address":"54 rue Greneta, 75002 Paris","capacity_max_detected":"8","capacity_text":"8 personnes","catalog_scope":"priority","category":"coworking / salle réunion","city":"Paris","department":"75","id":"small-002","name":"myCowork Montorgueil - Federici","price_text":"30 € HT / heure ; 180 € HT / journée"},"type":"Feature"},{"geometry":{"coordinates":[2.347996,48.865537],"type":"Point"},"properties":{"address":"54 rue Greneta, 75002 Paris","capacity_max_detected":"10","capacity_text":"jusque 10 personnes","catalog_scope":"priority","category":"coworking / salle réunion","city":"Paris","department":"75","id":"small-003","name":"myCowork Montorgueil - Banksi","price_text":"50 € HT / heure ; 300 € HT / journée"},"type":"Feature"},{"geometry":{"coordinates":[2.351453,48.858957],"type":"Point"},"properties":{"address":"5 rue du cloître Saint-Merri, 75004 Paris","capacity_max_detected":"12","capacity_text":"jusque 12 personnes","catalog_scope":"priority","category":"coworking / salle réunion","city":"Paris","department":"75","id":"small-004","name":"myCowork Beaubourg - Niki","price_text":"50 € HT / heure ; 300 € HT / journée ; tarifs association week-end -50% indiqués"},"type":"Feature"},{"geometry":{"coordinates":[2.351453,48.858957],"type":"Point"},"properties":{"address":"5 rue du cloître Saint-Merri, 75004 Paris","capacity_max_detected":"20","capacity_text":"14 en U / 20 en théâtre","catalog_scope":"priority","category":"coworking / salle réunion","city":"Paris","department":"75","id":"small-005","name":"myCowork Beaubourg - Stravinski","price_text":"75 € HT / heure ; 450 € HT / journée ; tarifs association week-end -50% indiqués"},"type":"Feature"},{"geometry":{"coordinates":[2.341072,48.832967],"type":"Point"},"properties":{"address":"44 rue de la Santé, 75014 Paris","capacity_max_detected":"20","capacity_text":"5 à 20 personnes","catalog_scope":"priority","category":"foyer / salle associative","city":"Paris","department":"75","id":"small-006","name":"Foyer Saint Jean Eudes - Salle Marie des Vallées","price_text":""},"type":"Feature"},{"geometry":{"coordinates":[2.341072,48.832967],"type":"Point"},"properties":{"address":"44 rue de la Santé, 75014 Paris","capacity_max_detected":"8","capacity_text":"5 à 8 personnes","catalog_scope":"priority","category":"foyer / salle associative","city":"Paris","department":"75","id":"small-007","name":"Foyer Saint Jean Eudes - Salle Jeanne Jugan","price_text":""},"type":"Feature"},{"geometry":{"coordinates":[2.377392,48.848216],"type":"Point"},"properties":{"address":"3-5 rue d’Aligre, 75012 Paris","capacity_max_detected":"20","capacity_text":"petite salle ≤25 m² ; viser ≤20 personnes selon disposition","catalog_scope":"priority","category":"centre Paris Anim / association","city":"Paris","department":"75","id":"small-008","name":"Maison des Ensembles - petite salle associative","price_text":"associations: 10 €/h ou 70 €/jour semaine 9h-18h ; 15 €/h ou 100 €/jour soir/week-end ; exonération possible si activité gratuite"},"type":"Feature"},{"geometry":{"coordinates":[2.340451,48.866835],"type":"Point"},"properties":{"address":"8 rue de la Banque, 75002 Paris","capacity_max_detected":"","capacity_text":"espaces de réunion pour associations solidarité ; petite jauge à demander","catalog_scope":"priority","category":"lieu municipal solidarité","city":"Paris","department":"75","id":"small-009","name":"Fabrique de la Solidarité","price_text":"mise à disposition associations solidarité ; coût non indiqué, dispositif Ville de Paris"},"type":"Feature"},{"geometry":{"coordinates":[2.310024,48.905661],"type":"Point"},"properties":{"address":"80 boulevard du Général Leclerc, 92110 Clichy","capacity_max_detected":"20","capacity_text":"20 assises","catalog_scope":"priority","category":"maison associations / municipal","city":"Clichy","department":"92","id":"small-010","name":"Maison des Associations Aimé Césaire - Salle 3","price_text":"34 € / heure ; caution 1000 € indiquée"},"type":"Feature"},{"geometry":{"coordinates":[2.476204,48.846577],"type":"Point"},"properties":{"address":"16 rue du Révérend Père Lucien Aubry, 94120 Fontenay-sous-Bois","capacity_max_detected":"20","capacity_text":"petites salles dès 2 personnes ; demander une salle ≤20 (site indique gamme globale 2-120)","catalog_scope":"priority","category":"maison du citoyen / associations","city":"Fontenay-sous-Bois","department":"94","id":"small-011","name":"Maison du Citoyen et de la Vie Associative","price_text":"mise à disposition associative ; tarif non publié"},"type":"Feature"},{"geometry":{"coordinates":[2.409457,48.900267],"type":"Point"},"properties":{"address":"Pantin, 93500","capacity_max_detected":"8","capacity_text":"table de réunion 8 personnes","catalog_scope":"priority","category":"maison associations","city":"Pantin","department":"93","id":"small-012","name":"Maison des Associations de Pantin - espace réunion","price_text":"tarif non publié ; mise à disposition associative à vérifier"},"type":"Feature"},{"geometry":{"coordinates":[2.473903,48.789668],"type":"Point"},"properties":{"address":"37 quai de la Pie, 94100 Saint-Maur-des-Fossés","capacity_max_detected":"16","capacity_text":"jusqu’à 16 personnes","catalog_scope":"priority","category":"coworking abordable","city":"Saint-Maur-des-Fossés","department":"94","id":"small-013","name":"ID COWORK - salle de réunion","price_text":"à partir de 40 € / 2h pour 1-2 personnes ; autres jauges selon barème"},"type":"Feature"},{"geometry":{"coordinates":[2.471927,48.820327],"type":"Point"},"properties":{"address":"Joinville-le-Pont, 94340","capacity_max_detected":"","capacity_text":"petits rendez-vous / cabine / open space ; capacité salle dédiée non publiée","catalog_scope":"priority","category":"coworking très abordable","city":"Joinville-le-Pont","department":"94","id":"small-014","name":"CO’LOC Coworking","price_text":"8 € HT / heure ; 20 € HT demi-journée ; 29 € HT journée"},"type":"Feature"},{"geometry":{"coordinates":[2.449477,48.858967],"type":"Point"},"properties":{"address":"17-21 avenue Jean Moulin, 93100 Montreuil","capacity_max_detected":"10","capacity_text":"10 personnes","catalog_scope":"priority","category":"centre affaires / coworking","city":"Montreuil","department":"93","id":"small-015","name":"Facility Center Montreuil - Salle DUBLIN","price_text":"tarif non affiché ; réservation via Neo-nomade"},"type":"Feature"},{"geometry":{"coordinates":[2.449477,48.858967],"type":"Point"},"properties":{"address":"17-21 avenue Jean Moulin, 93100 Montreuil","capacity_max_detected":"14","capacity_text":"14 personnes","catalog_scope":"priority","category":"centre affaires / coworking","city":"Montreuil","department":"93","id":"small-016","name":"Facility Center Montreuil - Salle ATHENES","price_text":"tarif non affiché ; réservation via Neo-nomade"},"type":"Feature"},{"geometry":{"coordinates":[1.91407,49.010636],"type":"Point"},"properties":{"address":"Allée des Cottages, 78250 Meulan-en-Yvelines","capacity_max_detected":"20","capacity_text":"MDA 1: 14 ; MDA 2: 14 ; MDA 4: 20 personnes","catalog_scope":"priority","category":"maison associations / municipal","city":"Meulan-en-Yvelines","department":"78","id":"small-017","name":"Maison des Associations - MDA 1/2/4","price_text":"45 € demi-journée ou 77 € journée Meulanais ; 67 €/113 € extra-muros ; caution 400 €"},"type":"Feature"},{"geometry":{"coordinates":[2.277576,48.9916],"type":"Point"},"properties":{"address":"Eaubonne, 95600","capacity_max_detected":"20","capacity_text":"salles de 2 à 20 personnes selon salle","catalog_scope":"priority","category":"maison associations / municipal","city":"Eaubonne","department":"95","id":"small-018","name":"Maison des Associations d’Eaubonne - petites salles","price_text":"gratuit pour associations eaubonnaises en demande ponctuelle"},"type":"Feature"},{"geometry":{"coordinates":[2.162081,48.804154],"type":"Point"},"properties":{"address":"2 bis place de Touraine, 78000 Versailles","capacity_max_detected":"20","capacity_text":"7 salles de 8 à 22 personnes ; choisir ≤20","catalog_scope":"priority","category":"maison associations / municipal","city":"Versailles","department":"78","id":"small-019","name":"Maison des Associations et de l’Emploi","price_text":"adhésion 44,60 €/an ; location par créneau, détail à demander"},"type":"Feature"},{"geometry":{"coordinates":[2.092649,48.898064],"type":"Point"},"properties":{"address":"3 rue de la République, 78100 Saint-Germain-en-Laye","capacity_max_detected":"20","capacity_text":"salles 4-6, 8, 10, 20 personnes","catalog_scope":"priority","category":"maison associations","city":"Saint-Germain-en-Laye","department":"78","id":"small-020","name":"Maison des Associations Saint-Germanoises","price_text":"frais de gestion selon salle/durée ; dépôt garantie 500 € ; tarifs sur demande"},"type":"Feature"},{"geometry":{"coordinates":[2.43059,48.624153],"type":"Point"},"properties":{"address":"2 cours Monseigneur Romero, 91000 Évry-Courcouronnes","capacity_max_detected":"12","capacity_text":"12 personnes","catalog_scope":"priority","category":"CCI / salle professionnelle","city":"Évry-Courcouronnes","department":"91","id":"small-021","name":"CCI Essonne - Salle La Bruyère","price_text":"80 à 100 € HT / jour"},"type":"Feature"},{"geometry":{"coordinates":[2.43059,48.624153],"type":"Point"},"properties":{"address":"2 cours Monseigneur Romero, 91000 Évry-Courcouronnes","capacity_max_detected":"20","capacity_text":"20 personnes","catalog_scope":"priority","category":"CCI / salle professionnelle","city":"Évry-Courcouronnes","department":"91","id":"small-022","name":"CCI Essonne - Salle George Sand","price_text":"150 à 210 € HT / jour"},"type":"Feature"},{"geometry":{"coordinates":[2.138577,48.795923],"type":"Point"},"properties":{"address":"35 rue des Chantiers, 78000 Versailles","capacity_max_detected":"20","capacity_text":"salles 3, 5, 12 et 20 personnes","catalog_scope":"priority","category":"centre affaires","city":"Versailles","department":"78","id":"small-023","name":"Inter Centres d’Affaires - salle 20 personnes","price_text":"à partir de 21 € HT/h (3 pers), 45 € HT/h (12), 60 € HT/h (20)"},"type":"Feature"},{"geometry":{"coordinates":[2.247663,48.591575],"type":"Point"},"properties":{"address":"27 Grande Rue, 91290 Arpajon","capacity_max_detected":"12","capacity_text":"jusqu’à 12 personnes","catalog_scope":"priority","category":"coworking / salle réunion","city":"Arpajon","department":"91","id":"small-024","name":"Chez Mémé - espace réunion","price_text":"salle incluse selon planning pour coworkers ; open space 12,50 € HT demi-journée / 22,50 € HT journée"},"type":"Feature"},{"geometry":{"coordinates":[2.493008,48.720895],"type":"Point"},"properties":{"address":"30 rue Mont du Griffon, 91330 Yerres","capacity_max_detected":"20","capacity_text":"jusqu’à 20 personnes","catalog_scope":"priority","category":"coworking / salle réunion","city":"Yerres","department":"91","id":"small-025","name":"L’Arche Coworking - salle de réunion","price_text":"100 € HT / 2h ; 166 € HT demi-journée ; 250 € HT journée"},"type":"Feature"},{"geometry":{"coordinates":[2.362217,48.864045],"type":"Point"},"properties":{"address":"5, rue Perrée","capacity_max_detected":20,"capacity_text":"20","catalog_scope":"priority","category":"MVAC","city":"Paris","department":"75","id":"IDF-MVAC-001","name":"MVAC Paris Centre - Site Marais","price_text":"Gratuit (free for registered associations) ; Free meeting rooms, offices, coworking, reprography for registered associations"},"type":"Feature"},{"geometry":{"coordinates":[2.361532,48.863992],"type":"Point"},"properties":{"address":"2, rue Eugène Spuller","capacity_max_detected":20,"capacity_text":"20","catalog_scope":"priority","category":"MVAC","city":"Paris","department":"75","id":"IDF-MVAC-002","name":"MVAC Paris Centre - Site Louvre","price_text":"Gratuit ; Free for registered associations. Salle Bretagne: 48.5 m², 40 pers."},"type":"Feature"},{"geometry":{"coordinates":[2.343527,48.888055],"type":"Point"},"properties":{"address":null,"capacity_max_detected":20,"capacity_text":"20","catalog_scope":"priority","category":"MVAC","city":"Paris","department":"75","id":"IDF-MVAC-003","name":"MVAC 5e - Quartier Latin","price_text":"Gratuit ; Free meeting rooms and offices for associations"},"type":"Feature"},{"geometry":{"coordinates":[2.343527,48.888055],"type":"Point"},"properties":{"address":null,"capacity_max_detected":20,"capacity_text":"20","catalog_scope":"priority","category":"MVAC","city":"Paris","department":"75","id":"IDF-MVAC-004","name":"MVAC 7e arrondissement","price_text":"Gratuit ; Free for registered associations"},"type":"Feature"},{"geometry":{"coordinates":[2.304887,48.875985],"type":"Point"},"properties":{"address":"28, rue Laure Diebold","capacity_max_detected":20,"capacity_text":"20","catalog_scope":"priority","category":"MVAC","city":"Paris","department":"75","id":"IDF-MVAC-005","name":"MVAC 8e arrondissement","price_text":"Gratuit ; Free for registered associations"},"type":"Feature"},{"geometry":{"coordinates":[2.36872,48.881784],"type":"Point"},"properties":{"address":"206, quai de Valmy","capacity_max_detected":20,"capacity_text":"20","catalog_scope":"priority","category":"MVAC","city":"Paris","department":"75","id":"IDF-MVAC-007","name":"MVAC 10e arrondissement","price_text":"Gratuit ; Free for registered associations. Includes coworking, reprography, display spaces."},"type":"Feature"},{"geometry":{"coordinates":[2.343527,48.888055],"type":"Point"},"properties":{"address":null,"capacity_max_detected":20,"capacity_text":"20","catalog_scope":"priority","category":"MVAC","city":"Paris","department":"75","id":"IDF-MVAC-008","name":"MVAC 11e arrondissement","price_text":"Gratuit ; Free for registered associations"},"type":"Feature"},{"geometry":{"coordinates":[2.392507,48.840488],"type":"Point"},"properties":{"address":"181, avenue Daumesnil","capacity_max_detected":20,"capacity_text":"20","catalog_scope":"priority","category":"MVAC","city":"Paris","department":"75","id":"IDF-MVAC-009","name":"MVAC 12e arrondissement (Carrefour des Associations Parisiennes)","price_text":"Gratuit ; Free for registered associations. Located in former Gare de Reuilly."},"type":"Feature"},{"geometry":{"coordinates":[2.353732,48.829136],"type":"Point"},"properties":{"address":"31, rue Bobillot","capacity_max_detected":20,"capacity_text":"20","catalog_scope":"priority","category":"MVAC","city":"Paris","department":"75","id":"IDF-MVAC-010","name":"MVAC 13e arrondissement","price_text":"Gratuit ; Free for registered associations"},"type":"Feature"},{"geometry":{"coordinates":[2.343527,48.888055],"type":"Point"},"properties":{"address":null,"capacity_max_detected":20,"capacity_text":"20","catalog_scope":"priority","category":"MVAC","city":"Paris","department":"75","id":"IDF-MVAC-011","name":"MVAC 14e arrondissement","price_text":"Gratuit ; Free for registered associations"},"type":"Feature"},{"geometry":{"coordinates":[2.295756,48.831832],"type":"Point"},"properties":{"address":"22, rue de la Saïda","capacity_max_detected":20,"capacity_text":"20","catalog_scope":"priority","category":"MVAC","city":"Paris","department":"75","id":"IDF-MVAC-012","name":"MVAC 15e arrondissement","price_text":"Gratuit ; Free for registered associations. Photocopier, free-access computers."},"type":"Feature"},{"geometry":{"coordinates":[2.28418,48.856543],"type":"Point"},"properties":{"address":"14, avenue René Boylesve","capacity_max_detected":20,"capacity_text":"20","catalog_scope":"priority","category":"MVAC","city":"Paris","department":"75","id":"IDF-MVAC-013","name":"MVAC 16e arrondissement","price_text":"Gratuit ; Free for registered associations"},"type":"Feature"},{"geometry":{"coordinates":[2.323751,48.895031],"type":"Point"},"properties":{"address":"25, rue Lantiez","capacity_max_detected":20,"capacity_text":"20","catalog_scope":"priority","category":"MVAC","city":"Paris","department":"75","id":"IDF-MVAC-014","name":"MVAC 17e arrondissement","price_text":"Gratuit ; Free for registered associations"},"type":"Feature"},{"geometry":{"coordinates":[2.343527,48.888055],"type":"Point"},"properties":{"address":null,"capacity_max_detected":20,"capacity_text":"20","catalog_scope":"priority","category":"MVAC","city":"Paris","department":"75","id":"IDF-MVAC-015","name":"MVAC 18e arrondissement","price_text":"Gratuit ; Free for registered associations"},"type":"Feature"},{"geometry":{"coordinates":[2.343527,48.888055],"type":"Point"},"properties":{"address":null,"capacity_max_detected":20,"capacity_text":"20","catalog_scope":"priority","category":"MVAC","city":"Paris","department":"75","id":"IDF-MVAC-016","name":"MVAC 19e - CAPLA (Cabanon de la Place des Fêtes)","price_text":"Gratuit ; Free for registered associations"},"type":"Feature"},{"geometry":{"coordinates":[2.343527,48.888055],"type":"Point"},"properties":{"address":null,"capacity_max_detected":20,"capacity_text":"20","catalog_scope":"priority","category":"MVAC","city":"Paris","department":"75","id":"IDF-MVAC-017","name":"MVAC 19e - Maison du Combattant","price_text":"Gratuit ; Free for registered associations"},"type":"Feature"},{"geometry":{"coordinates":[2.343527,48.888055],"type":"Point"},"properties":{"address":null,"capacity_max_detected":20,"capacity_text":"20","catalog_scope":"priority","category":"MVAC","city":"Paris","department":"75","id":"IDF-MVAC-018","name":"MVAC 20e arrondissement","price_text":"Gratuit ; Free for registered associations"},"type":"Feature"},{"geometry":{"coordinates":[2.340451,48.866835],"type":"Point"},"properties":{"address":"8, rue de la Banque","capacity_max_detected":20,"capacity_text":"20","catalog_scope":"priority","category":"institutional","city":"Paris","department":"75","id":"IDF-INST-019","name":"La Fabrique de la Solidarité","price_text":"Gratuit ; Free spaces for solidarity actors, public meetings, associative permanences."},"type":"Feature"},{"geometry":{"coordinates":[2.343527,48.888055],"type":"Point"},"properties":{"address":null,"capacity_max_detected":20,"capacity_text":"20","catalog_scope":"priority","category":"institutional","city":"Paris","department":"75","id":"IDF-INST-020","name":"La Maison Étudiante","price_text":"Gratuit ; Free services and practical spaces for student project leaders and associations"},"type":"Feature"},{"geometry":{"coordinates":[2.343527,48.888055],"type":"Point"},"properties":{"address":null,"capacity_max_detected":15,"capacity_text":"15","catalog_scope":"priority","category":"institutional","city":"Paris","department":"75","id":"IDF-INST-021","name":"Le Kiosque Citoyen (12e)","price_text":"Gratuit ; Indoor capacity up to 15 people; outdoor space for animations."},"type":"Feature"},{"geometry":{"coordinates":[2.338153,48.830403],"type":"Point"},"properties":{"address":"30, rue Cabanis","capacity_max_detected":20,"capacity_text":"20","catalog_scope":"priority","category":"institutional","city":"Paris","department":"75","id":"IDF-INST-022","name":"FIAP - Jean Monnet","price_text":"Tarif préférentiel associatif ; 20 meeting rooms, preferential rates for associations. Available evenings and school holidays."},"type":"Feature"},{"geometry":{"coordinates":[2.392208,48.856003],"type":"Point"},"properties":{"address":"177, rue de Charonne","capacity_max_detected":20,"capacity_text":"20","catalog_scope":"priority","category":"institutional","city":"Paris","department":"75","id":"IDF-INST-023","name":"AGECA","price_text":"Tarif préférentiel associatif ; 9 modular rooms (10 to 175 seats), preferential rates for Parisian associations."},"type":"Feature"},{"geometry":{"coordinates":[2.372187,48.824323],"type":"Point"},"properties":{"address":"10-18, rue des Terres au curé","capacity_max_detected":20,"capacity_text":"20","catalog_scope":"priority","category":"institutional","city":"Paris","department":"75","id":"IDF-INST-024","name":"Maison des Associations de Solidarité (MAS)","price_text":"Tarif modéré ; 8 rooms (5 to 400 capacity). WiFi, screens, video projectors, paperboards. Rooms: La Boutique (30m²-~15p), La Fabrique (48m²-~16p), L'Usine (50m²-~18p)."},"type":"Feature"},{"geometry":{"coordinates":[2.370645,48.884656],"type":"Point"},"properties":{"address":"6, quai de la Seine","capacity_max_detected":20,"capacity_text":"20","catalog_scope":"priority","category":"institutional","city":"Paris","department":"75","id":"IDF-INST-025","name":"Les Canaux (Maison des économies solidaires et innovantes)","price_text":"Gratuit ; Free hosting for events/meetings for solidarity and innovative economy actors."},"type":"Feature"},{"geometry":{"coordinates":[2.343527,48.888055],"type":"Point"},"properties":{"address":null,"capacity_max_detected":20,"capacity_text":"20","catalog_scope":"priority","category":"paris_anim","city":"Paris","department":"75","id":"IDF-CPA-026","name":"Centre Paris Anim' Marc Sangnier","price_text":"Tarif préférentiel associatif ; Aide jeune création: 59€ forfait for 2-month rehearsal room rental. Associative: priority, reduced rates. Commercial: higher rate."},"type":"Feature"},{"geometry":{"coordinates":[2.343527,48.888055],"type":"Point"},"properties":{"address":null,"capacity_max_detected":20,"capacity_text":"20","catalog_scope":"priority","category":"paris_anim","city":"Paris","department":"75","id":"IDF-CPA-027","name":"Centre Paris Anim' Mado Robin","price_text":"Tarif préférentiel ; Salle polyvalente: 60m², up to 25 people for meetings."},"type":"Feature"},{"geometry":{"coordinates":[2.395791,48.878193],"type":"Point"},"properties":{"address":"2-4, rue des Lilas","capacity_max_detected":20,"capacity_text":"20","catalog_scope":"priority","category":"paris_anim","city":"Paris","department":"75","id":"IDF-CPA-028","name":"Centre Paris Anim' Place des Fêtes","price_text":"Gratuit pour associations du quartier ; Free for neighborhood associations if spaces available. 9€/hour + 30€ annual membership for others."},"type":"Feature"},{"geometry":{"coordinates":[2.377392,48.848216],"type":"Point"},"properties":{"address":"3-5, rue d'Aligre","capacity_max_detected":20,"capacity_text":"20","catalog_scope":"priority","category":"paris_anim","city":"Paris","department":"75","id":"IDF-CPA-029","name":"Centre Paris Anim' Maison des Ensembles","price_text":"Tarif préférentiel ; Preferential rates for associations"},"type":"Feature"},{"geometry":{"coordinates":[2.335995,48.900156],"type":"Point"},"properties":{"address":"28, avenue de la Porte de Montmartre","capacity_max_detected":20,"capacity_text":"20","catalog_scope":"priority","category":"paris_anim","city":"Paris","department":"75","id":"IDF-CPA-030","name":"Centre Paris Anim' Binet","price_text":"Tarif préférentiel ; Preferential rates for associations"},"type":"Feature"},{"geometry":{"coordinates":[2.343527,48.888055],"type":"Point"},"properties":{"address":null,"capacity_max_detected":20,"capacity_text":"20","catalog_scope":"priority","category":"paris_anim","city":"Paris","department":"75","id":"IDF-CPA-031","name":"Centre Paris Anim' 13e - Ligue de Paris","price_text":"Variable ; Spaces 20-40m² from 20€, spaces 40-80m² from 48€, spaces 80-180m²."},"type":"Feature"},{"geometry":{"coordinates":[2.343527,48.888055],"type":"Point"},"properties":{"address":null,"capacity_max_detected":20,"capacity_text":"20","catalog_scope":"priority","category":"municipal_hall","city":"Paris","department":"75","id":"IDF-SALLE-032","name":"Salle Châteaubriant (Mairie 14e - Salles Municipales)","price_text":"Tarif municipal ; Municipal rates for associative rental. 73 m² capacity 20 persons."},"type":"Feature"},{"geometry":{"coordinates":[2.343527,48.888055],"type":"Point"},"properties":{"address":null,"capacity_max_detected":10,"capacity_text":"10","catalog_scope":"priority","category":"coworking_free","city":"Paris","department":"75","id":"IDF-INST-033","name":"Le NUMA (Coworking Gratuit)","price_text":"Gratuit ; Free open-plan coworking, no reservation needed. Open to all entrepreneurs/innovators."},"type":"Feature"},{"geometry":{"coordinates":[2.137679,47.867888],"type":"Point"},"properties":{"address":null,"capacity_max_detected":20,"capacity_text":"20","catalog_scope":"geocode_review","category":"municipal_assoc","city":"Saint-Denis","department":"93","id":"IDF-DEPT-034","name":"Maison de la vie associative - Saint-Denis (93)","price_text":"Gratuit pour associations ; Free room provision for associations (gratuite). Annual and one-off reservations available."},"type":"Feature"},{"geometry":{"coordinates":[2.336101,48.903526],"type":"Point"},"properties":{"address":null,"capacity_max_detected":20,"capacity_text":"20","catalog_scope":"priority","category":"municipal_assoc","city":"Saint-Ouen-sur-Seine","department":"93","id":"IDF-DEPT-035","name":"Salle municipale - Saint-Ouen-sur-Seine (93)","price_text":"200€/jour (lun-jeu), 500€/weekend (ven-dim) ; Municipal rental rates for Saint-Ouen residents."},"type":"Feature"},{"geometry":{"coordinates":[2.094204,48.898266],"type":"Point"},"properties":{"address":null,"capacity_max_detected":20,"capacity_text":"20","catalog_scope":"priority","category":"municipal_assoc","city":"Saint-Germain-en-Laye","department":"78","id":"IDF-DEPT-036","name":"Maison des Associations Saint-Germanoises (MAS) - Saint-Germain-en-Laye (78)","price_text":"Tarif associatif ; Association rates for room rental"},"type":"Feature"},{"geometry":{"coordinates":[1.855533,48.962326],"type":"Point"},"properties":{"address":"25, route de 40 sous","capacity_max_detected":20,"capacity_text":"20","catalog_scope":"priority","category":"municipal_assoc","city":"Aubergenville","department":"78","id":"IDF-DEPT-037","name":"Maison des Associations - Aubergenville (78)","price_text":"Tarif associatif ; Municipal room rental rates for associations"},"type":"Feature"},{"geometry":{"coordinates":[2.486568,48.792845],"type":"Point"},"properties":{"address":"2, avenue du Maréchal Lyautey","capacity_max_detected":20,"capacity_text":"20","catalog_scope":"priority","category":"municipal_assoc","city":"Saint-Maur-des-Fossés","department":"94","id":"IDF-DEPT-038","name":"Maison des Associations - Saint-Maur-des-Fossés (94)","price_text":"Tarif associatif ; Association room rental rates"},"type":"Feature"},{"geometry":{"coordinates":[2.136874,47.590678],"type":"Point"},"properties":{"address":null,"capacity_max_detected":20,"capacity_text":"20","catalog_scope":"geocode_review","category":"municipal_assoc","city":"Pontoise","department":"95","id":"IDF-DEPT-039","name":"Maison des Associations - Pontoise (95)","price_text":"Tarif municipal ; Municipal room rental rates for associations"},"type":"Feature"},{"geometry":{"coordinates":[2.567553,48.602745],"type":"Point"},"properties":{"address":"Place du Miroir d'eau","capacity_max_detected":20,"capacity_text":"20","catalog_scope":"priority","category":"municipal_assoc","city":"Savigny-le-Temple","department":"77","id":"IDF-DEPT-040","name":"Maison des Associations - Savigny-le-Temple (77)","price_text":"Tarif municipal ; Municipal room rental for associations"},"type":"Feature"},{"geometry":{"coordinates":[2.343527,48.888055],"type":"Point"},"properties":{"address":null,"capacity_max_detected":16,"capacity_text":"16","catalog_scope":"priority","category":"aggregation_platform","city":"Paris","department":"75","id":"IDF-NEO-041","name":"The Working Loft - Salle de réunion","price_text":"Variable ; Meeting room for 16 people"},"type":"Feature"},{"geometry":{"coordinates":[2.343527,48.888055],"type":"Point"},"properties":{"address":null,"capacity_max_detected":19,"capacity_text":"19","catalog_scope":"priority","category":"aggregation_platform","city":"Paris","department":"75","id":"IDF-NEO-042","name":"Centrale Affaires - Salle B5","price_text":"Variable ; Meeting/training room for 19 people"},"type":"Feature"},{"geometry":{"coordinates":[2.343527,48.888055],"type":"Point"},"properties":{"address":null,"capacity_max_detected":20,"capacity_text":"20","catalog_scope":"priority","category":"aggregation_platform","city":"Paris","department":"75","id":"IDF-NEO-043","name":"Centrale Affaires - LA CENTRALE","price_text":"Variable ; Large connected meeting room (90 max but can be configured small)"},"type":"Feature"},{"geometry":{"coordinates":[2.343527,48.888055],"type":"Point"},"properties":{"address":null,"capacity_max_detected":17,"capacity_text":"17","catalog_scope":"priority","category":"aggregation_platform","city":"Paris","department":"75","id":"IDF-NEO-044","name":"Centrale Affaires - Salle B15","price_text":"Variable ; Meeting/training room for 17 people"},"type":"Feature"},{"geometry":{"coordinates":[2.163266,47.612754],"type":"Point"},"properties":{"address":null,"capacity_max_detected":8,"capacity_text":"8","catalog_scope":"geocode_review","category":"aggregation_platform","city":"La Varenne","department":"94","id":"IDF-NEO-045","name":"Dixheuresdix La Varenne - Salle de réunion/form.","price_text":"Variable ; Small meeting/training room for 8 people"},"type":"Feature"},{"geometry":{"coordinates":[2.815171,48.848981],"type":"Point"},"properties":{"address":null,"capacity_max_detected":6,"capacity_text":"6","catalog_scope":"priority","category":"aggregation_platform","city":"Bailly-Romainvilliers","department":"77","id":"IDF-NEO-046","name":"Today Coworking Bailly-Romainvilliers - Salle réunion 1","price_text":"Variable ; Small meeting room for 6 people"},"type":"Feature"},{"geometry":{"coordinates":[2.815171,48.848981],"type":"Point"},"properties":{"address":null,"capacity_max_detected":6,"capacity_text":"6","catalog_scope":"priority","category":"aggregation_platform","city":"Bailly-Romainvilliers","department":"77","id":"IDF-NEO-047","name":"Today Coworking Bailly-Romainvilliers - Salle réunion 2","price_text":"Variable ; Small meeting room for 6 people"},"type":"Feature"},{"geometry":{"coordinates":[2.343527,48.888055],"type":"Point"},"properties":{"address":null,"capacity_max_detected":5,"capacity_text":"5","catalog_scope":"priority","category":"aggregation_platform","city":"Paris","department":"75","id":"IDF-NEO-048","name":"Coworking Co-loc - Salle de réunion","price_text":"Variable ; Small meeting room for 5 people"},"type":"Feature"},{"geometry":{"coordinates":[2.343527,48.888055],"type":"Point"},"properties":{"address":null,"capacity_max_detected":16,"capacity_text":"16","catalog_scope":"priority","category":"aggregation_platform","city":"Paris","department":"75","id":"IDF-NEO-049","name":"Facility Center - Salle PARIS","price_text":"Variable ; Meeting room for 16 people"},"type":"Feature"},{"geometry":{"coordinates":[2.343527,48.888055],"type":"Point"},"properties":{"address":null,"capacity_max_detected":16,"capacity_text":"16","catalog_scope":"priority","category":"aggregation_platform","city":"Paris","department":"75","id":"IDF-NEO-050","name":"Facility Center - Salle ROME","price_text":"Variable ; Meeting room for 16 people"},"type":"Feature"},{"geometry":{"coordinates":[2.343527,48.888055],"type":"Point"},"properties":{"address":null,"capacity_max_detected":10,"capacity_text":"10","catalog_scope":"priority","category":"aggregation_platform","city":"Paris","department":"75","id":"IDF-NEO-051","name":"Facility Center - Salle DUBLIN","price_text":"Variable ; Meeting room for 10 people"},"type":"Feature"},{"geometry":{"coordinates":[2.343527,48.888055],"type":"Point"},"properties":{"address":null,"capacity_max_detected":16,"capacity_text":"16","catalog_scope":"priority","category":"aggregation_platform","city":"Paris","department":"75","id":"IDF-NEO-052","name":"Facility Center - Salle MILAN","price_text":"Variable ; Meeting room for 16 people"},"type":"Feature"},{"geometry":{"coordinates":[2.343527,48.888055],"type":"Point"},"properties":{"address":null,"capacity_max_detected":14,"capacity_text":"14","catalog_scope":"priority","category":"aggregation_platform","city":"Paris","department":"75","id":"IDF-NEO-053","name":"Facility Center - Salle ATHÈNES","price_text":"Variable ; Meeting room for 14 people"},"type":"Feature"},{"geometry":{"coordinates":[0.648242,44.207346],"type":"Point"},"properties":{"address":null,"capacity_max_detected":8,"capacity_text":"8","catalog_scope":"geocode_review","category":"aggregation_platform","city":"Vincennes","department":"94","id":"IDF-NEO-054","name":"Rayon Vincennes - HIPPODROME","price_text":"Variable ; Meeting room for 8 people"},"type":"Feature"},{"geometry":{"coordinates":[0.648242,44.207346],"type":"Point"},"properties":{"address":null,"capacity_max_detected":6,"capacity_text":"6","catalog_scope":"geocode_review","category":"aggregation_platform","city":"Vincennes","department":"94","id":"IDF-NEO-055","name":"Rayon Vincennes - CHÂTEAU","price_text":"Variable ; Meeting room for 6 people"},"type":"Feature"},{"geometry":{"coordinates":[2.456745,48.891485],"type":"Point"},"properties":{"address":null,"capacity_max_detected":14,"capacity_text":"14","catalog_scope":"priority","category":"aggregation_platform","city":"Noisy-le-Sec","department":"93","id":"IDF-NEO-056","name":"Annexx Noisy-le-Sec - Salle de réunion","price_text":"Variable ; Meeting room for 14 people"},"type":"Feature"},{"geometry":{"coordinates":[2.336101,48.903526],"type":"Point"},"properties":{"address":null,"capacity_max_detected":20,"capacity_text":"20","catalog_scope":"priority","category":"aggregation_platform","city":"Seine-Saint-Denis","department":"93","id":"IDF-NEO-057","name":"Espace Openspot 93 (CCI Seine-Saint-Denis) - Salles réunion","price_text":"Variable ; Meeting room for 20 people"},"type":"Feature"},{"geometry":{"coordinates":[2.336101,48.903526],"type":"Point"},"properties":{"address":null,"capacity_max_detected":15,"capacity_text":"15","catalog_scope":"priority","category":"aggregation_platform","city":"Seine-Saint-Denis","department":"93","id":"IDF-NEO-058","name":"Espace Openspot 93 (CCI) - Salle LES DIGITEURS","price_text":"Variable ; Meeting room for 15 people"},"type":"Feature"},{"geometry":{"coordinates":[2.343527,48.888055],"type":"Point"},"properties":{"address":null,"capacity_max_detected":20,"capacity_text":"20","catalog_scope":"priority","category":"aggregation_platform","city":"Paris","department":"75","id":"IDF-ZIP-059","name":"Cloud Business Center - Salle réunion","price_text":"55€ HT/pers (formule Réunion) ; Budget option. 8-30 people small committees. Near Bourse."},"type":"Feature"},{"geometry":{"coordinates":[2.343527,48.888055],"type":"Point"},"properties":{"address":null,"capacity_max_detected":20,"capacity_text":"20","catalog_scope":"priority","category":"aggregation_platform","city":"Paris","department":"75","id":"IDF-ZIP-060","name":"Espace Saint-Antoine","price_text":"dès 67€/jour (petites salles) ; Near Bastille. Small rooms from 67€/day."},"type":"Feature"},{"geometry":{"coordinates":[2.343527,48.888055],"type":"Point"},"properties":{"address":null,"capacity_max_detected":20,"capacity_text":"20","catalog_scope":"priority","category":"aggregation_platform","city":"Paris","department":"75","id":"IDF-ZIP-061","name":"Maison des Polytechniciens - Salons intimistes","price_text":"Moyen ; 15 salons on gardens and terraces. Small committees 8-30."},"type":"Feature"},{"geometry":{"coordinates":[2.343527,48.888055],"type":"Point"},"properties":{"address":null,"capacity_max_detected":6,"capacity_text":"6","catalog_scope":"priority","category":"aggregation_platform","city":"Paris","department":"75","id":"IDF-COCOON-062","name":"Cocoon Pergolèse - Petit Parc","price_text":"dès 15€/ heure ; 11m² meeting room, from 15€/hour."},"type":"Feature"},{"geometry":{"coordinates":[2.343527,48.888055],"type":"Point"},"properties":{"address":null,"capacity_max_detected":6,"capacity_text":"6","catalog_scope":"priority","category":"aggregation_platform","city":"Paris","department":"75","id":"IDF-COCOON-063","name":"Cocoon Honoré - Adrien","price_text":"22€/heure ; 12m² room at 22€/hour, or 176€/day."},"type":"Feature"},{"geometry":{"coordinates":[2.137679,47.867888],"type":"Point"},"properties":{"address":null,"capacity_max_detected":4,"capacity_text":"4","catalog_scope":"geocode_review","category":"aggregation_platform","city":"Saint-Denis","department":"93","id":"IDF-COCOON-064","name":"Cocoon Saint-Denis - Martin","price_text":"Variable (~15€/h) ; 13m² meeting room, near La Défense."},"type":"Feature"},{"geometry":{"coordinates":[2.137679,47.867888],"type":"Point"},"properties":{"address":null,"capacity_max_detected":10,"capacity_text":"10","catalog_scope":"geocode_review","category":"aggregation_platform","city":"Saint-Denis","department":"93","id":"IDF-COCOON-065","name":"Cocoon Saint-Denis - Liliane","price_text":"Variable (~30€/h) ; 23m² meeting room."},"type":"Feature"},{"geometry":{"coordinates":[2.137679,47.867888],"type":"Point"},"properties":{"address":null,"capacity_max_detected":12,"capacity_text":"12","catalog_scope":"geocode_review","category":"aggregation_platform","city":"Saint-Denis","department":"93","id":"IDF-COCOON-066","name":"Cocoon Saint-Denis - Milou","price_text":"Variable (~30€/h) ; 26m² meeting room."},"type":"Feature"},{"geometry":{"coordinates":[2.137679,47.867888],"type":"Point"},"properties":{"address":null,"capacity_max_detected":16,"capacity_text":"16","catalog_scope":"geocode_review","category":"aggregation_platform","city":"Saint-Denis","department":"93","id":"IDF-COCOON-067","name":"Cocoon Saint-Denis - Denis","price_text":"Variable (~45€/h) ; 45m² meeting room."},"type":"Feature"},{"geometry":{"coordinates":[2.350643,48.880848],"type":"Point"},"properties":{"address":"43, rue de Dunkerque","capacity_max_detected":20,"capacity_text":"20","catalog_scope":"priority","category":"aggregation_platform","city":"Paris","department":"75","id":"IDF-MISC-070","name":"EspacesRéunion.com - Paris Gare du Nord","price_text":"Variable ; 7 climatised rooms, 16-70m², capacity 2-26 in U-shape."},"type":"Feature"},{"geometry":{"coordinates":[2.343527,48.888055],"type":"Point"},"properties":{"address":null,"capacity_max_detected":20,"capacity_text":"20","catalog_scope":"priority","category":"aggregation_platform","city":"Paris","department":"75","id":"IDF-KAKTUS-071","name":"Chambre de Commerce Franco-Portugaise - Salle de réunion","price_text":"Variable ; Meeting room up to 30 people in 14th arrondissement."},"type":"Feature"},{"geometry":{"coordinates":[2.343527,48.888055],"type":"Point"},"properties":{"address":null,"capacity_max_detected":20,"capacity_text":"20","catalog_scope":"priority","category":"aggregation_platform","city":"Paris","department":"75","id":"IDF-KAKTUS-072","name":"Fondation des États-Unis - Salle de classe/réunion","price_text":"dès 300€ HT (location seule) ; Petit Salon: 250€ HT demie-journée. Salle de classe: 300€ HT."},"type":"Feature"},{"geometry":{"coordinates":[2.343527,48.888055],"type":"Point"},"properties":{"address":null,"capacity_max_detected":10,"capacity_text":"10","catalog_scope":"priority","category":"aggregation_platform","city":"Paris","department":"75","id":"IDF-MYCO-073","name":"myCowork - Salle de réunion Montorgueil","price_text":"Variable ; Atypical meeting rooms in Montorgueil district."},"type":"Feature"},{"geometry":{"coordinates":[2.343527,48.888055],"type":"Point"},"properties":{"address":null,"capacity_max_detected":10,"capacity_text":"10","catalog_scope":"priority","category":"aggregation_platform","city":"Paris","department":"75","id":"IDF-MYCO-074","name":"myCowork - Salle de réunion Beaubourg","price_text":"Variable ; Atypical meeting rooms in Beaubourg district."},"type":"Feature"},{"geometry":{"coordinates":[2.242921,48.890171],"type":"Point"},"properties":{"address":null,"capacity_max_detected":10,"capacity_text":"10","catalog_scope":"priority","category":"aggregation_platform","city":"La Défense","department":"92","id":"IDF-WOJO-075","name":"Wojo Cœur Défense - La Fabrique","price_text":"Variable ; Meeting room for max 10 people. Available by hour or half-day."},"type":"Feature"},{"geometry":{"coordinates":[2.343527,48.888055],"type":"Point"},"properties":{"address":null,"capacity_max_detected":20,"capacity_text":"20","catalog_scope":"priority","category":"aggregation_platform","city":"Paris","department":"75","id":"IDF-REG-076","name":"Regus - Salles de réunion Paris","price_text":"Variable ; Meeting rooms by the hour or day. Multiple locations across IDF."},"type":"Feature"},{"geometry":{"coordinates":[2.343527,48.888055],"type":"Point"},"properties":{"address":null,"capacity_max_detected":20,"capacity_text":"20","catalog_scope":"priority","category":"aggregation_platform","city":"Paris","department":"75","id":"IDF-MORN-077","name":"Morning - Salles de réunion","price_text":"Variable ; 250+ meeting rooms in Paris."},"type":"Feature"},{"geometry":{"coordinates":[2.343527,48.888055],"type":"Point"},"properties":{"address":null,"capacity_max_detected":20,"capacity_text":"20","catalog_scope":"priority","category":"aggregation_platform","city":"Paris","department":"75","id":"IDF-DESK-079","name":"Deskeo - Salles de réunion Paris/Lyon","price_text":"Variable ; 3000m²+ of meeting spaces available."},"type":"Feature"},{"geometry":{"coordinates":[2.368177,48.859893],"type":"Point"},"properties":{"address":"62, rue Amelot","capacity_max_detected":15,"capacity_text":"15","catalog_scope":"priority","category":"aggregation_platform","city":"Paris","department":"75","id":"IDF-KO-080","name":"Ko-Working - Salle réunion Paris 11","price_text":"Variable ; Coworking and meeting room in Paris 11."},"type":"Feature"},{"geometry":{"coordinates":[2.343527,48.888055],"type":"Point"},"properties":{"address":null,"capacity_max_detected":20,"capacity_text":"20","catalog_scope":"priority","category":"aggregation_platform","city":"Paris","department":"75","id":"IDF-CHOOSE-081","name":"Choose and Work - Salle réunion Paris","price_text":"Variable ; Flexible rates, atypical venues."},"type":"Feature"},{"geometry":{"coordinates":[2.343527,48.888055],"type":"Point"},"properties":{"address":null,"capacity_max_detected":20,"capacity_text":"20","catalog_scope":"priority","category":"aggregation_platform","city":"Paris","department":"75","id":"IDF-ALFRED-082","name":"Alfred Meeting - Salle réunion Paris","price_text":"dès 100€ HT/pers ; From 100€ HT per person for meeting rooms in Paris IDF."},"type":"Feature"},{"geometry":{"coordinates":[2.343527,48.888055],"type":"Point"},"properties":{"address":null,"capacity_max_detected":20,"capacity_text":"20","catalog_scope":"priority","category":"aggregation_platform","city":"Paris","department":"75","id":"IDF-KAKTUS-084","name":"Kactus - Salles Réunion Paris","price_text":"Variable ; Aggregator for hotel and business meeting rooms. Prices same as direct."},"type":"Feature"},{"geometry":{"coordinates":[2.343527,48.888055],"type":"Point"},"properties":{"address":null,"capacity_max_detected":20,"capacity_text":"20","catalog_scope":"priority","category":"aggregation_platform","city":"Paris","department":"75","id":"IDF-ABC-085","name":"ABC Salles - Salles Réunion Paris/IDF","price_text":"Variable ; Aggregator platform. 385+ results for Paris."},"type":"Feature"},{"geometry":{"coordinates":[2.343527,48.888055],"type":"Point"},"properties":{"address":null,"capacity_max_detected":10,"capacity_text":"10","catalog_scope":"priority","category":"aggregation_platform","city":"Paris","department":"75","id":"IDF-COCOON-087","name":"Cocoon Louvre - Salle réunion","price_text":"dès 15€/h ; Meeting rooms near Gare du Nord. From 15€/hour."},"type":"Feature"},{"geometry":{"coordinates":[2.343527,48.888055],"type":"Point"},"properties":{"address":null,"capacity_max_detected":20,"capacity_text":"20","catalog_scope":"priority","category":"paris_anim","city":"Paris","department":"75","id":"IDF-CPA-088","name":"Centre Paris Anim' Ken Saro-Wiwa","price_text":"Tarif préférentiel associatif ; Spectacle, recording studio and meeting room rental available."},"type":"Feature"},{"geometry":{"coordinates":[2.345022,48.877967],"type":"Point"},"properties":{"address":"24, rue de Rochechouart","capacity_max_detected":20,"capacity_text":"20","catalog_scope":"priority","category":"paris_anim","city":"Paris","department":"75","id":"IDF-CPA-089","name":"Centre Paris Anim' Paul Valeyre","price_text":"Tarif préférentiel associatif ; Rooms available for associations at preferential rates."},"type":"Feature"},{"geometry":{"coordinates":[2.309562,48.831427],"type":"Point"},"properties":{"address":"181-183, rue Vercingétorix","capacity_max_detected":20,"capacity_text":"20","catalog_scope":"priority","category":"paris_anim","city":"Paris","department":"75","id":"IDF-CPA-090","name":"Centre Paris Anim' Angel Parra","price_text":"Tarif préférentiel associatif ; Rooms available for associations at preferential rates."},"type":"Feature"},{"geometry":{"coordinates":[2.343527,48.888055],"type":"Point"},"properties":{"address":null,"capacity_max_detected":20,"capacity_text":"20","catalog_scope":"priority","category":"paris_anim","city":"Paris","department":"75","id":"IDF-CPA-091","name":"Centre Paris Anim' Baudricourt (13e)","price_text":"Tarif préférentiel associatif ; Rooms available for associations at preferential rates."},"type":"Feature"},{"geometry":{"coordinates":[2.343527,48.888055],"type":"Point"},"properties":{"address":null,"capacity_max_detected":20,"capacity_text":"20","catalog_scope":"priority","category":"paris_anim","city":"Paris","department":"75","id":"IDF-CPA-092","name":"Centre Paris Anim' Clavel (19e)","price_text":"Tarif préférentiel associatif ; Rooms available for associations at preferential rates."},"type":"Feature"},{"geometry":{"coordinates":[2.343527,48.888055],"type":"Point"},"properties":{"address":null,"capacity_max_detected":20,"capacity_text":"20","catalog_scope":"priority","category":"paris_anim","city":"Paris","department":"75","id":"IDF-CPA-093","name":"Centre Paris Anim' Curial (19e)","price_text":"Tarif préférentiel associatif ; Rooms available for associations at preferential rates."},"type":"Feature"},{"geometry":{"coordinates":[2.343527,48.888055],"type":"Point"},"properties":{"address":null,"capacity_max_detected":20,"capacity_text":"20","catalog_scope":"priority","category":"paris_anim","city":"Paris","department":"75","id":"IDF-CPA-094","name":"Centre Paris Anim' Mathis (19e)","price_text":"Tarif préférentiel associatif ; Rooms available for associations at preferential rates."},"type":"Feature"},{"geometry":{"coordinates":[2.343527,48.888055],"type":"Point"},"properties":{"address":null,"capacity_max_detected":20,"capacity_text":"20","catalog_scope":"priority","category":"paris_anim","city":"Paris","department":"75","id":"IDF-CPA-095","name":"Centre Paris Anim' Rébeval (19e)","price_text":"Tarif préférentiel associatif ; Rooms available for associations at preferential rates."},"type":"Feature"},{"geometry":{"coordinates":[2.343527,48.888055],"type":"Point"},"properties":{"address":null,"capacity_max_detected":20,"capacity_text":"20","catalog_scope":"priority","category":"paris_anim","city":"Paris","department":"75","id":"IDF-CPA-096","name":"Centre Paris Anim' Solidarité Angèle Mercier (19e)","price_text":"Tarif préférentiel associatif ; Rooms available for associations at preferential rates."},"type":"Feature"},{"geometry":{"coordinates":[2.351465,48.820452],"type":"Point"},"properties":{"address":"5, rue Gouthière","capacity_max_detected":20,"capacity_text":"20","catalog_scope":"priority","category":"paris_anim","city":"Paris","department":"75","id":"IDF-CPA-097","name":"Centre Paris Anim' Poterne des Peupliers (13e)","price_text":"Tarif préférentiel associatif ; Rooms available for associations at preferential rates."},"type":"Feature"},{"geometry":{"coordinates":[2.336101,48.903526],"type":"Point"},"properties":{"address":null,"capacity_max_detected":20,"capacity_text":"20","catalog_scope":"priority","category":"aggregation_platform","city":"Seine-Saint-Denis","department":"93","id":"IDF-DEPT-098","name":"Espaces Openspot - CCI Seine-Saint-Denis","price_text":"Variable ; CCI coworking/meeting space. Rooms for 15-20 people."},"type":"Feature"},{"geometry":{"coordinates":[2.137679,47.867888],"type":"Point"},"properties":{"address":null,"capacity_max_detected":20,"capacity_text":"20","catalog_scope":"geocode_review","category":"aggregation_platform","city":"Saint-Denis","department":"93","id":"IDF-OPEN-099","name":"L'Usine Té - Saint-Denis (93)","price_text":"Variable ; Creative factory in former manufacturing building. Small rooms available."},"type":"Feature"},{"geometry":{"coordinates":[2.343527,48.888055],"type":"Point"},"properties":{"address":null,"capacity_max_detected":20,"capacity_text":"20","catalog_scope":"priority","category":"paris_anim","city":"Paris","department":"75","id":"IDF-CPA-100","name":"Centre Paris Anim' (remaining 35+ centers)","price_text":"Tarif préférentiel associatif (59€ forfait jeune création) ; 49 Centres Paris Anim across all arrondissements. All have rooms available for associations at preferential rates. Young creation: 59€ flat fee for 2-month rehearsal room."},"type":"Feature"},{"geometry":{"coordinates":[2.343527,48.888055],"type":"Point"},"properties":{"address":null,"capacity_max_detected":20,"capacity_text":"20","catalog_scope":"priority","category":"paris_anim","city":"Paris","department":"75","id":"IDF-CPA-101","name":"Centre Paris Anim' - 16e arrondissement","price_text":"Tarif préférentiel associatif ; Rooms available for associations."},"type":"Feature"},{"geometry":{"coordinates":[2.343527,48.888055],"type":"Point"},"properties":{"address":null,"capacity_max_detected":20,"capacity_text":"20","catalog_scope":"priority","category":"paris_anim","city":"Paris","department":"75","id":"IDF-CPA-102","name":"Centre Paris Anim' - 20e arrondissement","price_text":"Tarif préférentiel associatif ; Rooms available for associations."},"type":"Feature"},{"geometry":{"coordinates":[2.343527,48.888055],"type":"Point"},"properties":{"address":null,"capacity_max_detected":20,"capacity_text":"20","catalog_scope":"priority","category":"paris_anim","city":"Paris","department":"75","id":"IDF-CPA-103","name":"Centre Paris Anim' - 1e/2e arrondissement","price_text":"Tarif préférentiel associatif ; Rooms available for associations."},"type":"Feature"},{"geometry":{"coordinates":[2.343527,48.888055],"type":"Point"},"properties":{"address":null,"capacity_max_detected":20,"capacity_text":"20","catalog_scope":"priority","category":"paris_anim","city":"Paris","department":"75","id":"IDF-CPA-104","name":"Centre Paris Anim' - 4e arrondissement","price_text":"Tarif préférentiel associatif ; Rooms available for associations."},"type":"Feature"},{"geometry":{"coordinates":[2.343527,48.888055],"type":"Point"},"properties":{"address":null,"capacity_max_detected":20,"capacity_text":"20","catalog_scope":"priority","category":"paris_anim","city":"Paris","department":"75","id":"IDF-CPA-105","name":"Centre Paris Anim' - 6e arrondissement (shared MVAC with 5e)","price_text":"Tarif préférentiel associatif ; Rooms available for associations."},"type":"Feature"},{"geometry":{"coordinates":[2.343527,48.888055],"type":"Point"},"properties":{"address":null,"capacity_max_detected":20,"capacity_text":"20","catalog_scope":"priority","category":"paris_anim","city":"Paris","department":"75","id":"IDF-CPA-106","name":"Centre Paris Anim' - 10e arrondissement","price_text":"Tarif préférentiel associatif ; Rooms available for associations."},"type":"Feature"},{"geometry":{"coordinates":[2.137679,47.867888],"type":"Point"},"properties":{"address":null,"capacity_max_detected":20,"capacity_text":"20","catalog_scope":"geocode_review","category":"aggregation_platform","city":"Saint-Denis","department":"93","id":"IDF-DEPT-107","name":"H4 Wyndham Paris Pleyel - Salles réunion","price_text":"Variable ; Hotel seminar rooms available. Not budget-friendly."},"type":"Feature"},{"geometry":{"coordinates":[2.176976,47.610485],"type":"Point"},"properties":{"address":null,"capacity_max_detected":20,"capacity_text":"20","catalog_scope":"geocode_review","category":"aggregation_platform","city":"Bagnolet","department":"93","id":"IDF-DEPT-108","name":"Novotel Paris Est - Centre de Conférence","price_text":"Variable ; Hotel conference center. Various room sizes."},"type":"Feature"},{"geometry":{"coordinates":[2.343527,48.888055],"type":"Point"},"properties":{"address":null,"capacity_max_detected":12,"capacity_text":"12","catalog_scope":"priority","category":"aggregation_platform","city":"Paris","department":"75","id":"IDF-PEER-109","name":"Studio 71 - Salle réunion Paris 17e","price_text":"Variable ; 60m², up to 12 people. Podcast studio available."},"type":"Feature"},{"geometry":{"coordinates":[2.395791,48.878193],"type":"Point"},"properties":{"address":"2-4, rue des Lilas","capacity_max_detected":12,"capacity_text":"12","catalog_scope":"priority","category":"institutional","city":"Paris","department":"75","id":"IDF-PRIVATEASER-110","name":"Maison de la Place des Fêtes - MPdF","price_text":"9€/heure + 30€ adhésion annuelle ; 9€/heure for room, 30€ annual membership for associations."},"type":"Feature"},{"geometry":{"coordinates":[2.343527,48.888055],"type":"Point"},"properties":{"address":null,"capacity_max_detected":12,"capacity_text":"12","catalog_scope":"priority","category":"institutional","city":"Paris","department":"75","id":"IDF-MISC-111","name":"Les Fabrikantes (La Fabrik Coopérative)","price_text":"Variable (adhésion requise) ; Rooms available for member structures. Non-member collectives possible under conditions."},"type":"Feature"},{"geometry":{"coordinates":[6.492499,47.978688],"type":"Point"},"properties":{"address":"Various","capacity_max_detected":20,"capacity_text":"20","catalog_scope":"geocode_review","category":"paris_anim","city":"Paris","department":"75","id":"IDF-CPA-112","name":"Remaining Paris Anim' Centers (approx. 35 locations)","price_text":"Tarif préférentiel (5€-59€) ; Rooms from free (for associations) to 59€ for young creators (2-month rehearsal flat fee). Commercial rates higher. 49 Centres Paris Anim across Paris."},"type":"Feature"},{"geometry":{"coordinates":[2.361532,48.863992],"type":"Point"},"properties":{"address":"2, rue Eugène Spuller","capacity_max_detected":20,"capacity_text":"20","catalog_scope":"priority","category":"municipal_hall","city":"Paris","department":"75","id":"IDF-MISC-113","name":"Mairie Paris Centre - Salle Bretagne","price_text":"Gratuit (MVAC) ; 48.5 m², up to 40 people in salle Bretagne. But smaller rooms also available."},"type":"Feature"},{"geometry":{"coordinates":[2.361532,48.863992],"type":"Point"},"properties":{"address":"2, rue Eugène Spuller","capacity_max_detected":19,"capacity_text":"19","catalog_scope":"priority","category":"municipal_hall","city":"Paris","department":"75","id":"IDF-MISC-114","name":"Mairie Paris Centre - Salle des Conseils de Quartier","price_text":"Gratuit (MVAC) ; 34.4 m², 19 persons. Free for registered associations."},"type":"Feature"},{"geometry":{"coordinates":[2.361532,48.863992],"type":"Point"},"properties":{"address":"2, rue Eugène Spuller","capacity_max_detected":20,"capacity_text":"20","catalog_scope":"priority","category":"municipal_hall","city":"Paris","department":"75","id":"IDF-MISC-115","name":"Mairie Paris Centre - Location de salles","price_text":"Tarif municipal ; Rental of municipal halls for events. Contact Service Événements."},"type":"Feature"},{"geometry":{"coordinates":[2.343527,48.888055],"type":"Point"},"properties":{"address":null,"capacity_max_detected":8,"capacity_text":"8","catalog_scope":"priority","category":"aggregation_platform","city":"Paris","department":"75","id":"IDF-COCOON-116","name":"Cocoon Space - 1er arrondissement","price_text":"dès 15€/h ; Small meeting rooms near major stations. From 15€/hour."},"type":"Feature"},{"geometry":{"coordinates":[2.343527,48.888055],"type":"Point"},"properties":{"address":null,"capacity_max_detected":8,"capacity_text":"8","catalog_scope":"priority","category":"aggregation_platform","city":"Paris","department":"75","id":"IDF-COCOON-117","name":"Cocoon Space - 3e/4e arrondissement","price_text":"dès 15€/h ; Small meeting rooms. From 15€/hour."},"type":"Feature"},{"geometry":{"coordinates":[2.343527,48.888055],"type":"Point"},"properties":{"address":null,"capacity_max_detected":8,"capacity_text":"8","catalog_scope":"priority","category":"aggregation_platform","city":"Paris","department":"75","id":"IDF-COCOON-118","name":"Cocoon Space - 8e/9e arrondissement (Honoré)","price_text":"dès 22€/h ; 12m² rooms from 22€/hour, 176€/day."},"type":"Feature"},{"geometry":{"coordinates":[2.343527,48.888055],"type":"Point"},"properties":{"address":null,"capacity_max_detected":8,"capacity_text":"8","catalog_scope":"priority","category":"aggregation_platform","city":"Paris","department":"75","id":"IDF-COCOON-119","name":"Cocoon Space - 11e arrondissement","price_text":"dès 15€/h ; Small meeting rooms from 15€/hour."},"type":"Feature"},{"geometry":{"coordinates":[2.343527,48.888055],"type":"Point"},"properties":{"address":null,"capacity_max_detected":8,"capacity_text":"8","catalog_scope":"priority","category":"aggregation_platform","city":"Paris","department":"75","id":"IDF-COCOON-120","name":"Cocoon Space - 12e arrondissement","price_text":"dès 15€/h ; Small meeting rooms from 15€/hour."},"type":"Feature"},{"geometry":{"coordinates":[2.343527,48.888055],"type":"Point"},"properties":{"address":null,"capacity_max_detected":8,"capacity_text":"8","catalog_scope":"priority","category":"aggregation_platform","city":"Paris","department":"75","id":"IDF-COCOON-121","name":"Cocoon Space - 13e/14e arrondissement","price_text":"dès 15€/h ; Small meeting rooms from 15€/hour."},"type":"Feature"},{"geometry":{"coordinates":[2.343527,48.888055],"type":"Point"},"properties":{"address":null,"capacity_max_detected":20,"capacity_text":"20","catalog_scope":"priority","category":"municipal_hall","city":"Paris","department":"75","id":"IDF-MISC-122","name":"Salle municipale - Mairie 14e (Châteaubriant)","price_text":"Tarif municipal ; 73 m², max 20 personnes. From official Mairie 14e catalogue."},"type":"Feature"},{"geometry":{"coordinates":[2.343527,48.888055],"type":"Point"},"properties":{"address":null,"capacity_max_detected":10,"capacity_text":"10","catalog_scope":"priority","category":"coworking_free","city":"Paris","department":"75","id":"IDF-MISC-123","name":"Le NUMA Paris - Coworking Gratuit","price_text":"Gratuit ; Free open-plan coworking. No reservation needed. Mon-Fri 9h-20h."},"type":"Feature"},{"geometry":{"coordinates":[2.343527,48.888055],"type":"Point"},"properties":{"address":null,"capacity_max_detected":20,"capacity_text":"20","catalog_scope":"priority","category":"institutional","city":"Paris","department":"75","id":"IDF-MISC-124","name":"MPAA - Maison des Pratiques Artistiques Amateurs","price_text":"Variable ; Directory of practice/rehearsal spaces accessible to amateurs."},"type":"Feature"},{"geometry":{"coordinates":[2.343527,48.888055],"type":"Point"},"properties":{"address":null,"capacity_max_detected":20,"capacity_text":"20","catalog_scope":"priority","category":"municipal_hall","city":"Paris","department":"75","id":"IDF-MISC-126","name":"Mairie du 18e - Salle des mariages (réunion)","price_text":"Tarif municipal ; Municipal halls available for event rental. Contact mairie directly."},"type":"Feature"},{"geometry":{"coordinates":[2.238672,48.837436],"type":"Point"},"properties":{"address":"Various","capacity_max_detected":20,"capacity_text":"20","catalog_scope":"priority","category":"municipal_assoc","city":"Various (Nanterre, Courbevoie, Boulogne-Billancourt, etc.)","department":"92","id":"IDF-DEPT-130","name":"Maisons des Associations - Hauts-de-Seine (92) [Multiple]","price_text":"Gratuit ou tarif associatif ; Multiple Maisons des Associations across 92. Most offer free or low-cost rooms for associations."},"type":"Feature"},{"geometry":{"coordinates":[2.087269,48.981488],"type":"Point"},"properties":{"address":"Various","capacity_max_detected":20,"capacity_text":"20","catalog_scope":"priority","category":"municipal_assoc","city":"Various (Versailles, Saint-Germain-en-Laye, etc.)","department":"78","id":"IDF-DEPT-132","name":"Maisons des Associations - Yvelines (78) [Multiple]","price_text":"Gratuit ou tarif associatif ; Multiple Maisons des Associations across 78."},"type":"Feature"},{"geometry":{"coordinates":[2.206235,48.946874],"type":"Point"},"properties":{"address":"Various","capacity_max_detected":20,"capacity_text":"20","catalog_scope":"priority","category":"municipal_assoc","city":"Various (Cergy, Pontoise, Argenteuil, etc.)","department":"95","id":"IDF-DEPT-135","name":"Maisons des Associations - Val-d'Oise (95) [Multiple]","price_text":"Gratuit ou tarif associatif ; Multiple Maisons des Associations across 95."},"type":"Feature"},{"geometry":{"coordinates":[2.469315,48.886788],"type":"Point"},"properties":{"address":"Various","capacity_max_detected":20,"capacity_text":"20","catalog_scope":"priority","category":"municipal_assoc","city":"Various (Saint-Denis, Montreuil, Aubervilliers, Noisy-le-Sec, etc.)","department":"93","id":"IDF-DEPT-136","name":"Maisons des Associations - Seine-Saint-Denis (93) [Multiple]","price_text":"Gratuit ou tarif associatif ; Multiple Maisons des Associations across 93. Free municipal rooms for associations in many communes."},"type":"Feature"},{"geometry":{"coordinates":[2.336101,48.903526],"type":"Point"},"properties":{"address":null,"capacity_max_detected":15,"capacity_text":"15","catalog_scope":"priority","category":"aggregation_platform","city":"Seine-Saint-Denis","department":"93","id":"IDF-NEO-137","name":"Espace Openspot 93 - CCI Seine-Saint-Denis","price_text":"Variable ; Salle LES DIGITEURS: 15 personnes. Also rooms for up to 20."},"type":"Feature"},{"geometry":{"coordinates":[2.343527,48.888055],"type":"Point"},"properties":{"address":null,"capacity_max_detected":"","capacity_text":"","catalog_scope":"priority","category":"data_source","city":"Paris","department":"75","id":"IDF-OPEN-139","name":"Paris Data - Open Data","price_text":"Paris municipal open data portal. Contains equipment and facility datasets."},"type":"Feature"},{"geometry":{"coordinates":[2.343527,48.888055],"type":"Point"},"properties":{"address":null,"capacity_max_detected":"","capacity_text":"","catalog_scope":"priority","category":"data_source","city":"Paris","department":"75","id":"IDF-PARIS-ASSO-146","name":"ParisAsso - Portail Associatif","price_text":"Portal for association registration in Paris. Required step to access MVAC rooms."},"type":"Feature"},{"geometry":{"coordinates":[2.343527,48.888055],"type":"Point"},"properties":{"address":null,"capacity_max_detected":"","capacity_text":"","catalog_scope":"priority","category":"data_source","city":"Paris","department":"75","id":"IDF-MISC-147","name":"Paris.fr - Tous les lieux MVAC","price_text":"Complete listing of all MVAC locations with hours and contacts on paris.fr."},"type":"Feature"},{"geometry":{"coordinates":[2.343527,48.888055],"type":"Point"},"properties":{"address":null,"capacity_max_detected":"","capacity_text":"","catalog_scope":"priority","category":"data_source","city":"Paris","department":"75","id":"IDF-MISC-148","name":"Paris.fr - Tous les centres Paris Anim'","price_text":"Complete listing of all 49 Paris Anim centers on paris.fr."},"type":"Feature"},{"geometry":{"coordinates":[2.343527,48.888055],"type":"Point"},"properties":{"address":null,"capacity_max_detected":"","capacity_text":"","catalog_scope":"priority","category":"data_source","city":"Paris","department":"75","id":"IDF-MISC-149","name":"meslieux.paris.fr - Centres d'animation","price_text":"Searchable directory of all Paris municipal facilities with room details."},"type":"Feature"},{"geometry":{"coordinates":[2.19765,48.891781],"type":"Point"},"properties":{"address":"11 rue des Anciennes Mairies","capacity_max_detected":12,"capacity_text":"3 salles polyvalentes + 12 bureaux","catalog_scope":"priority","category":"Maison des associations","city":"Nanterre","department":"92","id":"venue-150","name":"Maison des Associatons du Parc des Anciennes Mairies","price_text":""},"type":"Feature"},{"geometry":{"coordinates":[2.206936,48.892222],"type":"Point"},"properties":{"address":"1 Pl. du 27 Mars 2002","capacity_max_detected":"","capacity_text":"","catalog_scope":"priority","category":"Salle municipale","city":"Nanterre","department":"92","id":"venue-151","name":"Salle de la Maison des Associations","price_text":""},"type":"Feature"},{"geometry":{"coordinates":[2.213371,48.891291],"type":"Point"},"properties":{"address":"97 Avenue de la Liberté","capacity_max_detected":"","capacity_text":"Plusieurs salles modulables","catalog_scope":"priority","category":"Espace événementiel","city":"Nanterre","department":"92","id":"venue-152","name":"Espace Chevreul","price_text":""},"type":"Feature"},{"geometry":{"coordinates":[55.445498,-20.877234],"type":"Point"},"properties":{"address":"19 Rue de la Boulangerie","capacity_max_detected":"","capacity_text":"","catalog_scope":"geocode_review","category":"Maison des associations","city":"Saint-Denis","department":"93","id":"venue-153","name":"Maison de la Vie Associative - Bourse du Travail","price_text":"Gratuit (associations)/j"},"type":"Feature"},{"geometry":{"coordinates":[2.162283,48.803998],"type":"Point"},"properties":{"address":"Bis place de Touraine","capacity_max_detected":"","capacity_text":"Salles de réunion","catalog_scope":"priority","category":"Maison des associations","city":"Versailles","department":"78","id":"venue-154","name":"Maison des Associations et de l'Emploi (MDAE)","price_text":""},"type":"Feature"},{"geometry":{"coordinates":[4.95649,45.771587],"type":"Point"},"properties":{"address":"Maison des Associations Aimé Césaire, Clichy","capacity_max_detected":20,"capacity_text":"20 assises","catalog_scope":"geocode_review","category":"Salle de réunion","city":"Clichy","department":"92","id":"venue-157","name":"Salle 3 (Maison des Associations Aimé Césaire)","price_text":"34 €/h"},"type":"Feature"},{"geometry":{"coordinates":[2.369913,48.908736],"type":"Point"},"properties":{"address":"Aubervilliers","capacity_max_detected":19,"capacity_text":"19 personnes","catalog_scope":"priority","category":"Salle municipale","city":"Aubervilliers","department":"93","id":"venue-160","name":"Salle Marcel Cachin","price_text":"Gratuit (associations)/j"},"type":"Feature"},{"geometry":{"coordinates":[2.369913,48.908736],"type":"Point"},"properties":{"address":"Aubervilliers","capacity_max_detected":19,"capacity_text":"19 personnes","catalog_scope":"priority","category":"Salle municipale","city":"Aubervilliers","department":"93","id":"venue-162","name":"Salle Danielle Casanova","price_text":"Gratuit (associations)/j"},"type":"Feature"},{"geometry":{"coordinates":[2.369913,48.908736],"type":"Point"},"properties":{"address":"Aubervilliers","capacity_max_detected":19,"capacity_text":"19 personnes","catalog_scope":"priority","category":"Salle municipale","city":"Aubervilliers","department":"93","id":"venue-163","name":"Salle L'Aquarium","price_text":"Gratuit (associations)/j"},"type":"Feature"},{"geometry":{"coordinates":[2.240718,48.880198],"type":"Point"},"properties":{"address":"5 rue Henri Martin","capacity_max_detected":"","capacity_text":"743 places","catalog_scope":"priority","category":"Salle de spectacle","city":"Puteaux","department":"92","id":"venue-168","name":"Théâtre de Puteaux - Espace de spectacle","price_text":"1800 € (résident) / 3600 € (non-résident)/j"},"type":"Feature"},{"geometry":{"coordinates":[2.223101,48.8802],"type":"Point"},"properties":{"address":"Suresnes","capacity_max_detected":"","capacity_text":"","catalog_scope":"priority","category":"Salle municipale","city":"Suresnes","department":"92","id":"venue-169","name":"Salle de l'Esplanade","price_text":""},"type":"Feature"},{"geometry":{"coordinates":[2.273842,48.824403],"type":"Point"},"properties":{"address":"62 rue du Général Leclerc","capacity_max_detected":"","capacity_text":"","catalog_scope":"priority","category":"Salle municipale","city":"Issy-les-Moulineaux","department":"92","id":"venue-174","name":"Salle Multimédia La Marseillaise (Hôtel de Ville)","price_text":""},"type":"Feature"},{"geometry":{"coordinates":[2.316083,48.769282],"type":"Point"},"properties":{"address":"105 avenue Saint Exupéry","capacity_max_detected":20,"capacity_text":"20 places environ","catalog_scope":"priority","category":"Maison des associations","city":"Antony","department":"92","id":"venue-176","name":"Maison Des Associations (ex-Poste Quartier Lafontaine)","price_text":""},"type":"Feature"},{"geometry":{"coordinates":[2.988111,42.72487],"type":"Point"},"properties":{"address":"Antony","capacity_max_detected":"","capacity_text":"","catalog_scope":"geocode_review","category":"Salle municipale","city":"Antony","department":"92","id":"venue-177","name":"Salle du Mont Blanc","price_text":""},"type":"Feature"},{"geometry":{"coordinates":[2.988111,42.72487],"type":"Point"},"properties":{"address":"Antony","capacity_max_detected":"","capacity_text":"","catalog_scope":"geocode_review","category":"Salle municipale","city":"Antony","department":"92","id":"venue-178","name":"Salle André Malraux - Cafétéria","price_text":""},"type":"Feature"},{"geometry":{"coordinates":[2.988111,42.72487],"type":"Point"},"properties":{"address":"Antony","capacity_max_detected":"","capacity_text":"","catalog_scope":"geocode_review","category":"Salle municipale","city":"Antony","department":"92","id":"venue-179","name":"Salle André Malraux - Restaurant","price_text":""},"type":"Feature"},{"geometry":{"coordinates":[2.530565,48.84602],"type":"Point"},"properties":{"address":"Noisy-le-Grand","capacity_max_detected":"","capacity_text":"","catalog_scope":"priority","category":"MJC","city":"Noisy-le-Grand","department":"93","id":"venue-180","name":"Le Grand Cordel MJC - Salle polyvalente","price_text":""},"type":"Feature"},{"geometry":{"coordinates":[2.530565,48.84602],"type":"Point"},"properties":{"address":"Noisy-le-Grand","capacity_max_detected":"","capacity_text":"","catalog_scope":"priority","category":"MJC","city":"Noisy-le-Grand","department":"93","id":"venue-181","name":"Le Grand Cordel MJC - Salle de danse","price_text":""},"type":"Feature"},{"geometry":{"coordinates":[2.530565,48.84602],"type":"Point"},"properties":{"address":"Noisy-le-Grand","capacity_max_detected":"","capacity_text":"","catalog_scope":"priority","category":"MJC","city":"Noisy-le-Grand","department":"93","id":"venue-182","name":"Le Grand Cordel MJC - Salle de spectacle","price_text":""},"type":"Feature"},{"geometry":{"coordinates":[1.988944,48.781694],"type":"Point"},"properties":{"address":"22 rue Maurice Ravel","capacity_max_detected":"","capacity_text":"Salles de réunion","catalog_scope":"priority","category":"Maison des associations","city":"Trappes","department":"78","id":"venue-184","name":"Maison des Associations (Espace 1901)","price_text":""},"type":"Feature"},{"geometry":{"coordinates":[2.148911,48.853971],"type":"Point"},"properties":{"address":"Colombes","capacity_max_detected":"","capacity_text":"","catalog_scope":"priority","category":"Maison des associations","city":"Colombes","department":"92","id":"venue-185","name":"Maison des Associations de Colombes","price_text":""},"type":"Feature"},{"geometry":{"coordinates":[2.257527,48.894508],"type":"Point"},"properties":{"address":"25 rue Molière","capacity_max_detected":"","capacity_text":"","catalog_scope":"priority","category":"Espace associatif","city":"Courbevoie","department":"92","id":"venue-186","name":"Espace Molière","price_text":""},"type":"Feature"},{"geometry":{"coordinates":[2.236005,48.897528],"type":"Point"},"properties":{"address":"22 promenade du Millénaire","capacity_max_detected":"","capacity_text":"","catalog_scope":"priority","category":"Espace associatif","city":"Courbevoie","department":"92","id":"venue-187","name":"Espace Millénaire","price_text":""},"type":"Feature"},{"geometry":{"coordinates":[2.242284,48.894048],"type":"Point"},"properties":{"address":"12 square Henri Regnault","capacity_max_detected":"","capacity_text":"","catalog_scope":"priority","category":"Espace associatif","city":"Courbevoie","department":"92","id":"venue-188","name":"Espace Regnault","price_text":""},"type":"Feature"},{"geometry":{"coordinates":[2.238387,48.898016],"type":"Point"},"properties":{"address":"36 avenue de l'Arche","capacity_max_detected":"","capacity_text":"","catalog_scope":"priority","category":"Espace associatif","city":"Courbevoie","department":"92","id":"venue-189","name":"Espace Vinci","price_text":""},"type":"Feature"},{"geometry":{"coordinates":[2.270522,48.903293],"type":"Point"},"properties":{"address":"125 rue Armand Silvestre","capacity_max_detected":"","capacity_text":"","catalog_scope":"priority","category":"Salle municipale","city":"Courbevoie","department":"92","id":"venue-190","name":"Salle Esperet","price_text":""},"type":"Feature"},{"geometry":{"coordinates":[2.257633,48.895715],"type":"Point"},"properties":{"address":"14 bis square de l'Hôtel de Ville","capacity_max_detected":"","capacity_text":"","catalog_scope":"priority","category":"Salle municipale","city":"Courbevoie","department":"92","id":"venue-191","name":"Salle Sacha Guitry (Centre culturel)","price_text":""},"type":"Feature"},{"geometry":{"coordinates":[2.421515,48.925107],"type":"Point"},"properties":{"address":"35 rue Daisy","capacity_max_detected":"","capacity_text":"","catalog_scope":"priority","category":"Salle municipale","city":"Drancy","department":"93","id":"venue-200","name":"Foyer Daisy","price_text":""},"type":"Feature"},{"geometry":{"coordinates":[2.451022,48.933914],"type":"Point"},"properties":{"address":"12 rue Étienne Dolet","capacity_max_detected":"","capacity_text":"","catalog_scope":"priority","category":"Salle municipale","city":"Drancy","department":"93","id":"venue-201","name":"Maison du Temps libre (salle Albert Liard)","price_text":""},"type":"Feature"},{"geometry":{"coordinates":[2.433537,48.916682],"type":"Point"},"properties":{"address":"21 rue Fernand Péna","capacity_max_detected":"","capacity_text":"","catalog_scope":"priority","category":"MJC","city":"Drancy","department":"93","id":"venue-202","name":"Maison Orange (MJC)","price_text":""},"type":"Feature"},{"geometry":{"coordinates":[2.388638,48.788629],"type":"Point"},"properties":{"address":"2 avenue Youri Gagarine","capacity_max_detected":8,"capacity_text":"8 salles, ~650 événements/an","catalog_scope":"priority","category":"Maison des associations","city":"Vitry-sur-Seine","department":"94","id":"venue-206","name":"Maison de la Vie Associative","price_text":""},"type":"Feature"},{"geometry":{"coordinates":[2.388115,48.812041],"type":"Point"},"properties":{"address":"Esplanade Georges Marrane","capacity_max_detected":"","capacity_text":"","catalog_scope":"priority","category":"Centre socioculturel","city":"Ivry-sur-Seine","department":"94","id":"venue-207","name":"Espace Robespierre","price_text":""},"type":"Feature"},{"geometry":{"coordinates":[2.451724,48.78708],"type":"Point"},"properties":{"address":"3 rue Charpy (ancien 9 rue Charpy)","capacity_max_detected":"","capacity_text":"","catalog_scope":"priority","category":"MJC","city":"Créteil","department":"94","id":"venue-208","name":"MJC Club de Créteil","price_text":""},"type":"Feature"},{"geometry":{"coordinates":[2.464319,48.791484],"type":"Point"},"properties":{"address":"57 rue du Général Leclerc","capacity_max_detected":"","capacity_text":"","catalog_scope":"priority","category":"MJC","city":"Créteil","department":"94","id":"venue-209","name":"MJC Village (Centre culturel et artistique)","price_text":""},"type":"Feature"},{"geometry":{"coordinates":[2.466465,48.792557],"type":"Point"},"properties":{"address":"7 rue des Écoles","capacity_max_detected":"","capacity_text":"","catalog_scope":"priority","category":"Salle municipale","city":"Créteil","department":"94","id":"venue-210","name":"Salle René Renaud (polyvalente)","price_text":""},"type":"Feature"},{"geometry":{"coordinates":[2.434873,48.860953],"type":"Point"},"properties":{"address":"35 avenue de la Résistance","capacity_max_detected":"","capacity_text":"","catalog_scope":"priority","category":"Maison des associations","city":"Montreuil","department":"93","id":"venue-211","name":"Maison des Associations de Montreuil","price_text":""},"type":"Feature"},{"geometry":{"coordinates":[0.48025,48.933749],"type":"Point"},"properties":{"address":"Montreuil","capacity_max_detected":"","capacity_text":"","catalog_scope":"geocode_review","category":"Service municipal","city":"Montreuil","department":"93","id":"venue-212","name":"SMRVA - Service Municipal des Relations avec la Vie Associative","price_text":"Gratuit (associations)/j"},"type":"Feature"},{"geometry":{"coordinates":[2.162283,48.803998],"type":"Point"},"properties":{"address":"Bis place de Touraine, Versailles","capacity_max_detected":"","capacity_text":"Salles de réunion","catalog_scope":"priority","category":"Maison des associations","city":"Versailles","department":"78","id":"venue-214","name":"Maison des Associations (MDAE)","price_text":""},"type":"Feature"},{"geometry":{"coordinates":[2.407817,48.763818],"type":"Point"},"properties":{"address":"Allée de Normandie","capacity_max_detected":"","capacity_text":"","catalog_scope":"priority","category":"Centre socioculturel","city":"Choisy-le-Roi","department":"94","id":"venue-216","name":"MCVA - Hubertine Auclert","price_text":""},"type":"Feature"},{"geometry":{"coordinates":[2.410308,48.764093],"type":"Point"},"properties":{"address":"13 avenue Anatole France","capacity_max_detected":"","capacity_text":"","catalog_scope":"priority","category":"Salle des fêtes","city":"Choisy-le-Roi","department":"94","id":"venue-217","name":"Salle Le Royal (polyvalente)","price_text":""},"type":"Feature"},{"geometry":{"coordinates":[2.476204,48.846577],"type":"Point"},"properties":{"address":"16 Rue du Révérend Père Lucien Aubry (MDCVA)","capacity_max_detected":19,"capacity_text":"19 personnes (par salle)","catalog_scope":"priority","category":"Centre socioculturel","city":"Fontenay-sous-Bois","department":"94","id":"venue-219","name":"Salle de convivialité (5 salles)","price_text":"400 € (week-end particulier)/j"},"type":"Feature"},{"geometry":{"coordinates":[2.226624,48.870274],"type":"Point"},"properties":{"address":"7/9 rue du Mont-Valérien","capacity_max_detected":"","capacity_text":"","catalog_scope":"priority","category":"Salle municipale","city":"Suresnes","department":"92","id":"venue-221","name":"Salles municipales (service Vie associative)","price_text":""},"type":"Feature"},{"geometry":{"coordinates":[2.193277,48.882124],"type":"Point"},"properties":{"address":"Rueil-Malmaison","capacity_max_detected":"","capacity_text":"","catalog_scope":"priority","category":"Salle municipale","city":"Rueil-Malmaison","department":"92","id":"venue-222","name":"Réservation salle associative (18 salles)","price_text":"Gratuit (associations ponctuel)/j"},"type":"Feature"},{"geometry":{"coordinates":[2.40845,48.974185],"type":"Point"},"properties":{"address":"Garges-lès-Gonesse","capacity_max_detected":"","capacity_text":"","catalog_scope":"priority","category":"Salle municipale","city":"Garges-lès-Gonesse","department":"95","id":"venue-224","name":"Salles municipales (Garges-lès-Gonesse)","price_text":""},"type":"Feature"},{"geometry":{"coordinates":[2.382665,48.769152],"type":"Point"},"properties":{"address":"52/54 rue de la Saussaie","capacity_max_detected":"","capacity_text":"","catalog_scope":"priority","category":"Salle municipale","city":"Thiais","department":"94","id":"venue-225","name":"Salles municipales (Thiais)","price_text":""},"type":"Feature"},{"geometry":{"coordinates":[2.552586,48.960483],"type":"Point"},"properties":{"address":"1 av. Jean-Fourgeaud, Espaces V – Roger Lefort","capacity_max_detected":"","capacity_text":"650 personnes (860 m²)","catalog_scope":"priority","category":"Salle des fêtes","city":"Villepinte","department":"93","id":"venue-230","name":"Salle Jacques Brel (Espaces V)","price_text":"1044 € (assoc.)/j"},"type":"Feature"},{"geometry":{"coordinates":[2.439456,48.616034],"type":"Point"},"properties":{"address":"16 boulevard Louise Michel","capacity_max_detected":"","capacity_text":"","catalog_scope":"priority","category":"Salle municipale","city":"Évry-Courcouronnes","department":"91","id":"venue-236","name":"Salle Victor Schœlcher","price_text":""},"type":"Feature"},{"geometry":{"coordinates":[2.435623,48.632827],"type":"Point"},"properties":{"address":"7 rue Montespan","capacity_max_detected":"","capacity_text":"","catalog_scope":"priority","category":"Salle municipale","city":"Évry-Courcouronnes","department":"91","id":"venue-237","name":"Salle Bexley","price_text":""},"type":"Feature"},{"geometry":{"coordinates":[2.345115,48.675487],"type":"Point"},"properties":{"address":"86 Rue Vigier","capacity_max_detected":9,"capacity_text":"9 salles","catalog_scope":"priority","category":"Maison des associations","city":"Savigny-sur-Orge","department":"91","id":"venue-240","name":"Maison des Associations Séron (Salles 1-9)","price_text":""},"type":"Feature"},{"geometry":{"coordinates":[2.187095,49.284517],"type":"Point"},"properties":{"address":"Sainte-Geneviève-des-Bois","capacity_max_detected":"","capacity_text":"","catalog_scope":"priority","category":"Salle municipale","city":"Sainte-Geneviève-des-Bois","department":"91","id":"venue-244","name":"Salle Cabernet (salle municipale)","price_text":""},"type":"Feature"},{"geometry":{"coordinates":[2.187095,49.284517],"type":"Point"},"properties":{"address":"Sainte-Geneviève-des-Bois","capacity_max_detected":4,"capacity_text":"4 salles pour particuliers","catalog_scope":"priority","category":"Maison des associations","city":"Sainte-Geneviève-des-Bois","department":"91","id":"venue-245","name":"Salle des Associations","price_text":""},"type":"Feature"},{"geometry":{"coordinates":[2.331908,48.6395],"type":"Point"},"properties":{"address":"4 cour du Donjon","capacity_max_detected":"","capacity_text":"","catalog_scope":"priority","category":"Centre socioculturel","city":"Sainte-Geneviève-des-Bois","department":"91","id":"venue-246","name":"Espace François Mauriac","price_text":""},"type":"Feature"},{"geometry":{"coordinates":[2.474434,48.60936],"type":"Point"},"properties":{"address":"45 allées Aristide Briand","capacity_max_detected":"","capacity_text":"","catalog_scope":"priority","category":"MJC","city":"Corbeil-Essonnes","department":"91","id":"venue-247","name":"MJC Fernand Léger","price_text":""},"type":"Feature"},{"geometry":{"coordinates":[2.070346,48.772152],"type":"Point"},"properties":{"address":"Guyancourt","capacity_max_detected":"","capacity_text":"","catalog_scope":"priority","category":"Salle municipale","city":"Guyancourt","department":"78","id":"venue-248","name":"Salle André Breton","price_text":""},"type":"Feature"},{"geometry":{"coordinates":[2.070346,48.772152],"type":"Point"},"properties":{"address":"Guyancourt","capacity_max_detected":"","capacity_text":"","catalog_scope":"priority","category":"Salle municipale","city":"Guyancourt","department":"78","id":"venue-249","name":"Salle Louise Labé","price_text":""},"type":"Feature"},{"geometry":{"coordinates":[2.048843,48.777019],"type":"Point"},"properties":{"address":"67 route Troux","capacity_max_detected":"","capacity_text":"","catalog_scope":"priority","category":"Association","city":"Guyancourt","department":"78","id":"venue-250","name":"CAP ST JACQUES (location de salles)","price_text":""},"type":"Feature"},{"geometry":{"coordinates":[2.409457,48.900267],"type":"Point"},"properties":{"address":"Pantin","capacity_max_detected":"","capacity_text":"","catalog_scope":"priority","category":"Maison des associations","city":"Pantin","department":"93","id":"venue-251","name":"Maison des Associations de Pantin","price_text":""},"type":"Feature"},{"geometry":{"coordinates":[2.479054,48.796008],"type":"Point"},"properties":{"address":"Saint-Maur-des-Fossés","capacity_max_detected":"","capacity_text":"","catalog_scope":"priority","category":"Centre socioculturel","city":"Saint-Maur-des-Fossés","department":"94","id":"venue-254","name":"Carré Médicis (La Varenne)","price_text":""},"type":"Feature"},{"geometry":{"coordinates":[2.479054,48.796008],"type":"Point"},"properties":{"address":"Saint-Maur-des-Fossés","capacity_max_detected":"","capacity_text":"","catalog_scope":"priority","category":"Salle municipale","city":"Saint-Maur-des-Fossés","department":"94","id":"venue-255","name":"Maison des Combattants","price_text":""},"type":"Feature"},{"geometry":{"coordinates":[2.479054,48.796008],"type":"Point"},"properties":{"address":"Saint-Maur-des-Fossés","capacity_max_detected":"","capacity_text":"","catalog_scope":"priority","category":"Centre socioculturel","city":"Saint-Maur-des-Fossés","department":"94","id":"venue-256","name":"Centre d'Activités d'Arromanches","price_text":""},"type":"Feature"},{"geometry":{"coordinates":[2.994061,48.941538],"type":"Point"},"properties":{"address":"Meaux","capacity_max_detected":"","capacity_text":"","catalog_scope":"priority","category":"Salle municipale","city":"Meaux","department":"77","id":"venue-257","name":"Salle municipale (Meaux)","price_text":""},"type":"Feature"},{"geometry":{"coordinates":[2.360996,48.793468],"type":"Point"},"properties":{"address":"Villejuif","capacity_max_detected":"","capacity_text":"","catalog_scope":"priority","category":"Maison des associations","city":"Villejuif","department":"94","id":"venue-258","name":"Maison de la Citoyenneté","price_text":""},"type":"Feature"},{"geometry":{"coordinates":[2.360996,48.793468],"type":"Point"},"properties":{"address":"Villejuif","capacity_max_detected":"","capacity_text":"","catalog_scope":"priority","category":"Espace événementiel","city":"Villejuif","department":"94","id":"venue-259","name":"Espace Congrès des Esselières","price_text":""},"type":"Feature"},{"geometry":{"coordinates":[2.334426,48.950143],"type":"Point"},"properties":{"address":"Épinay-sur-Seine","capacity_max_detected":"","capacity_text":"","catalog_scope":"priority","category":"Salle municipale","city":"Épinay-sur-Seine","department":"93","id":"venue-260","name":"Demande salle municipale (Épinay-sur-Seine)","price_text":""},"type":"Feature"},{"geometry":{"coordinates":[2.290243,48.919005],"type":"Point"},"properties":{"address":"Asnières-sur-Seine","capacity_max_detected":"","capacity_text":"","catalog_scope":"priority","category":"Salle municipale","city":"Asnières-sur-Seine","department":"92","id":"venue-261","name":"Salles municipales (association reservation system)","price_text":""},"type":"Feature"},{"geometry":{"coordinates":[2.40845,48.974185],"type":"Point"},"properties":{"address":"Garges-lès-Gonesse","capacity_max_detected":"","capacity_text":"","catalog_scope":"priority","category":"Salle municipale","city":"Garges-lès-Gonesse","department":"95","id":"venue-262","name":"Réservation salle municipale (Garges-lès-Gonesse)","price_text":""},"type":"Feature"},{"geometry":{"coordinates":[2.702911,48.965628],"type":"Point"},"properties":{"address":"Poissy","capacity_max_detected":"","capacity_text":"","catalog_scope":"priority","category":"Salle municipale","city":"Poissy","department":"78","id":"venue-263","name":"Location salles municipales (Poissy)","price_text":""},"type":"Feature"},{"geometry":{"coordinates":[2.702911,48.965628],"type":"Point"},"properties":{"address":"Poissy","capacity_max_detected":"","capacity_text":"","catalog_scope":"priority","category":"Centre socioculturel","city":"Poissy","department":"78","id":"venue-265","name":"Maison Polyvalente Sociale et de Loisirs (Maison de Quartier du Clos d'Arcy)","price_text":""},"type":"Feature"},{"geometry":{"coordinates":[1.701404,48.99486],"type":"Point"},"properties":{"address":"Mantes-la-Jolie","capacity_max_detected":"","capacity_text":"","catalog_scope":"priority","category":"Salle municipale","city":"Mantes-la-Jolie","department":"78","id":"venue-267","name":"Réservation salle (Mantes-la-Jolie - Agora)","price_text":""},"type":"Feature"},{"geometry":{"coordinates":[-1.588198,49.644283],"type":"Point"},"properties":{"address":"Sarcelles","capacity_max_detected":"","capacity_text":"","catalog_scope":"geocode_review","category":"Maison des associations","city":"Sarcelles","department":"95","id":"venue-268","name":"Maison des Associations de Sarcelles","price_text":""},"type":"Feature"},{"geometry":{"coordinates":[2.436508,48.793429],"type":"Point"},"properties":{"address":"Maisons-Alfort","capacity_max_detected":"","capacity_text":"","catalog_scope":"priority","category":"Salle municipale","city":"Maisons-Alfort","department":"94","id":"venue-269","name":"Salle municipale (Maisons-Alfort)","price_text":""},"type":"Feature"},{"geometry":{"coordinates":[2.267549,48.740428],"type":"Point"},"properties":{"address":"Verrières-le-Buisson","capacity_max_detected":"","capacity_text":"","catalog_scope":"priority","category":"Salle municipale","city":"Verrières-le-Buisson","department":"91","id":"venue-270","name":"Verrières-le-Buisson - 2 salles municipales","price_text":""},"type":"Feature"},{"geometry":{"coordinates":[2.994061,48.941538],"type":"Point"},"properties":{"address":"Meaux","capacity_max_detected":"","capacity_text":"","catalog_scope":"priority","category":"Salle municipale","city":"Meaux","department":"77","id":"venue-271","name":"Salle municipale (Meaux - demande)","price_text":""},"type":"Feature"},{"geometry":{"coordinates":[2.193277,48.882124],"type":"Point"},"properties":{"address":"Rueil-Malmaison","capacity_max_detected":18,"capacity_text":"18 salles, 565 réservations/an","catalog_scope":"priority","category":"Maison des associations","city":"Rueil-Malmaison","department":"92","id":"venue-273","name":"Maison des Associations (Rueil-Malmaison)","price_text":"Gratuit (associations ponctuel)/j"},"type":"Feature"},{"geometry":{"coordinates":[2.267549,48.740428],"type":"Point"},"properties":{"address":"Verrières-le-Buisson","capacity_max_detected":"","capacity_text":"","catalog_scope":"priority","category":"Salle municipale","city":"Verrières-le-Buisson","department":"91","id":"venue-274","name":"Salle municipale (2 salles)","price_text":""},"type":"Feature"},{"geometry":{"coordinates":[2.335937,48.880978],"type":"Point"},"properties":{"address":"54, rue Jean-Baptiste Pigalle","capacity_max_detected":24,"capacity_text":"24","catalog_scope":"capacity_over_20","category":"MVAC","city":"Paris","department":"75","id":"IDF-MVAC-006","name":"MVAC 9e arrondissement","price_text":"Gratuit ; Free for registered associations. 2 meeting rooms: 24 and 12 people. Coworking space also available."},"type":"Feature"},{"geometry":{"coordinates":[4.95649,45.771587],"type":"Point"},"properties":{"address":"Maison des Associations Aimé Césaire","capacity_max_detected":70,"capacity_text":"60 assises / 70 debout","catalog_scope":"geocode_review","category":"Maison des associations","city":"Clichy","department":"92","id":"venue-155","name":"Salle Louise Michel (Maison des Associations)","price_text":"57 €/h"},"type":"Feature"},{"geometry":{"coordinates":[4.95649,45.771587],"type":"Point"},"properties":{"address":"Maison des Associations Aimé Césaire, Clichy","capacity_max_detected":25,"capacity_text":"25 assises","catalog_scope":"geocode_review","category":"Salle de réunion","city":"Clichy","department":"92","id":"venue-156","name":"Salle Frantz-Fanon (Maison des Associations Aimé Césaire)","price_text":"41 €/h"},"type":"Feature"},{"geometry":{"coordinates":[2.303348,48.902811],"type":"Point"},"properties":{"address":"Marché du Centre, Clichy","capacity_max_detected":150,"capacity_text":"150 assises","catalog_scope":"capacity_over_20","category":"Salle municipale","city":"Clichy","department":"92","id":"venue-158","name":"Salle Heidenheim (Marché du Centre)","price_text":"67 €/h"},"type":"Feature"},{"geometry":{"coordinates":[2.303348,48.902811],"type":"Point"},"properties":{"address":"Marché du Centre, Clichy","capacity_max_detected":150,"capacity_text":"150 assises","catalog_scope":"capacity_over_20","category":"Salle municipale","city":"Clichy","department":"92","id":"venue-159","name":"Salle Southwark (Marché du Centre)","price_text":"67 €/h"},"type":"Feature"},{"geometry":{"coordinates":[2.369913,48.908736],"type":"Point"},"properties":{"address":"Aubervilliers","capacity_max_detected":80,"capacity_text":"80 personnes","catalog_scope":"capacity_over_20","category":"Salle municipale","city":"Aubervilliers","department":"93","id":"venue-161","name":"Salle Jacques Solomon","price_text":"Gratuit (associations)/j"},"type":"Feature"},{"geometry":{"coordinates":[2.369913,48.908736],"type":"Point"},"properties":{"address":"Aubervilliers","capacity_max_detected":200,"capacity_text":"200 personnes","catalog_scope":"capacity_over_20","category":"Salle municipale","city":"Aubervilliers","department":"93","id":"venue-164","name":"Espace Renaudie","price_text":""},"type":"Feature"},{"geometry":{"coordinates":[2.369913,48.908736],"type":"Point"},"properties":{"address":"Aubervilliers","capacity_max_detected":450,"capacity_text":"450–700 personnes","catalog_scope":"capacity_over_20","category":"Espace événementiel","city":"Aubervilliers","department":"93","id":"venue-165","name":"Embarcadère","price_text":""},"type":"Feature"},{"geometry":{"coordinates":[2.995907,48.200097],"type":"Point"},"properties":{"address":"19-21 rue Chantecoq","capacity_max_detected":213,"capacity_text":"213 places","catalog_scope":"capacity_over_20","category":"Salle de spectacle","city":"Puteaux","department":"92","id":"venue-166","name":"Palais de la Culture - Salle de spectacle","price_text":"1000 € (résident) / 1800 € (non-résident)/j"},"type":"Feature"},{"geometry":{"coordinates":[2.995907,48.200097],"type":"Point"},"properties":{"address":"19-21 rue Chantecoq","capacity_max_detected":140,"capacity_text":"140 places","catalog_scope":"capacity_over_20","category":"Salle municipale","city":"Puteaux","department":"92","id":"venue-167","name":"Palais de la Culture - Espace cafétéria","price_text":"500 € (résident) / 900 € (non-résident)/j"},"type":"Feature"},{"geometry":{"coordinates":[2.237979,48.884419],"type":"Point"},"properties":{"address":"131 rue de la République, Puteaux","capacity_max_detected":400,"capacity_text":"400 personnes","catalog_scope":"capacity_over_20","category":"Salle municipale","city":"Puteaux","department":"92","id":"venue-170","name":"Salons d'Honneur (Hôtel de Ville)","price_text":"1800 € (résident) / 2500 € (non-résident)/j"},"type":"Feature"},{"geometry":{"coordinates":[2.237979,48.884419],"type":"Point"},"properties":{"address":"131 rue de la République, Puteaux","capacity_max_detected":80,"capacity_text":"80 personnes","catalog_scope":"capacity_over_20","category":"Salle municipale","city":"Puteaux","department":"92","id":"venue-171","name":"Salle du Conseil (Hôtel de Ville)","price_text":"1000 € (résident) / 2000 € (non-résident)/j"},"type":"Feature"},{"geometry":{"coordinates":[2.242315,48.875556],"type":"Point"},"properties":{"address":"Puteaux","capacity_max_detected":50,"capacity_text":"50 personnes max","catalog_scope":"capacity_over_20","category":"Salle municipale","city":"Puteaux","department":"92","id":"venue-172","name":"Espace Cocktail (Cinéma)","price_text":"60 € (résident semaine) / 80 € (résident WE)/h"},"type":"Feature"},{"geometry":{"coordinates":[2.438272,48.847808],"type":"Point"},"properties":{"address":"41-43 rue Raymond du Temple","capacity_max_detected":140,"capacity_text":"140 places (salle Paul Rumeau)","catalog_scope":"capacity_over_20","category":"Maison des associations","city":"Vincennes","department":"94","id":"venue-173","name":"Maison des Associations","price_text":""},"type":"Feature"},{"geometry":{"coordinates":[2.27956,48.822448],"type":"Point"},"properties":{"address":"16 rue de l'Abbé Derry","capacity_max_detected":80,"capacity_text":"80 personnes max","catalog_scope":"capacity_over_20","category":"Maison des associations","city":"Issy-les-Moulineaux","department":"92","id":"venue-175","name":"Maison des Hauts d'Issy","price_text":""},"type":"Feature"},{"geometry":{"coordinates":[2.552482,48.849021],"type":"Point"},"properties":{"address":"Place de la Libération, Noisy-le-Grand","capacity_max_detected":100,"capacity_text":"100 personnes max","catalog_scope":"capacity_over_20","category":"Salle municipale","city":"Noisy-le-Grand","department":"93","id":"venue-183","name":"Salle municipale (Hôtel de Ville)","price_text":""},"type":"Feature"},{"geometry":{"coordinates":[2.258471,48.899927],"type":"Point"},"properties":{"address":"7 boulevard Aristide Briand","capacity_max_detected":300,"capacity_text":"1000 + 300 places","catalog_scope":"capacity_over_20","category":"Espace événementiel","city":"Courbevoie","department":"92","id":"venue-192","name":"Centre Événementiel (CourbevoiEvent)","price_text":""},"type":"Feature"},{"geometry":{"coordinates":[2.300092,48.933488],"type":"Point"},"properties":{"address":"16-18 rue Pierre Timbaud","capacity_max_detected":50,"capacity_text":"4 salles, 20 à 50 personnes","catalog_scope":"capacity_over_20","category":"Salle municipale","city":"Gennevilliers","department":"92","id":"venue-193","name":"Ferme de l'Horloge","price_text":""},"type":"Feature"},{"geometry":{"coordinates":[2.292705,48.92024],"type":"Point"},"properties":{"address":"21-23 rue Victor Hugo","capacity_max_detected":80,"capacity_text":"80 personnes","catalog_scope":"capacity_over_20","category":"Salle municipale","city":"Gennevilliers","department":"92","id":"venue-194","name":"Salle Victor Hugo","price_text":""},"type":"Feature"},{"geometry":{"coordinates":[2.293296,48.928489],"type":"Point"},"properties":{"address":"1 rue Pierre et Marie Curie","capacity_max_detected":70,"capacity_text":"70 personnes","catalog_scope":"capacity_over_20","category":"Salle municipale","city":"Gennevilliers","department":"92","id":"venue-195","name":"Cinéma Jean Vigo (salle en sous-sol)","price_text":""},"type":"Feature"},{"geometry":{"coordinates":[2.316028,48.926076],"type":"Point"},"properties":{"address":"48-50 avenue Louis Roche","capacity_max_detected":174,"capacity_text":"174 m², cocktail 150 / repas 120","catalog_scope":"capacity_over_20","category":"Salle municipale","city":"Gennevilliers","department":"92","id":"venue-196","name":"Salle Galiéni n°1 et n°2","price_text":""},"type":"Feature"},{"geometry":{"coordinates":[2.321256,48.923832],"type":"Point"},"properties":{"address":"3 boulevard Gallieni","capacity_max_detected":90,"capacity_text":"90 m², 40 personnes","catalog_scope":"capacity_over_20","category":"Salle municipale","city":"Gennevilliers","department":"92","id":"venue-197","name":"Salle Galiéni n°3","price_text":""},"type":"Feature"},{"geometry":{"coordinates":[2.321256,48.923832],"type":"Point"},"properties":{"address":"3 boulevard Gallieni","capacity_max_detected":160,"capacity_text":"160 m², 80 personnes","catalog_scope":"capacity_over_20","category":"Salle municipale","city":"Gennevilliers","department":"92","id":"venue-198","name":"Salle Galiéni n°4","price_text":""},"type":"Feature"},{"geometry":{"coordinates":[2.294045,48.925459],"type":"Point"},"properties":{"address":"177 avenue Gabriel Péri","capacity_max_detected":400,"capacity_text":"400 à 1400 places","catalog_scope":"capacity_over_20","category":"Salle des fêtes","city":"Gennevilliers","department":"92","id":"venue-199","name":"Salle des Fêtes","price_text":""},"type":"Feature"},{"geometry":{"coordinates":[2.509906,48.825698],"type":"Point"},"properties":{"address":"106 avenue de la République","capacity_max_detected":80,"capacity_text":"80 personnes","catalog_scope":"capacity_over_20","category":"Salle municipale","city":"Champigny-sur-Marne","department":"94","id":"venue-203","name":"Salle Desvillettes","price_text":"337.70 €/j"},"type":"Feature"},{"geometry":{"coordinates":[2.551004,48.806691],"type":"Point"},"properties":{"address":"6 place Rodin","capacity_max_detected":150,"capacity_text":"150 personnes","catalog_scope":"capacity_over_20","category":"Salle municipale","city":"Champigny-sur-Marne","department":"94","id":"venue-204","name":"Salle (6 place Rodin)","price_text":"841.60 €/j"},"type":"Feature"},{"geometry":{"coordinates":[2.236147,48.838234],"type":"Point"},"properties":{"address":"Boulogne-Billancourt","capacity_max_detected":200,"capacity_text":"130 à 200 personnes","catalog_scope":"capacity_over_20","category":"Salle municipale","city":"Boulogne-Billancourt","department":"92","id":"venue-213","name":"Location de salle (Hôtel de Ville)","price_text":""},"type":"Feature"},{"geometry":{"coordinates":[-1.554226,47.226773],"type":"Point"},"properties":{"address":"Versailles","capacity_max_detected":200,"capacity_text":"200 à 1000 personnes","catalog_scope":"geocode_review","category":"Espace événementiel","city":"Versailles","department":"78","id":"venue-215","name":"Espace Mazarin (Palais des Congrès)","price_text":""},"type":"Feature"},{"geometry":{"coordinates":[2.407807,48.770225],"type":"Point"},"properties":{"address":"Ancienne gare de Choisy-le-Roi","capacity_max_detected":140,"capacity_text":"3 salles (140 m², 80 m², + niveau 1)","catalog_scope":"capacity_over_20","category":"Espace événementiel","city":"Choisy-le-Roi","department":"94","id":"venue-218","name":"Le Pavillon des Lions","price_text":"Sur devis/j"},"type":"Feature"},{"geometry":{"coordinates":[2.193277,48.882124],"type":"Point"},"properties":{"address":"Rueil-Malmaison","capacity_max_detected":270,"capacity_text":"270 m², 200 personnes","catalog_scope":"capacity_over_20","category":"Salle municipale","city":"Rueil-Malmaison","department":"92","id":"venue-223","name":"Salle de la MDA (Maison de l'Europe)","price_text":""},"type":"Feature"},{"geometry":{"coordinates":[2.533459,48.958072],"type":"Point"},"properties":{"address":"Av. Paul Vaillant Couturier, Villepinte","capacity_max_detected":125,"capacity_text":"100 personnes (125.2 m²)","catalog_scope":"capacity_over_20","category":"Salle municipale","city":"Villepinte","department":"93","id":"venue-229","name":"Les Tilleuls (Centre Administratif)","price_text":"104 € (assoc.) / 306 € (particulier)/j"},"type":"Feature"},{"geometry":{"coordinates":[2.266322,48.726641],"type":"Point"},"properties":{"address":"14 rue du Chemin des femmes, Massy","capacity_max_detected":120,"capacity_text":"120 personnes (réunion) / 80 (repas)","catalog_scope":"capacity_over_20","category":"Salle municipale","city":"Massy","department":"91","id":"venue-231","name":"Bourse du Travail","price_text":""},"type":"Feature"},{"geometry":{"coordinates":[2.239296,48.730032],"type":"Point"},"properties":{"address":"14 rue du Pileu, Massy","capacity_max_detected":100,"capacity_text":"100 personnes (réunion) / 80 (repas)","catalog_scope":"capacity_over_20","category":"Salle municipale","city":"Massy","department":"91","id":"venue-232","name":"Salle Bernard Buffet","price_text":""},"type":"Feature"},{"geometry":{"coordinates":[2.292395,48.732167],"type":"Point"},"properties":{"address":"10 Avenue du Noyer Lambert, Massy","capacity_max_detected":100,"capacity_text":"4 salles (2x 80 m² / 45 pers, 2x 100 m² / 50 pers)","catalog_scope":"capacity_over_20","category":"Centre socioculturel","city":"Massy","department":"91","id":"venue-233","name":"MFE Galilée / Lavoisier","price_text":""},"type":"Feature"},{"geometry":{"coordinates":[2.251631,48.728038],"type":"Point"},"properties":{"address":"41 rue Jean Jaurès, Massy","capacity_max_detected":136,"capacity_text":"Grande salle 136 places / petite 22 places","catalog_scope":"capacity_over_20","category":"Salle municipale","city":"Massy","department":"91","id":"venue-234","name":"Halle des Graviers","price_text":""},"type":"Feature"},{"geometry":{"coordinates":[2.270076,48.731363],"type":"Point"},"properties":{"address":"Allée des cadets de la France libre, Massy","capacity_max_detected":370,"capacity_text":"370 m², 370 personnes","catalog_scope":"capacity_over_20","category":"Salle des fêtes","city":"Massy","department":"91","id":"venue-235","name":"Salle N1 Espace Liberté","price_text":""},"type":"Feature"},{"geometry":{"coordinates":[2.34565,48.679191],"type":"Point"},"properties":{"address":"48 Av. Charles de Gaulle","capacity_max_detected":310,"capacity_text":"310 personnes assises","catalog_scope":"capacity_over_20","category":"Salle des fêtes","city":"Savigny-sur-Orge","department":"91","id":"venue-238","name":"Le 48 (Salle des fêtes)","price_text":""},"type":"Feature"},{"geometry":{"coordinates":[2.347866,48.679729],"type":"Point"},"properties":{"address":"6 rue René Legros","capacity_max_detected":60,"capacity_text":"60 personnes","catalog_scope":"capacity_over_20","category":"Salle municipale","city":"Savigny-sur-Orge","department":"91","id":"venue-239","name":"Ancienne Perception","price_text":""},"type":"Feature"},{"geometry":{"coordinates":[2.3518,48.67715],"type":"Point"},"properties":{"address":"Parc des Sports Jean Moulin","capacity_max_detected":100,"capacity_text":"100 places assises","catalog_scope":"capacity_over_20","category":"Salle municipale","city":"Savigny-sur-Orge","department":"91","id":"venue-241","name":"Maison des Associations Sportives - Salle polyvalente","price_text":""},"type":"Feature"},{"geometry":{"coordinates":[2.3518,48.67715],"type":"Point"},"properties":{"address":"Parc des Sports Jean Moulin","capacity_max_detected":25,"capacity_text":"25 personnes","catalog_scope":"capacity_over_20","category":"Salle de réunion","city":"Savigny-sur-Orge","department":"91","id":"venue-242","name":"Maison des Associations Sportives - Salle de réunion","price_text":""},"type":"Feature"},{"geometry":{"coordinates":[2.348345,48.699437],"type":"Point"},"properties":{"address":"33 Av. de l'Armée Leclerc","capacity_max_detected":110,"capacity_text":"110 personnes","catalog_scope":"capacity_over_20","category":"Salle municipale","city":"Savigny-sur-Orge","department":"91","id":"venue-243","name":"Salle Lavit","price_text":""},"type":"Feature"},{"geometry":{"coordinates":[2.396375,48.889372],"type":"Point"},"properties":{"address":"Portes de Paris (métro Hoche), Pantin","capacity_max_detected":90,"capacity_text":"90 salles à louer","catalog_scope":"capacity_over_20","category":"Centre socioculturel","city":"Pantin","department":"93","id":"venue-252","name":"Espace des Sept Arpents","price_text":""},"type":"Feature"},{"geometry":{"coordinates":[2.399785,48.818319],"type":"Point"},"properties":{"address":"Ivry-sur-Seine","capacity_max_detected":35,"capacity_text":"2 salles (35 m² / 20 pers.)","catalog_scope":"capacity_over_20","category":"Centre socioculturel","city":"Ivry-sur-Seine","department":"94","id":"venue-253","name":"Espace Barrault","price_text":""},"type":"Feature"},{"geometry":{"coordinates":[2.030269,48.924061],"type":"Point"},"properties":{"address":"53 avenue Blanche de Castille, Poissy","capacity_max_detected":450,"capacity_text":"750 debout / 450 assises","catalog_scope":"capacity_over_20","category":"Salle municipale","city":"Poissy","department":"78","id":"venue-264","name":"Centre de diffusion artistique (Poissy)","price_text":""},"type":"Feature"},{"geometry":{"coordinates":[2.094519,48.993046],"type":"Point"},"properties":{"address":"Conflans-Sainte-Honorine","capacity_max_detected":80,"capacity_text":"80 personnes","catalog_scope":"capacity_over_20","category":"Salle municipale","city":"Conflans-Sainte-Honorine","department":"78","id":"venue-266","name":"Salle Bouyssel","price_text":"410 €/jour/j"},"type":"Feature"},{"geometry":{"coordinates":[2.305118,48.90348],"type":"Point"},"properties":{"address":"Clichy","capacity_max_detected":70,"capacity_text":"70 places assises (3 salles)","catalog_scope":"capacity_over_20","category":"Maison des associations","city":"Clichy","department":"92","id":"venue-272","name":"Maison des Associations Aimé Césaire","price_text":"34-57 € selon salle/h"},"type":"Feature"}],"release_id":"dataset-4f757b07859f17eb","schema_version":1,"type":"FeatureCollection"}
