name,city,department,is_aggregator,aggregator_domain,missing_formal_fields,email_questions,contact,price_text,capacity_text,address,source_url,formal_extraction_status,formal_scrape_http_status
"THE BEST 10 Dance Studios in SAINT-MAUR-DES-FOSSÉS, VAL ...",Val-de-Marne,94,yes,yelp.com,"adresse précise, contact, prix, capacité",Confirmer adresse précise; Confirmer contact; Confirmer prix; Confirmer capacité,,,,,https://www.yelp.com/search?cflt=dancestudio&find_loc=Saint-Maur-des-Foss%C3%A9s%2C+Val-de-Marne,fetch_failed,
"Best Dance Studios near Boulogne-Billancourt, Hauts-de-Seine ...",Hauts-de-Seine,92,yes,m.yelp.com,"adresse précise, contact, prix, capacité",Confirmer adresse précise; Confirmer contact; Confirmer prix; Confirmer capacité,,,,,https://m.yelp.com/search?find_desc=Dance+Studios&find_loc=Boulogne-Billancourt,fetch_failed,
Danse salles et leçons en Val-de-marne,Val-de-Marne,94,yes,pagesjaunes.fr,"adresse précise, contact, prix, capacité",Confirmer adresse précise; Confirmer contact; Confirmer prix; Confirmer capacité,,,,,https://www.pagesjaunes.fr/annuaire/departement/val-de-marne-94/danse-salles-et-lecons,fetch_failed,
"Local de répétition / Location, recherche en Seine et Marne",Seine-et-Marne,77,yes,spectable.com,"adresse précise, contact, prix, capacité",Confirmer adresse précise; Confirmer contact; Confirmer prix; Confirmer capacité,,,,,https://www.spectable.com/seine-et-marne/petites-annonces/local-de-repetition/n_2648-l_119.php,fetch_failed,
"Local de répétition / Location, recherche dans le Val de Marne",Val-de-Marne,94,yes,spectable.com,"adresse précise, contact, prix, capacité",Confirmer adresse précise; Confirmer contact; Confirmer prix; Confirmer capacité,,,,,https://www.spectable.com/val-de-marne/petites-annonces/local-de-repetition/n_2648-l_136.php,fetch_failed,
"Local de répétition / Location, recherche dans les Hauts de Seine",Hauts-de-Seine,92,yes,spectable.com,"adresse précise, contact, prix, capacité",Confirmer adresse précise; Confirmer contact; Confirmer prix; Confirmer capacité,,,,,https://www.spectable.com/hauts-de-seine/petites-annonces/local-de-repetition/n_2648-l_134.php,fetch_failed,
Danse salles et leçons en Seine-saint-denis - Pages Jaunes,Seine-Saint-Denis,93,yes,pagesjaunes.fr,"adresse précise, contact, prix, capacité",Confirmer adresse précise; Confirmer contact; Confirmer prix; Confirmer capacité,,,,,https://www.pagesjaunes.fr/annuaire/departement/seine-saint-denis-93/danse-salles-et-lecons,fetch_failed,
"Local de répétition / Location, recherche en Seine Saint Denis",Seine-Saint-Denis,93,yes,spectable.com,"adresse précise, contact, prix, capacité",Confirmer adresse précise; Confirmer contact; Confirmer prix; Confirmer capacité,,,,,https://www.spectable.com/seine-saint-denis/petites-annonces/local-de-repetition/n_2648-l_40876.php,fetch_failed,
Location de studios de répétition en Yvelines - Pages Jaunes,Yvelines,78,yes,pagesjaunes.fr,"adresse précise, contact, prix, capacité",Confirmer adresse précise; Confirmer contact; Confirmer prix; Confirmer capacité,,,,,https://www.pagesjaunes.fr/annuaire/departement/yvelines-78/location-de-studios-de-repetition,fetch_failed,
"Local de répétition / Location, recherche à Corbeil Essonnes (91100)",Essonne,91,yes,spectable.com,"adresse précise, contact, prix, capacité",Confirmer adresse précise; Confirmer contact; Confirmer prix; Confirmer capacité,,,,,https://www.spectable.com/corbeil-essonnes-91100/petites-annonces/local-de-repetition/n_2648-l_17548.php,fetch_failed,
Location de studio - Paris Marais Dance School,Paris,75,no,paris-marais-dance-school.org,capacité,Confirmer capacité,06 51 21 37 30,50€/h; 50€,,26 boulevard de Sébastopol 75004 Paris,https://www.paris-marais-dance-school.org/location-studio,scraped,200
20 meilleur Studios De Danse à louer à proximité - Peerspace,Essonne,91,yes,peerspace.com,"adresse précise, contact, prix, capacité",Confirmer adresse précise; Confirmer contact; Confirmer prix; Confirmer capacité,,,,,https://www.peerspace.com/fr/plan/dance-studio,fetch_failed,
"Studio Influence - Reviews, Photos & Phone Number - Updated ...",Val-d'Oise,95,no,studio-influence.wheree.com,"adresse précise, contact, prix, capacité",Confirmer adresse précise; Confirmer contact; Confirmer prix; Confirmer capacité,,,,,https://studio-influence.wheree.com,fetch_failed,
Danse salles et leçons en Essonne - Pages Jaunes,Essonne,91,yes,pagesjaunes.fr,"adresse précise, contact, prix, capacité",Confirmer adresse précise; Confirmer contact; Confirmer prix; Confirmer capacité,,,,,https://www.pagesjaunes.fr/annuaire/departement/essonne-91/danse-salles-et-lecons,fetch_failed,
Location - Capdanse,Seine-et-Marne,77,no,capdanse.fr,"adresse précise, prix, capacité",Confirmer adresse précise; Confirmer prix; Confirmer capacité,capdansemail@gmail.com,,,,http://www.capdanse.fr/location.html,scraped,200
"Louer un studio de yoga à Nanterre, Île-de-France - Peerspace",Hauts-de-Seine,92,yes,peerspace.com,"adresse précise, contact, prix, capacité",Confirmer adresse précise; Confirmer contact; Confirmer prix; Confirmer capacité,,,,,https://www.peerspace.com/fr/venues/fr/nanterre--%C3%AEle-de-france/yoga-studio,fetch_failed,
"ÉCOLE DE POLE DANCE À DOMONT, CHAUMONTEL ET CHAMBLY",Val-d'Oise,95,no,lestudioprive.com,adresse précise,Confirmer adresse précise,hello@lestudioprive.com; 0629303656; 0842874357; 07 49 26 59 12,5€,145m²; 150m²; 180m²,,https://lestudioprive.com,scraped,200
[PDF] LOCATION DE STUDIOS À PARIS ET PROCHE BANLIEUE,Paris,75,no,cnd.fr,"adresse précise, contact, prix",Confirmer adresse précise; Confirmer contact; Confirmer prix,,,7M2,,https://www.cnd.fr/fr/file/file/96/inline/locstudiojuin2017.pdf,scraped,200
Aupra Danses | Privateaser,Hauts-de-Seine,92,yes,privateaser.com,prix,Confirmer prix,contact@privateaser.com; 933253b0bf8b494ca325099db2f790a8@o32036.ingest.sentry.io,,100 pers; 230 personnes; 500 pers; 150 pers,51 Boulevard de la Liberté,https://www.privateaser.com/lieu/2414-aupradance,scraped,200
Location salle de yoga – Espace bien-être & cours privés,Val-de-Marne,94,yes,yogasearcher.com,"adresse précise, contact, prix, capacité",Confirmer adresse précise; Confirmer contact; Confirmer prix; Confirmer capacité,,,,,https://yogasearcher.com/pages/location-salle-yoga,fetch_failed,
EVENT ARENA SOCIETY,Yvelines,78,no,event-arena-society.com,prix,Confirmer prix,support@webador.fr,,170m2; 100 personnes,1 rue Charles Bourseul 78700 CONFLANS SAINTE HONORINE Facebook Instagram WhatsApp TikTok Qui som,https://www.event-arena-society.com,scraped,200
Location de salles de réunion en Val-de-Marne - Pages Jaunes,Val-de-Marne,94,yes,pagesjaunes.fr,"adresse précise, contact, prix, capacité",Confirmer adresse précise; Confirmer contact; Confirmer prix; Confirmer capacité,,,,,https://www.pagesjaunes.fr/annuaire/departement/val-de-marne-94/salles-de-reunion,fetch_failed,
Salle Boulogne-Billancourt Pont de Sèvres - Yoze,Hauts-de-Seine,92,no,yoze.fr,"adresse précise, capacité",Confirmer adresse précise; Confirmer capacité,contact@yoze.fr; 0292488279; +33 6 38 18 64 54,6€,,,https://www.yoze.fr/salles/boulogne-billancourt-pont-de-sevres,scraped,200
"Location Yoga Lagny-sur-Marne – - Salle ""EGYPTE"" à louer (37 m²)",Seine-et-Marne,77,yes,kyaoso.com,"adresse précise, contact",Confirmer adresse précise; Confirmer contact,,50 €; 80 €; 150 €,37 m²,,https://kyaoso.com/listings/salle-egypte-a-louer-37-m-lagny-sur-marne_7a5ab19f-9f19-47ab-a3e1-a55175a82c93,scraped,200
PARIS DANSE STUDIO - Studio de danse à louer à Paris,Paris,75,no,parisdansestudio.fr,"adresse précise, prix",Confirmer adresse précise; Confirmer prix,parisdansestudio@gmail.com; 0744867466; 07 44 86 74 66,,160 m²,,https://parisdansestudio.fr,scraped,200
Studio Influence – École de danse à Pierrelaye,Val-d'Oise,95,no,studio-influence.com,"prix, capacité",Confirmer prix; Confirmer capacité,ecoleinfluence@gmail.com; 06 50 39 94 14,,,254 Boulevard du Havre - 95220 Pierrelaye & 200 Chaussée Jules César - 9250 Beauchamp NOUS CONTACTER Pré,https://studio-influence.com,scraped,200
"Salles et lieux à louer pour yoga, stages et retraites - YogMee",Val-de-Marne,94,yes,yogmee.fr,"adresse précise, prix",Confirmer adresse précise; Confirmer prix,0577978450,,85 m2; 15 pers; 50 m2; 20 personnes,,https://www.yogmee.fr/salles,scraped,200
Studio de danse l'Aire - STUDIO DE DANSE,Yvelines,78,no,studio-danse-l-aire-yvelines.fr,"adresse précise, contact",Confirmer adresse précise; Confirmer contact,,30€/h,135 m2; 60 personnes,,https://studio-danse-l-aire-yvelines.fr/studio-de-danse,scraped,200
[PDF] LOCATION DE STUDIOS DE DANSE PARIS ET PROCHE BANLIEUE,Hauts-de-Seine,92,no,cnd.fr,"adresse précise, prix",Confirmer adresse précise; Confirmer prix,theatre@lemagasin.org; 0 477 000000; 012037 0000; 010451 0000; 010107 0000; 010796 0000,,4m2,,https://www.cnd.fr/fr/file/file/2231/inline/location%20de%20studio%20nov%2023.pdf,scraped,200
Cours de yoga à Val d'Oise,Val-d'Oise,95,yes,pagesjaunes.fr,"adresse précise, contact, prix, capacité",Confirmer adresse précise; Confirmer contact; Confirmer prix; Confirmer capacité,,,,,https://www.pagesjaunes.fr/annuaire/departement/val-d-oise-95/yoga-lecons,fetch_failed,
"Salles de danse, à louer sur le 75, 92, 94, pas cher ou en troc",Val-de-Marne,94,no,facebook.com,"adresse précise, prix",Confirmer adresse précise; Confirmer prix,0834862003; 0391788200; 0728690136; 0754293344; 0832147598,,70m2,,https://www.facebook.com/groups/3730163793874619,scraped,200
LOCATION DU STUDIO,Val-d'Oise,95,no,yoga-nogent.fr,"adresse précise, contact",Confirmer adresse précise; Confirmer contact,,45 €; 55 €; 35 €; 25€,45 M2; 12 pers; 14 pers; 20 M2,,https://yoga-nogent.fr/location.html?twtheme=no,scraped,200
Accueil | Yoga78 | Yoga78 Saint-Germain-en-Laye,Yvelines,78,no,yoga78.fr,capacité,Confirmer capacité,06 60 50 60 04; 06 10 15 35 58; 06 65 18 07 16; 06 03 18 63 32; 07 43 59 87 98,35 €; 20€; 35€; 35 euros,,4 rue de la Procession 78100 ST Germain en Laye A deux pas de la place du marché Contact Cours d,https://yoga78.fr,scraped,200
Location de salle à Saint-Maur-des-Fossés (94100) - Jemepropose,Val-de-Marne,94,yes,jemepropose.com,"adresse précise, prix",Confirmer adresse précise; Confirmer prix,0489721983,,100 m2; 80 places; 100m2; 80 personnes,,https://www.jemepropose.com/annonces/location-de-salle/st-maur-des-fosses-94,scraped,200
Location salle de formation en Essonne (91) - 1001 Salles PRO,Essonne,91,yes,1001salles.com,capacité,Confirmer capacité,contact@1001salles.com; 0309899298; +33 1 78 12 01 60; +33 1 64 93 81 56; +33 6 58 84 21 23; +33 1 64 90 85 85,dès 85 €; dès 35 €; dès 75 €; dès 260 €,,"11 rue Maurice Grandcoing""",https://www.1001salles.com/salle-de-formation-3-essonne-d.html,scraped,200
LES MEILLEURES Yoga et Pilates à Seine-et-Marne (avec photos),Seine-et-Marne,77,no,tripadvisor.fr,"adresse précise, contact, prix, capacité",Confirmer adresse précise; Confirmer contact; Confirmer prix; Confirmer capacité,,,,,https://www.tripadvisor.fr/Attractions-g1816325-Activities-c40-t260-Seine_et_Marne_Ile_de_France.html,fetch_failed,
"Dojo Paris | Location de Dojo à Paris | 68 Avenue de Versailles, Paris",Paris,75,no,dojoparis.fr,"prix, capacité",Confirmer prix; Confirmer capacité,0646549113; 0769230769; 0400000000; 0444444444; 0296296296,,,68 Avenue de Versailles,https://www.dojoparis.fr,scraped,200
Dojo de Paris in Paris France - Apple Maps,Paris,75,no,maps.apple.com,"prix, capacité",Confirmer prix; Confirmer capacité,+33 6 22 02 54 48; 0222198697; 0150071781; +33622025448; 0819082855,,,"25 Avenue de la Porte de Châtillon 75014 Paris France {""initialState"":{""requiredBundles"":[""/static/m",https://maps.apple.com/place?place-id=IEF88A0A421A5B6DF,scraped,200
Dojo de Paris Map - Sports venue,Hauts-de-Seine,92,no,mapcarta.com,"adresse précise, contact, prix, capacité",Confirmer adresse précise; Confirmer contact; Confirmer prix; Confirmer capacité,,,,,https://mapcarta.com/W171544175,fetch_failed,
Bonjour Salle a louer Lagny sur Marne 77 Pour activités danse ...,Seine-et-Marne,77,no,facebook.com,"adresse précise, prix",Confirmer adresse précise; Confirmer prix,0834862003; 0391788200; 0728690136; 0832147598; 0857723951,,30m2; 40m2,,https://www.facebook.com/groups/257289725206307/posts/1557302315205035,scraped,200
Dojo de paris | Organisez un Séminaire Résidentiel à Paris,Hauts-de-Seine,92,no,alfredmeeting.com,"adresse précise, contact, prix, capacité",Confirmer adresse précise; Confirmer contact; Confirmer prix; Confirmer capacité,,,,,https://www.alfredmeeting.com/en/location-lieu/dojo-de-paris,fetch_failed,
Studio Danse en Corps: Studio de danse à Saint-Denis de La Réunion,Seine-Saint-Denis,93,no,studiodanseencorps.re,"prix, capacité",Confirmer prix; Confirmer capacité,0692184824,,,80 rue du G\u00e9n\u00e9ral de Gaulle,https://studiodanseencorps.re,scraped,200
Location studio de yoga Paris - Yoga Village Paris,Paris,75,no,yogavillage.fr,capacité,Confirmer capacité,contact@yogavillageparis.com; 01 49 25 21 52,75€/heure,,39 boulevard des Capucines 75002 PARIS. La capacité des studios est de 15-22 élèves pour les cours de y,https://yogavillage.fr/location-studio-de-yoga-paris,scraped,200
Bonjour je cherche une salle de yoga à louer sur Paris ou autour de ...,Hauts-de-Seine,92,no,facebook.com,"adresse précise, prix, capacité",Confirmer adresse précise; Confirmer prix; Confirmer capacité,0212733848; 0391788200; 0728690136; 0832147598; 0857723951,,,,https://www.facebook.com/groups/257289725206307/posts/1989315642003698,scraped,200
Dojo en Val-de-marne - Pages Jaunes,Val-de-Marne,94,yes,pagesjaunes.fr,"adresse précise, contact, prix, capacité",Confirmer adresse précise; Confirmer contact; Confirmer prix; Confirmer capacité,,,,,https://www.pagesjaunes.fr/annuaire/departement/val-de-marne-94/dojo,fetch_failed,
Location de dojo | asso - Wix.com,Paris,75,no,pariswushu.wixsite.com,"adresse précise, prix",Confirmer adresse précise; Confirmer prix,pariswushu@hotmail.fr; 0247605124; 0611309182; 05-3391-9791,,130 m²; 90 m²,,https://pariswushu.wixsite.com/asso/location-de-dojo,scraped,200
Dojo Paris - Location d'espace sportif dans le 16e ... - Instagram,Paris,75,no,instagram.com,"adresse précise, prix, capacité",Confirmer adresse précise; Confirmer prix; Confirmer capacité,0114529342; 0832147598; 0857723951; 0424999272; 0878715919,,,,https://www.instagram.com/dojo.paris,scraped,200
Dojo Roger Ginet | sports.gouv.fr,Val-de-Marne,94,no,sports.gouv.fr,"adresse précise, contact, prix, capacité",Confirmer adresse précise; Confirmer contact; Confirmer prix; Confirmer capacité,,,,,https://www.sports.gouv.fr/en/dojo-roger-ginet,scraped,200
Paris Saint-Germain Judo Team,Hauts-de-Seine,92,no,psg.fr,adresse précise,Confirmer adresse précise,0980681782; 0406897111; 0127158338; 0867 11.7783; 0361 12.6843,90€,123m2,,https://www.psg.fr/en/judo,scraped,200
"Maison du Mieux-Etre, Rueil-Malmaison à l'Ouest de Paris",Hauts-de-Seine,92,no,ouest2paris.com,capacité,Confirmer capacité,Maisonmieuxetrerueil@gmail.com; 06 81 54 48 32; 0818030539; 0313095458; 0212707519,50 €; 75 €; à partir de 3 €; 5 €,,38 Rue Victorien Sardou 92500 Rueil-Malmaison Fitness Beauté Santé Bien-être 1 Review Ajouter des,https://www.ouest2paris.com/annonce/fitness-sante-beaute-medecine-douce-ouest-de-paris/rueil-malmaison/maison-du-mieux-etre-rueil-malmaison,scraped,200
Location de salle - Ashtanga Yoga Paris,Paris,75,no,ashtangayogaparis.fr,"prix, capacité",Confirmer prix; Confirmer capacité,01.45.80.19.96,,,40 avenue de la République,https://www.ashtangayogaparis.fr/location-salle,scraped,200
Saint-Denis Dojo,Seine-Saint-Denis,93,no,stdenislesbourg.fr,"prix, capacité",Confirmer prix; Confirmer capacité,saintdenisdojo@gmail.com; mairie@stdenislesbourg.fr; 06 15 62 49 92; 04 74 24 24 64,,,"120 Rue des Ecoles à SAINT DENIS LES [...]""",https://www.stdenislesbourg.fr/657-saint-denis-dojo.htm,scraped,200
Dojo en Seine-et-marne - Pages Jaunes,Seine-et-Marne,77,yes,pagesjaunes.fr,"adresse précise, contact, prix, capacité",Confirmer adresse précise; Confirmer contact; Confirmer prix; Confirmer capacité,,,,,https://www.pagesjaunes.fr/annuaire/departement/seine-et-marne-77/dojo,fetch_failed,
"Secteur Versailles /le chesnay (78) Bonjour, Je propose des salles ...",Yvelines,78,no,facebook.com,"adresse précise, prix",Confirmer adresse précise; Confirmer prix,0212733848; 0391788200; 0728690136; 0754293344; 0832147598,,36m2,,https://www.facebook.com/groups/partagedecabinet/posts/7797463943607261,scraped,200
Dojo de Paris - Extérieurs - Film France | Locations,Hauts-de-Seine,92,no,locations.filmfrance.net,"adresse précise, contact, prix, capacité",Confirmer adresse précise; Confirmer contact; Confirmer prix; Confirmer capacité,,,,,https://locations.filmfrance.net/node/189796,scraped,200
Dojo en Yvelines - Pages Jaunes,Yvelines,78,yes,pagesjaunes.fr,"adresse précise, contact, prix, capacité",Confirmer adresse précise; Confirmer contact; Confirmer prix; Confirmer capacité,,,,,https://www.pagesjaunes.fr/annuaire/departement/yvelines-78/dojo,fetch_failed,
Location du studio 🌿 Besoin d'un espace pour vos activités ...,Val-d'Oise,95,no,instagram.com,"adresse précise, prix",Confirmer adresse précise; Confirmer prix,0202259171; 0312094966; 0156389949; 0997243835; 0280960958,,10 personnes,,https://www.instagram.com/p/DN8eEbC0C2P,scraped,200
ASSOCIATION AIKIDO SHINGITAI DOJO LE CHESNAY - Yelp,Yvelines,78,yes,m.yelp.com,"adresse précise, contact, prix, capacité",Confirmer adresse précise; Confirmer contact; Confirmer prix; Confirmer capacité,,,,,https://m.yelp.com/biz/association-aikido-shingitai-dojo-le-chesnay-le-chesnay,fetch_failed,
Dojo en Essonne - Pages Jaunes,Essonne,91,yes,pagesjaunes.fr,"adresse précise, contact, prix, capacité",Confirmer adresse précise; Confirmer contact; Confirmer prix; Confirmer capacité,,,,,https://www.pagesjaunes.fr/annuaire/departement/essonne-91/dojo,fetch_failed,
"Arts Martiaux, Boxe, MMA en Essonne - Ville-Data.com",Essonne,91,yes,ville-data.com,"adresse précise, contact, prix, capacité",Confirmer adresse précise; Confirmer contact; Confirmer prix; Confirmer capacité,,,,,https://ville-data.com/salle-de-combat-dojo/essonne-91-91D,fetch_failed,
"Dojo de Paris Tickets [2026] - Promos, Prices, Reviews & Opening ...",Hauts-de-Seine,92,no,sg.trip.com,"prix, capacité",Confirmer prix; Confirmer capacité,+33140521616; 0100212000; 0104712000; 0100112000; 0103412000,,,21 Av. de la Prte de Châtillon,https://sg.trip.com/travel-guide/attraction/hauts-de-seine/dojo-de-paris-142678789,scraped,200
Dojo Club 93 à Saint-Denis - sportenfrance.fr guide pratique du sport en France,Seine-Saint-Denis,93,no,sportenfrance.fr,"contact, prix",Confirmer contact; Confirmer prix,,,20 places; 00 m²,26 Avenue Romain Rolland 93200 Saint-Denis Seine-Saint-Denis,https://www.sportenfrance.fr/ile-de-france/seine-saint-denis/saint-denis/930660004-dojo-club-93,scraped,200
Location Salle Yoga Paris | Studio dès 35€ / h - Méthode Taranto,Paris,75,yes,methode-taranto.com,"adresse précise, capacité",Confirmer adresse précise; Confirmer capacité,0223337494,dès 35€,,,https://www.methode-taranto.com/location-de-salle-paris,scraped,200
the dual life of Benjamin Lelu,Val-d'Oise,95,no,safran-group.com,"adresse précise, contact, prix, capacité",Confirmer adresse précise; Confirmer contact; Confirmer prix; Confirmer capacité,,,,,https://www.safran-group.com/news/portrait-office-dojo-dual-life-benjamin-lelu-2023-09-19,fetch_failed,
"Dojo Intercommunal - Reviews, Photos & Phone Number ...",Val-d'Oise,95,no,dojo-intercommunal.wheree.com,"adresse précise, contact, prix, capacité",Confirmer adresse précise; Confirmer contact; Confirmer prix; Confirmer capacité,,,,,https://dojo-intercommunal.wheree.com,fetch_failed,
VITÆ Centre d'Arts Martiaux & Fitness dans les Yvelines 78,Yvelines,78,no,vitaeartsmartiaux.fr,prix,Confirmer prix,contact@vitaeartsmartiaux.fr; +33675598262; 0770706656; 0589659915; 06 75 59 82 62; 06 03 01 13 10,,850m²; 850 m²; 250 m²; 250m²,1901 Cours d'essai gratuit Inscriptions toute l'année Rejoignez Nous (function () { function setHeade,https://vitaeartsmartiaux.fr,scraped,200
Répertoire des équipements sportifs français,Val-de-Marne,94,no,repertoire-equipements-sportifs.fr,"contact, prix",Confirmer contact; Confirmer prix,,,2 m²,7 AVENUE FRANCOIS MAURIAC 94000 Créteil,https://www.repertoire-equipements-sportifs.fr/france/ile-de-france/val-de-marne/94028/creteil/centre-andre-dassibat/dojo/e001i940280029.html,scraped,200
"Local de répétition / Location, recherche à Paris 19 (75019)",Paris,75,yes,spectable.com,"adresse précise, contact, prix, capacité",Confirmer adresse précise; Confirmer contact; Confirmer prix; Confirmer capacité,,,,,https://www.spectable.com/paris-19-75019/petites-annonces/local-de-repetition/n_2648-l_38157.php,fetch_failed,
Dojo Regional Saint Denis - Home | Facebook,Seine-Saint-Denis,93,no,facebook.com,"adresse précise, prix, capacité",Confirmer adresse précise; Confirmer prix; Confirmer capacité,0910847845; 0834862003; 0391788200; 0728690136; 0832147598,,,,https://www.facebook.com/417793978315567,scraped,200
Location studio répétition en Hauts-de-seine - Pages Jaunes,Hauts-de-Seine,92,yes,pagesjaunes.fr,"adresse précise, contact, prix, capacité",Confirmer adresse précise; Confirmer contact; Confirmer prix; Confirmer capacité,,,,,https://www.pagesjaunes.fr/annuaire/departement/hauts-de-seine-92/location-studio-repetition,fetch_failed,
Aikido Club Charenton Val-de-Marne – 9 rue du Nouveau Bercy ...,Val-de-Marne,94,no,aikido-charenton.cravan.fr,"contact, prix, capacité",Confirmer contact; Confirmer prix; Confirmer capacité,,,,9 rue du Nouveau Bercy – 94 220 Charenton img:is([sizes=auto i],https://aikido-charenton.cravan.fr,scraped,200
Location salle de réception à Saint Denis de la Réunion - Yoga Institut,Seine-Saint-Denis,93,no,yoga-institut.fr,prix,Confirmer prix,06 93 94 21 70,,45 m²; 15 m²; 12 m²,2 rue Ruisseau des Noirs,https://yoga-institut.fr/location,scraped,200
"File:Dojo, espace sportif Maurice Baquet, Essonne, France.jpg",Essonne,91,no,commons.wikimedia.org,"adresse précise, prix, capacité",Confirmer adresse précise; Confirmer prix; Confirmer capacité,0683376286; 0688112782; 0520732883; 0260612025,,,,"https://commons.wikimedia.org/wiki/File:Dojo,_espace_sportif_Maurice_Baquet,_Essonne,_France.jpg",scraped,200
Seibukan Dojo - Arts du Sabre Japonais,Seine-et-Marne,77,no,seibukan77.fr,"adresse précise, prix, capacité",Confirmer adresse précise; Confirmer prix; Confirmer capacité,seibukan.dojo.croissy77@gmail.com; 0631078979,,,,https://www.seibukan77.fr,scraped,200
"Local de répétition / Location, recherche à Créteil (94000) - Spectable",Val-de-Marne,94,yes,spectable.com,"adresse précise, contact, prix, capacité",Confirmer adresse précise; Confirmer contact; Confirmer prix; Confirmer capacité,,,,,https://www.spectable.com/creteil-94000/petites-annonces/local-de-repetition/n_2648-l_17826.php,fetch_failed,
Location de studios de répétition en Seine-saint-denis,Seine-Saint-Denis,93,yes,pagesjaunes.fr,"adresse précise, contact, prix, capacité",Confirmer adresse précise; Confirmer contact; Confirmer prix; Confirmer capacité,,,,,https://www.pagesjaunes.fr/annuaire/departement/seine-saint-denis-93/location-de-studios-de-repetition,fetch_failed,
"Dojo Paris, Location d'espace sportif dans le 16e - Facebook",Paris,75,no,facebook.com,"prix, capacité",Confirmer prix; Confirmer capacité,0564724397; 0834862003; 0391788200; 0728690136; 0832147598,,,68 Avenue du Versailles,https://www.facebook.com/people/Dojo-Paris-Location-despace-sportif-dans-le-16e/61570014873764,scraped,200
Les espaces du théâtre | MC93 · Maison de la Culture de ...,Seine-Saint-Denis,93,no,mc93.com,prix,Confirmer prix,0141607272; 01 41 60 72 60; 01 41 60 72 72,,776 places; 176 places; 130 places,"9 Boulevard Lénine""",https://www.mc93.com/espaces,scraped,200
Studio de répétition en Val-de-marne - Pages Jaunes,Val-de-Marne,94,yes,pagesjaunes.fr,"adresse précise, contact, prix, capacité",Confirmer adresse précise; Confirmer contact; Confirmer prix; Confirmer capacité,,,,,https://www.pagesjaunes.fr/annuaire/departement/val-de-marne-94/studio-de-repetition,fetch_failed,
le perray-st leger jjda - France Judo,Yvelines,78,no,ffjudo.com,"prix, capacité",Confirmer prix; Confirmer capacité,laurence.sablier@wanadoo.fr; 0608079002; 0844374377; +33140521616,,,"25 Avenue de la Porte Châtillon""",https://www.ffjudo.com/club-le-perray-st-leger-jj-da,scraped,200
dojo77.valdeurope - Instagram,Seine-et-Marne,77,no,instagram.com,"adresse précise, prix, capacité",Confirmer adresse précise; Confirmer prix; Confirmer capacité,0832147598; 0857723951; 0279000159; 0636453712; 0163051917,,,,https://www.instagram.com/dojo77.valdeurope,scraped,200
"Local de répétition / Location, recherche à Ivry sur Seine (94200)",Seine-et-Marne,77,yes,spectable.com,"adresse précise, contact, prix, capacité",Confirmer adresse précise; Confirmer contact; Confirmer prix; Confirmer capacité,,,,,https://www.spectable.com/ivry-sur-seine-94200/petites-annonces/local-de-repetition/n_2648-l_17836.php,fetch_failed,
Location Espaces Professionnels - Ressource En Vous,Essonne,91,no,ressourceenvous.fr,"adresse précise, prix, capacité",Confirmer adresse précise; Confirmer prix; Confirmer capacité,0526315789,,,,https://ressourceenvous.fr/location-espaces-professionnels,scraped,200
Studio d'enregistrement / de répétition - Seine-et-Marne (77) - EasyZic,Seine-et-Marne,77,yes,easyzic.com,"adresse précise, contact, capacité",Confirmer adresse précise; Confirmer contact; Confirmer capacité,,5€/,,,"https://www.easyzic.com/annuaire/etablissements/meaux-chelles-melun-pontault-combault-champs-sur-marne-savigny-le-temp,l77.html?id_libelle=60",scraped,200
Association DOJO VAL D OISE à 95000 CERGY,Val-d'Oise,95,yes,annuaire-entreprises.data.gouv.fr,"adresse précise, contact, prix, capacité",Confirmer adresse précise; Confirmer contact; Confirmer prix; Confirmer capacité,,,,,https://annuaire-entreprises.data.gouv.fr/entreprise/dojo-val-d-oise-482095262,fetch_failed,
Location de studios de répétition en Essonne - Pages Jaunes,Essonne,91,yes,pagesjaunes.fr,"adresse précise, contact, prix, capacité",Confirmer adresse précise; Confirmer contact; Confirmer prix; Confirmer capacité,,,,,https://www.pagesjaunes.fr/annuaire/departement/essonne-91/location-de-studios-de-repetition,fetch_failed,
Location studio répétition en Yvelines - Pages Jaunes,Yvelines,78,yes,pagesjaunes.fr,"adresse précise, contact, prix, capacité",Confirmer adresse précise; Confirmer contact; Confirmer prix; Confirmer capacité,,,,,https://www.pagesjaunes.fr/annuaire/departement/yvelines-78/location-studio-repetition,fetch_failed,
Dojo Régional d'Herblay-sur-Seine - Val d'Oise Tourisme ...,Val-d'Oise,95,no,valdoise-tourisme.com,"contact, prix",Confirmer contact; Confirmer prix,,,980 m²; 200 places,1 rue Alexandre Dumas 95220 Herblay-sur-Seine https://herblaysurseine.fr/mes-loisirs/sport/les-g,https://www.valdoise-tourisme.com/fiches/dojo-regional-dherblay-sur-seine,scraped,200
"Local de répétition / Location, recherche à Massy (91300) - Spectable",Essonne,91,yes,spectable.com,"adresse précise, contact, prix, capacité",Confirmer adresse précise; Confirmer contact; Confirmer prix; Confirmer capacité,,,,,https://www.spectable.com/massy-91300/petites-annonces/local-de-repetition/n_2648-l_17598.php,fetch_failed,
Accompagnement des artistes : Salles de répétition et de spectacle - Association des Maisons de quartier de Reims,Val-de-Marne,94,yes,maisondequartier-reims.fr,contact,Confirmer contact,,80 €,80 places; 90 places,73 rue Alexandre Henrot) est mis à disposition des groupes membres du centre de ressources . Il s,http://www.maisondequartier-reims.fr/salles-de-repetition-et-de-spectacle,scraped,200
Dojo Gérard Bailo - Sainte-Geneviève-des-Bois - Essonne.gouv.fr,Essonne,91,no,essonne.gouv.fr,prix,Confirmer prix,clemence-cassier@sgdb91.com; florian-diard@sgdb91.com; 01 69 46 80 23; 01 69 25 59 80,,532m²; 150 places,4 rue Léonard de Vinci 91090,https://www.essonne.gouv.fr/Jeux-Olympiques-et-Paralympiques-de-Paris-2024/Les-Centres-de-Preparation-aux-Jeux-CPJ/Judo/Dojo-Gerard-Bailo-Sainte-Genevieve-des-Bois,scraped,200
"Local de répétition / Location, recherche à Franconville (95130)",Val-d'Oise,95,yes,spectable.com,"adresse précise, contact, prix, capacité",Confirmer adresse précise; Confirmer contact; Confirmer prix; Confirmer capacité,,,,,https://www.spectable.com/franconville-95130/petites-annonces/local-de-repetition/n_2648-l_17890.php,fetch_failed,
Seine-Saint-Denis (93) : Mc93 - Salle De Répétition,Seine-Saint-Denis,93,no,billetreduc.com,prix,Confirmer prix,sav@billetreduc.com; +33 664942730,,100 places,1 place achetée = 1 place offerte Offres du jour Offres limitées Invitations Offres privilèges Tou,https://www.billetreduc.com/8536/salle.htm,scraped,200
Les DOJO et Districts – Comité de Judo du Val de Marne - judo94.net,Val-de-Marne,94,no,judo94.net,"prix, capacité",Confirmer prix; Confirmer capacité,judo94@orange.fr; 01 47 18 12 12; 01 48 81 11 01; 01 45 76 60 98; 01 45 18 82 50; 01 49 59 93 59,,,169 av. M. Berteaux – Tél : 01 45 76 60 98 SAINT-MAUR : Centre Brossolette,https://judo94.net/la-ligue/dojos-et-districts,scraped,200
Venir répéter | MPAA - Maison des pratiques artistiques amateurs,Hauts-de-Seine,92,no,mpaa.fr,"adresse précise, contact, capacité",Confirmer adresse précise; Confirmer contact; Confirmer capacité,,20 € /; 8 € /; 2 € /,,,https://www.mpaa.fr/salles-repetition,scraped,200
"Location de salles de répétition à Paris (danse, théâtre...) | Facebook",Paris,75,no,facebook.com,"adresse précise, prix, capacité",Confirmer adresse précise; Confirmer prix; Confirmer capacité,0391788200; 0832147598; 0857723951; 0200429809; 0204744918,,,,https://www.facebook.com/groups/257289725206307,scraped,200
MC93 - Maison de la Culture de Seine-Saint-Denis - Salle de ...,Seine-Saint-Denis,93,no,locations.filmfrance.net,"contact, prix",Confirmer contact; Confirmer prix,,,000 m2; 053 m2; 800 m2,9 Boulevard Lénine 93000 Bobigny France,https://locations.filmfrance.net/fr/location/mc93-maison-de-la-culture-de-seine-saint-denis-bobigny-salle-de-lecture,scraped,200
Covent garden Eragny | Studio pour les projets musicaux Cergy,Val-d'Oise,95,no,covent-garden-eragny.fr,prix,Confirmer prix,01 85 53 02 85; 0488944492,,170 personnes,1 Rue du Bouvreuil 95610 Eragny-sur-Oise Parc d'Activité de la Danne Horaires Du Lundi au Vendre,https://www.covent-garden-eragny.fr,scraped,200
Location salle des fêtes en Hauts-de-seine - Pages Jaunes,Hauts-de-Seine,92,yes,pagesjaunes.fr,"adresse précise, contact, prix, capacité",Confirmer adresse précise; Confirmer contact; Confirmer prix; Confirmer capacité,,,,,https://www.pagesjaunes.fr/annuaire/departement/hauts-de-seine-92/location-salle-des-fetes,fetch_failed,
"Dojo à Saint-Denis, 93200.",Seine-Saint-Denis,93,no,dojoici.com,"prix, capacité",Confirmer prix; Confirmer capacité,0148226481; 0613387245; +33148335275; 0620758036; 0608126902,,,9 Av. Roger Semat,https://dojoici.com/ville/saint-denis_93200,scraped,200
ESPACE BIEN ETRE PARIS 14 - YogMee,Paris,75,no,yogmee.fr,"prix, capacité",Confirmer prix; Confirmer capacité,confiance-detente@live.fr; 0577978450; 0681434891,,,14 Rue Louis morard 75014 PARIS France Caractéristiques Situation 48.8287098,https://www.yogmee.fr/salles/espace-bien-etre-paris-14,scraped,200
Salle de théâtre - Location salle répétition spectacle | IZYSHOW,Hauts-de-Seine,92,yes,lesite.izyshow.com,adresse précise,Confirmer adresse précise,bouncingwall.paris@gmail.com; contact.tsmgo@gmail.com; 0833741218; 0226690365,40 € par heure,200 m²; 56 m²,,https://lesite.izyshow.com/fr/listings/2040369-salle-de-theatre,scraped,200
Salle de réception en Val-de-marne - Pages Jaunes,Val-de-Marne,94,yes,pagesjaunes.fr,"adresse précise, contact, prix, capacité",Confirmer adresse précise; Confirmer contact; Confirmer prix; Confirmer capacité,,,,,https://www.pagesjaunes.fr/annuaire/departement/val-de-marne-94/salle-de-reception,fetch_failed,
Coworking Beauté | Maison Lecomte | Saint-denis (93),Seine-Saint-Denis,93,no,maison-lecomte.com,prix,Confirmer prix,contact@maison-lecomte.com; dd0a55ccb8124b9c9d938e3acf41f8aa@sentry.wixpress.com; c183baa23371454f99f417f6616b724d@sentry.wixpress.com; 8c4075d5481d476e945486754f783364@sentry.io; 9a65e97ebe8141fca0c4fd686f70996b@sentry.wixpress.com; 0999999999; 0975609756; 0487804878; 0208333333; 0104166666,,400 m²; 8 m²; 38 m²; 8m2,"1 Boulevard Félix Faure""}} {""@context"":""https://schema.org/""",https://www.maison-lecomte.com,scraped,200
Studios de répétition associatifs | Essonne | Accord Majeur,Essonne,91,no,accordmajeur.org,"prix, capacité",Confirmer prix; Confirmer capacité,8c4075d5481d476e945486754f783364@sentry.io; dd0a55ccb8124b9c9d938e3acf41f8aa@sentry.wixpress.com; c183baa23371454f99f417f6616b724d@sentry.wixpress.com; 88170cb0c9d64f94b5821ca7fd2d55a4@sentry-next.wixpress.com; 460ff4620fa44cba8df530afde949785@sentry.wixpress.com; 0531445389; 05-3391-9791,,,"14 Rue Léo Lagrange""}} {""@context"":""https://schema.org/""",https://www.accordmajeur.org,scraped,200
Location de salles - SEINE ET MARNE - Pages Jaunes,Seine-et-Marne,77,yes,pagesjaunes.fr,"adresse précise, contact, prix, capacité",Confirmer adresse précise; Confirmer contact; Confirmer prix; Confirmer capacité,,,,,https://www.pagesjaunes.fr/annuaire/departement/seine-et-marne-77/location-de-salles,fetch_failed,
Location salle bien-être Hauts-de-France | Gîte et yourte,Hauts-de-Seine,92,yes,letangpresent.fr,prix,Confirmer prix,contact@letangpresent.fr; 06 30 10 28 99; +33630102899,,35 m²; 9 personnes; 12 personnes; 27 m²,179 rue Jean Duez 59171 Hornaing L’Etang Présent,https://letangpresent.fr/location-salle-bien-etre-hauts-de-france,scraped,200
Salle de repetition - Théâtre Artistic Athévains,Val-d'Oise,95,no,artistictheatre.com,adresse précise,Confirmer adresse précise,aatheatre@gmail.com; 01.43.56.38.32,230€ / jour; 170€; 100€; 25€ / heure,110m²; 25 personnes; 70m²; 20 personnes,,https://artistictheatre.com/salle-repetition,scraped,200
Location de salles de réunion en Yvelines - Pages Jaunes,Yvelines,78,yes,pagesjaunes.fr,"adresse précise, contact, prix, capacité",Confirmer adresse précise; Confirmer contact; Confirmer prix; Confirmer capacité,,,,,https://www.pagesjaunes.fr/annuaire/departement/yvelines-78/location-de-salles-de-reunion,fetch_failed,
Espace Bien-Être à Sous-Louer – Saint-Denis (Réunion) OM ...,Seine-Saint-Denis,93,no,facebook.com,"adresse précise, prix, capacité",Confirmer adresse précise; Confirmer prix; Confirmer capacité,0212733848; 0391788200; 0728690136; 0832147598; 0857723951,,,,https://www.facebook.com/groups/coloc974/posts/2664064500445719,scraped,200
Locations de vacances Love Room en Seine Saint-Denis - Gites.fr,Seine-Saint-Denis,93,no,gites.fr,"adresse précise, contact, prix",Confirmer adresse précise; Confirmer contact; Confirmer prix,,,50 m²; 4 personnes; 40 m²; 2 personnes,,https://www.gites.fr/love-room_seine-saint-denis_d93.html,scraped,200
Location salle des fêtes en Essonne - Pages Jaunes,Essonne,91,yes,pagesjaunes.fr,"adresse précise, contact, prix, capacité",Confirmer adresse précise; Confirmer contact; Confirmer prix; Confirmer capacité,,,,,https://www.pagesjaunes.fr/annuaire/departement/essonne-91/location-salle-des-fetes,fetch_failed,
Location d'espaces pour professionnels du bien-être - Sensitivea,Yvelines,78,no,sensitivea.fr,"adresse précise, contact, prix, capacité",Confirmer adresse précise; Confirmer contact; Confirmer prix; Confirmer capacité,,,,,https://sensitivea.fr/location-despaces,fetch_failed,
SALLE DE SPORT L'Île-Saint-Denis - Pure Fitness Premium,Seine-Saint-Denis,93,no,pur-fitness.com,prix,Confirmer prix,info@purefitness.fr; 01 47 37 28 04; 06 99 30 19 19,,700m2; 800 m2,4 Rue de l'Ancienne Mairie,https://pur-fitness.com/salle/lile-saint-denis,scraped,200
Location Salle de Répétition Paris | IZYSHOW,Paris,75,no,izyshow.com,"adresse précise, prix, capacité",Confirmer adresse précise; Confirmer prix; Confirmer capacité,06 61 87 21 80,,,,https://www.izyshow.com/salle-de-repetition-paris,scraped,200
IZYSHOW — La plateforme de location de salles de répétition,Val-de-Marne,94,no,lesite.izyshow.com,adresse précise,Confirmer adresse précise,01 02 03 04 05; 06 07 08 09 10,96 € / jour; 90 € / jour; 250 € / jour; 000 € / jour,30m²; 50m²; 700 m2,,https://lesite.izyshow.com?transaction_type=location-a-la-journee,scraped,200
Où répéter dans Paris ? - Inspire Studio,Paris,75,no,inspirestudiosparis.com,"prix, capacité",Confirmer prix; Confirmer capacité,inspire.studio.paris@gmail.com; dd0a55ccb8124b9c9d938e3acf41f8aa@sentry.wixpress.com; c183baa23371454f99f417f6616b724d@sentry.wixpress.com; 18d2f96d279149989b95faf0a4b41882@sentry-next.wixpress.com; 8c4075d5481d476e945486754f783364@sentry.io; 0666666666; 0531445389; 0135303993,,,160 Rue Oberkampf,https://www.inspirestudiosparis.com/post/o%C3%B9-r%C3%A9p%C3%A9ter-dans-paris,scraped,200
Location de Salles et Réception dans le Val-de-Marne (94),Val-de-Marne,94,yes,tourisme-valdemarne.com,"prix, capacité",Confirmer prix; Confirmer capacité,01 55 09 16 20,,,"15 rue Gustave Eiffel""",https://www.tourisme-valdemarne.com/cote-pratique/restaurants-et-lieux-de-receptions/location-de-salles-et-reception,scraped,200
Location salle de formation dans le Val-d'Oise,Val-d'Oise,95,yes,pavillon-napoleon.fr,prix,Confirmer prix,06 29 67 78 23,,200 m²; 100 m²; 130 personnes; 150 m²,10 Rue Jules Verne 95320 Saint-Leu-la-Forêt 06 29 67 78 23 Afficher le numéro Facebook Twitter Em,https://www.pavillon-napoleon.fr/location-salle-de-formation-val-d-oise.html,scraped,200
Circle Movement - Un nouveau genre de salle de sport - Paris 11,Paris,75,no,circle-movement.com,"adresse précise, prix, capacité",Confirmer adresse précise; Confirmer prix; Confirmer capacité,contact@circle-movement.com; utilisateur@domaine.com; 0899035483; 0899175120; 0748700539,,,,https://www.circle-movement.com,scraped,200
Louer une salle pour activités de loisirs à Paris - Le 8 Petion,Paris,75,yes,le8petion.com,"adresse précise, prix, capacité",Confirmer adresse précise; Confirmer prix; Confirmer capacité,08-15443021,,,,https://le8petion.com/location-salle-loisir-paris,scraped,200
Comment louer une salle de sport à Paris ? Le guide complet pour ...,Paris,75,no,briostudios.io,"adresse précise, contact",Confirmer adresse précise; Confirmer contact,,100€ / heure; 70 € / heure; 200 € / heure,50 m²; 10 personnes; 100 m²; 20 participants,,https://briostudios.io/blog/comment-louer-une-salle-de-sport-a-paris-le-guide-complet-pour-trouver-le-meilleur-espace-sportif,scraped,200
"Événements, location de salle, mariages et fêtes Seine-Saint-Denis ...",Seine-Saint-Denis,93,no,leboncoin.fr,"adresse précise, contact, prix, capacité",Confirmer adresse précise; Confirmer contact; Confirmer prix; Confirmer capacité,,,,,https://www.leboncoin.fr/cl/evenements/dp_seine-saint-denis,fetch_failed,
Location de salles et lieux de séminaire dans les Hauts-de-Seine,Hauts-de-Seine,92,yes,kactus.com,prix,Confirmer prix,hello@kactus.com; 01 84 80 92 92; +33184809292,,200m²; 120m2; 80m2; 60m2,94 Allée du Cordon Boisé,https://www.kactus.com/fr/cat/lieux/seminaire/hauts-de-seine,scraped,200
Location de la salle Ambroise-Croizat - Saint-Denis,Seine-Saint-Denis,93,no,saintdenis.fr,"prix, capacité",Confirmer prix; Confirmer capacité,maison.vie.associative@saintdenis.fr; 01 83 72 20 40,,,19 Rue de la Boulangerie 93200 Saint-Denis France Téléphone 01 83 72 20 40 Horaires d'ouverture L,https://www.saintdenis.fr/salle-ambroise-croizat,scraped,200
"Boxe thaï - DOJO 77 : Self-Défense, Boxes, Arts Martiaux",Seine-et-Marne,77,no,dojo77.fr,"contact, prix, capacité",Confirmer contact; Confirmer prix; Confirmer capacité,,,,14 chemin des Aulnoyes,https://dojo77.fr/boxe-thai,scraped,200
"Dojo 77 - Accueil - DOJO 77 : Self-Défense, Boxes, Arts Martiaux",Seine-et-Marne,77,no,dojo77.fr,"adresse précise, contact, capacité",Confirmer adresse précise; Confirmer contact; Confirmer capacité,,15€,,,https://dojo77.fr,scraped,200
"Studio d'enregistrement Yvelines - Du bon son, du mix, du style ✨",Yvelines,78,no,lavoixenscene.com,"adresse précise, contact, prix",Confirmer adresse précise; Confirmer contact; Confirmer prix,,,20 m²; 4m²; 16 m²; 40 m²,,https://lavoixenscene.com/location-studios,scraped,200
Location de salle dans les Hauts-de-Seine (92),Hauts-de-Seine,92,yes,directsalles.com,prix,Confirmer prix,01 46 21 84 39; 0146080809; 07 83 04 02 01; 0146211516; 06.99.65.07.04,,850 m²,55 quai du point du Jour 92100 Boulogne-Billancourt,http://www.directsalles.com/hauts-de-seine,scraped,200
"Événements, location de salle, mariages et fêtes Seine-et-Marne (77)",Seine-et-Marne,77,no,leboncoin.fr,"adresse précise, contact, prix, capacité",Confirmer adresse précise; Confirmer contact; Confirmer prix; Confirmer capacité,,,,,https://www.leboncoin.fr/cl/evenements/dp_seine-et-marne,fetch_failed,
recherche espace bien-être en location/partage – Essonne / Seine ...,Essonne,91,no,facebook.com,"adresse précise, prix",Confirmer adresse précise; Confirmer prix,0834862003; 0391788200; 0728690136; 0832147598; 0857723951,,10m2,,https://www.facebook.com/groups/locationcabinetmedical/posts/2099558477501763,scraped,200
Espace Bien-Être à Louer – Saint-Denis (La Réunion) Le centre OM ...,Seine-Saint-Denis,93,no,facebook.com,"prix, capacité",Confirmer prix; Confirmer capacité,0212733848; 0391788200; 0728690136; 0832147598; 0857723951,,,65 rue Sainte-Marie,https://www.facebook.com/groups/coloc974/posts/2783606065158228,scraped,200
Location de salle dans le Val-de-Marne : Annonces et offres d'emploi,Val-de-Marne,94,yes,jemepropose.com,"adresse précise, prix",Confirmer adresse précise; Confirmer prix,0489721983,,100 m2; 80 places; 100m2; 80 personnes,,https://www.jemepropose.com/annonces/location-de-salle/val-de-marne,scraped,200
Location salle mariage en Val-d'oise - Pages Jaunes,Val-d'Oise,95,yes,pagesjaunes.fr,"adresse précise, contact, prix, capacité",Confirmer adresse précise; Confirmer contact; Confirmer prix; Confirmer capacité,,,,,https://www.pagesjaunes.fr/annuaire/departement/val-d-oise-95/location-salle-mariage,fetch_failed,
Location de salles de réunion en Essonne - Pages Jaunes,Essonne,91,yes,pagesjaunes.fr,"adresse précise, contact, prix, capacité",Confirmer adresse précise; Confirmer contact; Confirmer prix; Confirmer capacité,,,,,https://www.pagesjaunes.fr/annuaire/departement/essonne-91/location-de-salles-de-reunion,fetch_failed,
Location de salles à Cachan (94),Cachan,94,yes,pagesjaunes.fr,"contact, prix, capacité",Confirmer contact; Confirmer prix; Confirmer capacité,,,,Allee des Arts 94230 Cachan,https://www.pagesjaunes.fr/annuaire/cachan-94/location-de-salles,fetch_failed,
Salle de Séminaire : Le Carré Marne à Saint-Maur-des-Fossés,Val-de-Marne,94,no,tourisme-valdemarne.com,prix,Confirmer prix,contact@carremarne.com; 01 55 09 16 20; 01 48 73 19 18,,120 m²,"15 rue Gustave Eiffel""",https://www.tourisme-valdemarne.com/seminaire/le-carre-marne,scraped,200
Location de salle de réunion dans les Yvelines | Kactus,Yvelines,78,yes,kactus.com,prix,Confirmer prix,hello@kactus.com; 01 84 80 92 92; +33184809292,,14 places; 25 m²; 50 m²; 20 pers,22 Place des Épars,https://www.kactus.com/fr/cat/lieux/reunion/yvelines,scraped,200
"Location de salle, séminaire & événement - YMCA - Mouvement de Jeunesse",Paris,75,yes,ymcafrance.fr,prix,Confirmer prix,secretariat.national@ymca.fr,,120 personnes; 30 personnes; 80 personnes; 20 personnes,5 place de Vénétie,https://ymcafrance.fr/nos-actions-jeunesse-tourisme-inclusion/tourisme-social-et-solidaire/location-de-salle-seminaire-evenement,scraped,200
La Victory • espaces à louer • Cachan FR,Cachan,94,no,la-victory.com,prix,Confirmer prix,+33633881334; +33 6 33 88 13 34,,140m²; 140 m²,30 rue Etienne Dolet 94230 Cachan Vous venez en voiture Plan voiture bus 187 et 162 arrêt Mairie,https://la-victory.com,scraped,200
"Arts Martiaux, Boxe, MMA à Cachan et à proximité",Cachan,94,yes,ville-data.com,"adresse précise, contact, prix, capacité",Confirmer adresse précise; Confirmer contact; Confirmer prix; Confirmer capacité,,,,,https://ville-data.com/salle-de-combat-dojo/Cachan-94-94016,fetch_failed,
Location de salles – Les Molières – Essonne 91470,Essonne,91,yes,lesmolieres.fr,"adresse précise, prix, capacité",Confirmer adresse précise; Confirmer prix; Confirmer capacité,contact@lesmolieres.fr; 0160120799,,,,https://www.lesmolieres.fr/location-de-salles,scraped,200
Procédure de location de salle | Mairie de Ballancourt sur Essonne,Essonne,91,no,ville-ballancourt.fr,"adresse précise, capacité",Confirmer adresse précise; Confirmer capacité,association@mairie-ballancourt.fr; mairie@mairie-ballancourt.fr; lukasz.cisek@hob-france.com; 01 64 93 73 73; 0164937373,00 € par heure,,,https://www.ville-ballancourt.fr/articles/procedure-de-location-de-salle,scraped,200
Club de danse à Châtillon (92),Châtillon,92,yes,pagesjaunes.fr,"contact, prix, capacité",Confirmer contact; Confirmer prix; Confirmer capacité,,,,Villa Denise 92320 Châtillon,https://www.pagesjaunes.fr/annuaire/chatillon-92/club-de-danse,fetch_failed,
Louer la salle polyvalente MJC Mont,Cachan,94,no,rouen.fr,adresse précise,Confirmer adresse précise,02 35 71 94 58,240 €; 40 €; 50 €; 38 €,90 personnes,,https://rouen.fr/fr/salle-polyvalente-mjc-mont-gargan,scraped,200
Location salle Seine et Marne - La Rivière Dorée,Seine-et-Marne,77,yes,larivieredoree.com,"contact, prix",Confirmer contact; Confirmer prix,,,144 m²; 168 personnes; 2000 m²,00 Chemin Des Grèves 77167 Bagneaux-sur-Loing France Camping Fontainebleau » Location de salle en Se,https://www.larivieredoree.com/fr/location-salle,scraped,200
Yoga à Châtillon,Châtillon,92,no,chatillon-yoga.fr,"adresse précise, prix, capacité",Confirmer adresse précise; Confirmer prix; Confirmer capacité,annie.marre@laposte.net; mariehelenemaiz@gmail.com; 06 75 12 12 26; 06 64 51 67 04,,,,https://www.chatillon-yoga.fr,scraped,200
Demandez un devis Location lieu atypique dans le Val-d'Oise,Val-d'Oise,95,yes,evenementielpourtous.com,prix,Confirmer prix,info@evenementielpourtous.com; 06 43 61 06 25; 0424 46 46 43; 042969 10.99; 031984 15.87; 021484 20.75,,100m2; 26m2; 3000M2,50 Av. des Caillols 13012 Marseille E-mail : info@evenementielpourtous.com ACCES PRO Se connecter,https://www.evenementielpourtous.com/location-de-salle/location-lieu-atypique/ile-de-france/val-d-oise,scraped,200
Maison des associations,Châtillon,92,no,chatillon-sur-indre.fr,"prix, capacité",Confirmer prix; Confirmer capacité,mairie@chatillon-sur-indre.fr; 0254387544; 0254388370,,,50 Rue Grande,https://www.chatillon-sur-indre.fr/pages/maison-des-associations,scraped,200
Magnum,Châtillon,92,yes,magnum.fr,"contact, prix",Confirmer contact; Confirmer prix,,,400 places; 750m²,Châtillon,https://www.magnum.fr/lieux/dojo-de-paris,scraped,200
Danse salles et leçons à Bagneux (92),Bagneux,92,yes,pagesjaunes.fr,"adresse précise, contact, prix, capacité",Confirmer adresse précise; Confirmer contact; Confirmer prix; Confirmer capacité,,,,,https://www.pagesjaunes.fr/annuaire/bagneux-92/danse-salles-et-lecons,fetch_failed,
"Local de répétition / Location, recherche à Bagneux (92220)",Bagneux,92,yes,spectable.com,"contact, prix, capacité",Confirmer contact; Confirmer prix; Confirmer capacité,,,,Rue de la Participation 92220 Bagneux,https://www.spectable.com/bagneux-92220/petites-annonces/local-de-repetition/n_2648-l_17756.php,fetch_failed,
Cache Studios BX (@cachestudiosbx),Cachan,94,no,instagram.com,"adresse précise, prix, capacité",Confirmer adresse précise; Confirmer prix; Confirmer capacité,0648937247; 0404992750; 0832147598; 0857723951; 0635070589,,,,https://www.instagram.com/cachestudiosbx?hl=en,scraped,200
Réserver votre cours de yoga à Bagneux (92),Bagneux,92,yes,pagesjaunes.fr,"contact, prix, capacité",Confirmer contact; Confirmer prix; Confirmer capacité,,,,Rue de Verrières 92220 Bagneux,https://www.pagesjaunes.fr/annuaire/bagneux-92/yoga,fetch_failed,
"Louer une salle de sport à Bagneux, Île",Bagneux,92,yes,peerspace.com,"adresse précise, contact, prix, capacité",Confirmer adresse précise; Confirmer contact; Confirmer prix; Confirmer capacité,,,,,https://www.peerspace.com/fr/spaces/fr/bagneux--%C3%AEle-de-france/gym,fetch_failed,
Studio de danse à Châtillon (92),Châtillon,92,yes,funbooker.com,contact,Confirmer contact,,220 €; 400 €; 700 €; 350 €,12 participants,Villa Denise 92320 Châtillon,https://www.funbooker.com/fr/annonce/studio-de-danses-a-chatillon-92/voir,scraped,200
"Arts Martiaux, Boxe, MMA à Bagneux",Bagneux,92,yes,ville-data.com,"adresse précise, contact, prix, capacité",Confirmer adresse précise; Confirmer contact; Confirmer prix; Confirmer capacité,,,,,https://ville-data.com/salle-de-combat-dojo/Bagneux-92-92007,fetch_failed,
Fitness Park,Bagneux,92,no,fresha.com,"prix, capacité",Confirmer prix; Confirmer capacité,388fe63e6063cc241ca2a1b0f52622a3@o61919.ingest.us.sentry.io; 0595295382; +33 1 46 65 12 33,,,168 Av. Aristide Briand,https://www.fresha.com/fr/lvp/salle-de-sport-bagneux-fitness-park-avenue-aristide-briand-bagneux-jb4751,scraped,200
Weekend spa : voyage au Pays du bien-être - Destination Yvelines,Yvelines,78,no,destination-yvelines.fr,"adresse précise, contact, prix",Confirmer adresse précise; Confirmer contact; Confirmer prix,,,800 m²,,https://www.destination-yvelines.fr/weekend-spa-yvelines,scraped,200
"Local de répétition / Location, recherche à Montrouge (92120)",Montrouge,92,yes,spectable.com,"contact, prix, capacité",Confirmer contact; Confirmer prix; Confirmer capacité,,,,Avenue de la République 92120 Montrouge,https://www.spectable.com/montrouge-92120/petites-annonces/local-de-repetition/n_2648-l_17747.php,fetch_failed,
Salle yoga de 26m2 à Montrouge (92),Montrouge,92,yes,kyaoso.com,"contact, prix",Confirmer contact; Confirmer prix,,,26m2,Allee de la Valliere 92120 Montrouge,https://kyaoso.com/listings/salle-yoga-de-26m2-a-montrouge-92-montrouge_0d216770-8e51-4a7e-b8bb-814f706232a2,scraped,200
Tarifs 2022,Bagneux,92,no,combagneux.org,capacité,Confirmer capacité,0623274962; 0501620979; 0268885055; 0242025718; 0149656950,23 €; 25 €; 26 €; 31 €,,2 cours d'1h/sem 2 211 € +​ 26 € 1 cours d'1h et 1 cours d'1h30 2 ​ 226 € +​ 31 € 2 cours d'1h30 2,https://www.combagneux.org/tarifs-yoga.html,scraped,200
Complexe sportif Jesse Owens,Cachan,94,no,ville-cachan.fr,"prix, capacité",Confirmer prix; Confirmer capacité,09 53 81 94 60; +33 6 07 13 05 11; 06 81 65 31 45; 06 52 28 40 55; 06 73 54 75 98,,,8 rue Camille-Desmoulins 94234 Cachan Cedex +33 1 49 69 69 69 Carte interactive Horaires d'ouver,https://ville-cachan.fr/annuaire-des-equipements/complexe-sportif-jesse-owens,scraped,200
Le Studio Montrouge Naama : dispo et tarif pour événement,Montrouge,92,yes,snapevent.fr,adresse précise,Confirmer adresse précise,f4e08f692823454b83bbb2fa18b79741@sentry.io; 01 76 42 02 10,900 €; 750 €; 400 €; 150 €,700m2; 300 personnes; 700 m²; 100 m²,,https://www.snapevent.fr/location-de-salle/paris/studio-montrouge-naama-4325,scraped,200
Maison des associations et initiatives citoyennes,Cachan,94,no,ville-cachan.fr,"prix, capacité",Confirmer prix; Confirmer capacité,nom.prenom@domaine.com; +33 1 49 69 69 72; +33 1 49 69 69 69,,,8 rue Camille-Desmoulins 94234 Cachan Cedex +33 1 49 69 69 69 Carte interactive Horaires d'ouver,https://ville-cachan.fr/maison-des-associations-et-initiatives-citoyennes,scraped,200
ESPACE YOGA,Châtillon,92,no,omeps-chatillon.com,"prix, capacité",Confirmer prix; Confirmer capacité,contact@espace-yoga.org; 0317727518; 0481127919; 0560649170; 0481134388; 0560650150,,,35 av Clément Perrière 92320 Châtillon QUARTIER : LE STADE - JOLIOT-CURIE Espace Maison-Blanche,https://omeps-chatillon.com/association/espace-yoga,scraped,200
Cours de Dojo et Arts Martiaux à Montrouge,Montrouge,92,yes,pagesjaunes.fr,"contact, prix, capacité",Confirmer contact; Confirmer prix; Confirmer capacité,,,,Rue Maurice Arnoux 92120 Montrouge,https://www.pagesjaunes.fr/annuaire/montrouge-92/dojo,fetch_failed,
Cours yoga à Montrouge (92),Montrouge,92,yes,pagesjaunes.fr,"contact, prix, capacité",Confirmer contact; Confirmer prix; Confirmer capacité,,,,Rue Chaintron 92120 Montrouge,https://www.pagesjaunes.fr/annuaire/montrouge-92/yoga-lecons,fetch_failed,
"Louer un studio de danse à Arcueil, Île",Arcueil,94,yes,peerspace.com,"adresse précise, contact, prix, capacité",Confirmer adresse précise; Confirmer contact; Confirmer prix; Confirmer capacité,,,,,https://www.peerspace.com/fr/venues/fr/arcueil--%C3%AEle-de-france/dance-studio,fetch_failed,
Janine,Bagneux,92,no,sports.gouv.fr,"contact, prix",Confirmer contact; Confirmer prix,,,3000 m2; 288 m2; 1300 m2; 100 m2,Rue Germaine 92220 Bagneux,https://www.sports.gouv.fr/en/halle-des-sports-janine-jambu,scraped,200
"Local de répétition / Location, recherche à Arcueil (94110)",Arcueil,94,yes,spectable.com,"contact, prix, capacité",Confirmer contact; Confirmer prix; Confirmer capacité,,,,Avenue de la Convention 94110 Arcueil,https://www.spectable.com/arcueil-94110/petites-annonces/local-de-repetition/n_2648-l_17828.php,fetch_failed,
Judo,Châtillon,92,yes,chatillon-en-vendelais.fr,"prix, capacité",Confirmer prix; Confirmer capacité,dojovitreen@gmail.com; 0334990545; 06.70.34.54.04; 06.99.89.77.50; 06 12 62 33 13; 06 78 72 69 34,,,Châtillon,https://www.chatillon-en-vendelais.fr/annuaires/2087-2,scraped,200
Yoga à Arcueil,Arcueil,94,yes,mescommerces.iledefrance.fr,"adresse précise, contact, prix, capacité",Confirmer adresse précise; Confirmer contact; Confirmer prix; Confirmer capacité,,,,,https://mescommerces.iledefrance.fr/annuaire/ville/arcueil-94/yoga,fetch_failed,
"Louer une salle pour fête d'anniversaire à Arcueil, Île",Arcueil,94,yes,peerspace.com,"adresse précise, contact, prix, capacité",Confirmer adresse précise; Confirmer contact; Confirmer prix; Confirmer capacité,,,,,https://www.peerspace.com/fr/venues/fr/arcueil--%C3%AEle-de-france/birthday-party-venue,fetch_failed,
Réserver une salle,Montrouge,92,no,ville-montrouge.fr,"adresse précise, capacité",Confirmer adresse précise; Confirmer capacité,0653186453; 011620.0686; 01 46 12 76 76,88 €; 01 €; 34 €; 17 €,,,https://www.ville-montrouge.fr/834-reserver-une-salle.htm,scraped,200
Salle des fêtes à Arcueil,Arcueil,94,yes,pagesjaunes.fr,"contact, prix, capacité",Confirmer contact; Confirmer prix; Confirmer capacité,,,,Allée des Sophoras 94110 Arcueil,https://www.pagesjaunes.fr/annuaire/arcueil-94/salle-des-fetes,fetch_failed,
2 studios disponibles (100 et 200 m2) à la location pour vos cours ...,Châtillon,92,no,facebook.com,"adresse précise, prix",Confirmer adresse précise; Confirmer prix,0212733848; 0391788200; 0728690136; 0832147598; 0857723951,,200 m2,,https://www.facebook.com/groups/257289725206307/posts/2048694486065813,scraped,200
"Local de répétition / Location, recherche à Gentilly (94250)",Gentilly,94,yes,spectable.com,"contact, prix, capacité",Confirmer contact; Confirmer prix; Confirmer capacité,,,,Rue de la Div du General Leclerc 94250 Gentilly,https://www.spectable.com/gentilly-94250/petites-annonces/local-de-repetition/n_2648-l_17842.php,fetch_failed,
Dojo de Paris,Montrouge,92,no,dojodeparis.com,prix,Confirmer prix,88170cb0c9d64f94b5821ca7fd2d55a4@sentry-next.wixpress.com; 18d2f96d279149989b95faf0a4b41882@sentry-next.wixpress.com; 8eb368c655b84e029ed79ad7a5c1718e@sentry.wixpress.com; 5d1795a2db124a268f1e1bd88f503500@sentry.wixpress.com; 0549999999; 0199999995; 0999999998; 0943999999; 0475199999,,400 places; 1750m2; 676m2,"25 Avenue de la Porte de Châtillon""}} {""@context"":""https://schema.org/""",https://www.dojodeparis.com,scraped,200
Location de salles à Gentilly (94),Gentilly,94,yes,pagesjaunes.fr,"contact, prix, capacité",Confirmer contact; Confirmer prix; Confirmer capacité,,,,Allée des Platanes 94250 Gentilly,https://www.pagesjaunes.fr/annuaire/gentilly-94/location-de-salles,fetch_failed,
Best Dance Studios in Gentilly,Gentilly,94,yes,classpass.com,"adresse précise, contact, prix, capacité",Confirmer adresse précise; Confirmer contact; Confirmer prix; Confirmer capacité,,,,,https://classpass.com/search/gentilly/dance-classes/5bbAE2tRm7d,fetch_failed,
[PDF] LOCATION DE STUDIOS À PARIS ET PROCHE BANLIEUE,Montrouge,92,no,cnd.fr,"adresse précise, prix, capacité",Confirmer adresse précise; Confirmer prix; Confirmer capacité,0 205 000000; 015714 0000; 015693 0000; 015831 0000; 021680 0000,,,,https://www.cnd.fr/fr/file/file/612,scraped,200
La nouvelle Maison de quartier des Châtillons se dévoile ! Hall ...,Châtillon,92,no,facebook.com,"adresse précise, prix",Confirmer adresse précise; Confirmer prix,0491689640; 0834862003; 0391788200; 0728690136; 0832147598,,4 personnes,,https://www.facebook.com/villereims/posts/la-nouvelle-maison-de-quartier-des-ch%C3%A2tillons-se-d%C3%A9voile-hall-salles-dactivit%C3%A9-s/562985192752269,scraped,200
Lieu : Maison des Associations,Montrouge,92,no,lalecheleague.fr,capacité,Confirmer capacité,0281387668,25€; 5€; 10€; 20€,,105 avenue Aristide Briand (N20) 92120 Montrouge Salle N°15,http://lalecheleague.fr/montrouge/lieu,scraped,200
Maison Yoga,Gentilly,94,no,clients.mindbodyonline.com,"contact, prix, capacité",Confirmer contact; Confirmer prix; Confirmer capacité,,,,Allée des Grandes Maisons 94250 Gentilly,https://clients.mindbodyonline.com/classic/home?studioid=5739055,fetch_failed,
HATHA YOGA Châtillon,Châtillon,92,no,facebook.com,"adresse précise, prix, capacité",Confirmer adresse précise; Confirmer prix; Confirmer capacité,0834862003; 0391788200; 0728690136; 0832147598; 0857723951,,,,https://www.facebook.com/100076340731541?locale=cy_GB,scraped,200
Maison des Jeunes et de la Culture Chamonix,Gentilly,94,no,en.chamonix.com,"contact, prix, capacité",Confirmer contact; Confirmer prix; Confirmer capacité,,,,Allée des Grandes Maisons 94250 Gentilly,https://en.chamonix.com/salle-de-spectacles-concerts/maison-des-jeunes-et-de-la-culture,scraped,200
Louer la Salle Europa de la MJC Rive Gauche,Gentilly,94,no,rouen.fr,adresse précise,Confirmer adresse précise,rouen.sallesdva@rouen.fr; 02 35 08 88 51; 02 32 81 53 60,51 €; 95 €; 154 € journée; 307 €,150 personnes,,https://rouen.fr/fr/mjc-rive-gauche-salle-europa,scraped,200
Cours de danse à Villejuif (94),Villejuif,94,yes,pagesjaunes.fr,"contact, prix, capacité",Confirmer contact; Confirmer prix; Confirmer capacité,,,,Rue Camille Desmoulins 94800 Villejuif,https://www.pagesjaunes.fr/annuaire/villejuif-94/danse-cours,fetch_failed,
"Local de répétition / Location, recherche à Villejuif (94800)",Villejuif,94,yes,spectable.com,"contact, prix, capacité",Confirmer contact; Confirmer prix; Confirmer capacité,,,,Avenue de la Division Leclerc 94800 Villejuif,https://www.spectable.com/villejuif-94800/petites-annonces/local-de-repetition/n_2648-l_17878.php,fetch_failed,
Rent DOJO 5 SALLE 2 Paris,Gentilly,94,no,spacebase.com,prix,Confirmer prix,0301110391,,50m²,Allée René Cassin 94250 Gentilly,https://www.spacebase.com/en/venue/salle-2-1056508,scraped,202
Aménagement du studio de yoga Yoga'n'Move,Villejuif,94,no,isospace.fr,"adresse précise, contact, prix, capacité",Confirmer adresse précise; Confirmer contact; Confirmer prix; Confirmer capacité,,,,,https://www.isospace.fr/realisations/studio-de-yoga-yognmove,fetch_failed,
Siège social,Montrouge,92,yes,annuaire-entreprises.data.gouv.fr,"adresse précise, contact, prix, capacité",Confirmer adresse précise; Confirmer contact; Confirmer prix; Confirmer capacité,,,,,https://annuaire-entreprises.data.gouv.fr/etablissement/52857543400055,fetch_failed,
Location salle à 94800 Villejuif,Villejuif,94,no,kiwiiz.fr,"contact, prix, capacité",Confirmer contact; Confirmer prix; Confirmer capacité,,,,Rue Jules Vallés 94800 Villejuif,https://www.kiwiiz.fr/location-particuliers/salle/salle-reception/94800-villejuif,fetch_failed,
Cours yoga à Villejuif (94),Villejuif,94,yes,pagesjaunes.fr,"contact, prix, capacité",Confirmer contact; Confirmer prix; Confirmer capacité,,,,Allée des Fleurs 94800 Villejuif,https://www.pagesjaunes.fr/annuaire/villejuif-94/yoga-lecons,fetch_failed,
I,Arcueil,94,no,i-flow.fr,"prix, capacité",Confirmer prix; Confirmer capacité,06 22 11 85 89; 0666666666; 0999999999; 0263157894; 0526315789,,,24 Av. Vladimir Ilitch Lenine,https://www.i-flow.fr,scraped,200
Location magnifique salle neuve pour stage et formation,Villejuif,94,no,yogmee.fr,"prix, capacité",Confirmer prix; Confirmer capacité,yognmove@gmail.com; 0577978450; 0676524204,,,76 Avenue de Paris 94800 villejuif France Caractéristiques Situation 48.8011871,https://www.yogmee.fr/salles/location-magnifique-salle-neuve-pour-stage-et-formation,scraped,200
Salle des fêtes à Villejuif (94),Villejuif,94,yes,pagesjaunes.fr,"contact, prix, capacité",Confirmer contact; Confirmer prix; Confirmer capacité,,,,Allée des Fleurs 94800 Villejuif,https://www.pagesjaunes.fr/annuaire/villejuif-94/salle-des-fetes,fetch_failed,
Location de salles à Villejuif (94),Villejuif,94,yes,pagesjaunes.fr,"contact, prix, capacité",Confirmer contact; Confirmer prix; Confirmer capacité,,,,Allée des Fleurs 94800 Villejuif,https://www.pagesjaunes.fr/annuaire/villejuif-94/location-de-salles,fetch_failed,
[PDF] PRATIQUE,Gentilly,94,no,ville-gentilly.fr,"adresse précise, prix",Confirmer adresse précise; Confirmer prix,010453 0000; 010569 0000; 010598 0000; 025927 0000; 033770 0000,,2M2,,https://www.ville-gentilly.fr/sites/default/files/guidevieassociative.pdf,scraped,200
Ville de Villejuif: Associations,Villejuif,94,yes,villejuif.fr,"prix, capacité",Confirmer prix; Confirmer capacité,01 86 93 31 40; 01 45 59 20 00,,,Rue Camille Desmoulins 94800 Villejuif,https://www.villejuif.fr/associations,scraped,200
Vie associative,Villejuif,94,yes,villejuif.fr,"prix, capacité",Confirmer prix; Confirmer capacité,01 86 93 31 40; 01 45 59 20 00,,,6 rue Georges Lebigot 94800 Villejuif Localiser sur OpenStreetMap Centre-Sud-Est 01 86 93 31 40,https://www.villejuif.fr/decouvrir-villejuif/vie-associative,scraped,200
"Local de répétition / Location, recherche à Le Kremlin Bicêtre (94270)",Le Kremlin-Bicêtre,94,yes,spectable.com,"contact, prix, capacité",Confirmer contact; Confirmer prix; Confirmer capacité,,,,Rue de la Reunion 94270 Le Kremlin-Bicêtre,https://www.spectable.com/le-kremlin-bicetre-94270/petites-annonces/local-de-repetition/n_2648-l_17844.php,fetch_failed,
"Location de salles à Villejuif 94800, France",Villejuif,94,yes,fr.mappy.com,"prix, capacité",Confirmer prix; Confirmer capacité,0760058640,,,Allée des Fleurs 94800 Villejuif,https://fr.mappy.com/activite/location-de-salles/94800-villejuif,scraped,200
9 Studios en Location à Le kremlin,Le Kremlin-Bicêtre,94,no,immobilier.lefigaro.fr,"contact, prix, capacité",Confirmer contact; Confirmer prix; Confirmer capacité,,,,9 Rue de la Convention 94270 Le Kremlin-Bicêtre,https://immobilier.lefigaro.fr/annonces/immobilier-location-appartement+studio-le+kremlin+bicetre+94270.html,fetch_failed,
Location de salles au Kremlin Bicêtre (94),Le Kremlin-Bicêtre,94,yes,pagesjaunes.fr,"contact, prix, capacité",Confirmer contact; Confirmer prix; Confirmer capacité,,,,Rue des Martinets 94270 Le Kremlin-Bicêtre,https://www.pagesjaunes.fr/annuaire/le-kremlin-bicetre-94/location-de-salles,fetch_failed,
Cours yoga au Kremlin Bicêtre (94),Le Kremlin-Bicêtre,94,yes,pagesjaunes.fr,"contact, prix, capacité",Confirmer contact; Confirmer prix; Confirmer capacité,,,,Place Jean Jaures 94270 Le Kremlin-Bicêtre,https://www.pagesjaunes.fr/annuaire/le-kremlin-bicetre-94/yoga-lecons,fetch_failed,
"Arts Martiaux, Boxe, MMA au Kremlin",Le Kremlin-Bicêtre,94,yes,ville-data.com,"contact, prix, capacité",Confirmer contact; Confirmer prix; Confirmer capacité,,,,Rue des Martinets 94270 Le Kremlin-Bicêtre,https://ville-data.com/salle-de-combat-dojo/Le-Kremlin-Bicetre-94-94043,fetch_failed,
"Local de répétition / Location, recherche à Malakoff (92240)",Malakoff,92,yes,spectable.com,"contact, prix, capacité",Confirmer contact; Confirmer prix; Confirmer capacité,,,,Avenue du Maréchal Leclerc 92240 Malakoff,https://www.spectable.com/malakoff-92240/petites-annonces/local-de-repetition/n_2648-l_17758.php,fetch_failed,
Location salle de réunion Val-d’Oise(95) : guide + checklist,Val-d'Oise,95,yes,espace-jules-cesar.fr,adresse précise,Confirmer adresse précise,w.lopes@valdoisecommunication.fr; +33184244218; 01 84 24 42 18,145€; 245€ journée; 195€; 345€ journée,8 personnes; 20 personnes; 30 personnes; 6 Personnes,,https://espace-jules-cesar.fr/location-salle-reunion-val-doise-95-guide-checklist,scraped,200
Les Espaces De Creative Valley,Le Kremlin-Bicêtre,94,yes,privateaser.com,prix,Confirmer prix,contact@privateaser.com; 933253b0bf8b494ca325099db2f790a8@o32036.ingest.sentry.io,,50 pers; 50 personnes; 200 pers; 300 pers,Rue des Chalets 94270 Le Kremlin-Bicêtre,https://www.privateaser.com/lieu/9507-les-espaces-de-creative-valley,scraped,200
Agape Movement Studio,Malakoff,92,no,wellnessliving.com,"adresse précise, contact, prix, capacité",Confirmer adresse précise; Confirmer contact; Confirmer prix; Confirmer capacité,,,,,https://www.wellnessliving.com/explore/locations/yoga/us-tx-malakoff/agapemovementstudio,fetch_failed,
maison des jeunes et de la culture (mjc),Gentilly,94,yes,annuaire-entreprises.data.gouv.fr,"contact, prix, capacité",Confirmer contact; Confirmer prix; Confirmer capacité,,,,Allée des Grandes Maisons 94250 Gentilly,https://annuaire-entreprises.data.gouv.fr/entreprise/maison-des-jeunes-et-de-la-culture-mjc-780331450,fetch_failed,
Réservation d'une salle municipale,Châtillon,92,no,ville-chatillon.fr,"prix, capacité",Confirmer prix; Confirmer capacité,adresse@email.fr; 0102030405; 01 42 31 82 31; 01 42 31 81 81,,,25 rue Gabriel Péri : 107m 2 Salle Henri Matisse 13 rue de Bagneux : 106 m 2 Salle de la Folie De,https://www.ville-chatillon.fr/vos-services/vie-associative/reservation-dune-salle-municipale-par-une-association-chatillonnaise,scraped,200
"YOGA CET HIVER, GENTILLY & NICOLET Les sessions ...",Gentilly,94,no,instagram.com,"prix, capacité",Confirmer prix; Confirmer capacité,0156389949; 0627401678; 0280960958; 0289343478; 0404992750,,,994 boulevard du St-Maurice.\n\nAu plaisir de pratiquer avec toi \ud83d\ude4f\ud83c\udffc\n\nNamast\u00e,https://www.instagram.com/p/DTSmg1AgEhi,scraped,200
Location salle Malakoff,Malakoff,92,no,leboncoin.fr,"contact, prix, capacité",Confirmer contact; Confirmer prix; Confirmer capacité,,,,Rue Alexis Martin 92240 Malakoff,https://www.leboncoin.fr/ad/locations/3010019425,fetch_failed,
Location de Salles,Le Kremlin-Bicêtre,94,no,consistoire.org,"prix, capacité",Confirmer prix; Confirmer capacité,acikb@wanadoo.fr; 06 62 88 09 86; 06 95 92 20 85,,,Rue des Chalets 94270 Le Kremlin-Bicêtre,https://www.consistoire.org/kremlinbicetre/salle,scraped,200
Gentilly Wellness (@gentillywellness),Gentilly,94,no,facebook.com,"adresse précise, prix, capacité",Confirmer adresse précise; Confirmer prix; Confirmer capacité,0212733848; 0391788200; 0728690136; 0832147598; 0857723951,,,,https://www.facebook.com/gentillywellness,scraped,200
‍♀️ NOUVEL ATELIER YOGA À VILLEJUIF : ÉNERGIE & LÂCHER ...,Villejuif,94,no,facebook.com,"adresse précise, prix, capacité",Confirmer adresse précise; Confirmer prix; Confirmer capacité,0212733848; 0391788200; 0728690136; 0832147598; 0857723951,,,,https://www.facebook.com/groups/villejuifvplus/posts/3709916419159015,scraped,200
Section Yoga de l'USM Malakoff,Malakoff,92,no,usmmalakoff.fr,capacité,Confirmer capacité,yoga.usmm@gmail.com; contact@usmmalakoff.fr,210€; 260€; 340€; 410€,,Rue de la Tour 92240 Malakoff,https://www.usmmalakoff.fr/section-yoga,scraped,200
Danse salles et leçons à Clamart (92),Clamart,92,yes,pagesjaunes.fr,"contact, prix, capacité",Confirmer contact; Confirmer prix; Confirmer capacité,,,,Avenue du Petit Clamart 92140 Clamart,https://www.pagesjaunes.fr/annuaire/clamart-92/danse-salles-et-lecons,fetch_failed,
Yoga à Clamart (92),Clamart,92,yes,pagesjaunes.fr,"contact, prix, capacité",Confirmer contact; Confirmer prix; Confirmer capacité,,,,Carrefour de Clamart 92140 Clamart,https://www.pagesjaunes.fr/annuaire/clamart-92/yoga,fetch_failed,
Dojo du Centre sportif Maria Brignole de Galliera,Clamart,92,yes,clamart.fr,"contact, prix, capacité",Confirmer contact; Confirmer prix; Confirmer capacité,,,,Rue Brignole Galliera 92140 Clamart,https://www.clamart.fr/fr/annuaire-des-lieux-de-l%E2%80%99agenda/dojo-du-centre-sportif-maria-brignole-de-galliera,fetch_failed,
LOCATION DE SALLES MUNICIPALES,Clamart,92,yes,clamart.fr,"adresse précise, contact, prix, capacité",Confirmer adresse précise; Confirmer contact; Confirmer prix; Confirmer capacité,,,,,https://www.clamart.fr/fr/infos-demarches/location-de-salles-municipales,fetch_failed,
"Studiodiabolo cours de danse, location de salle, le Kremlin",Le Kremlin-Bicêtre,94,no,studiodiabolo.fr,"prix, capacité",Confirmer prix; Confirmer capacité,studio.diabolo@gmail.com; 8c4075d5481d476e945486754f783364@sentry.io; 88170cb0c9d64f94b5821ca7fd2d55a4@sentry-next.wixpress.com; 79baaa8e09c746d2b7401643b99792e0@sentry.wixpress.com; dd0a55ccb8124b9c9d938e3acf41f8aa@sentry.wixpress.com; 0660520984; 0967741936; 0645161290; 0322580645; 0999999999,,,Rue de la Convention 94270 Le Kremlin-Bicêtre,https://www.studiodiabolo.fr,scraped,200
Maison des Associations De Malakoff,Malakoff,92,no,facebook.com,"prix, capacité",Confirmer prix; Confirmer capacité,0834862003; 0391788200; 0728690136; 0832147598; 0857723951,,,Rue Alexis Martin 92240 Malakoff,https://www.facebook.com/1017494795054667,scraped,200
Maisons Des Associations Clamart,Clamart,92,yes,pagesjaunes.fr,"adresse précise, contact, prix, capacité",Confirmer adresse précise; Confirmer contact; Confirmer prix; Confirmer capacité,,,,,https://www.pagesjaunes.fr/pros/52108420,fetch_failed,
[PDF] Maison des Associations 13 bis rue de Bièvres 92140 Clamart Tél,Clamart,92,no,clamartaccueil.org,"adresse précise, contact, prix",Confirmer adresse précise; Confirmer contact; Confirmer prix,,,4M2,,http://www.clamartaccueil.org/3s8ym6z59d/wp-content/uploads/Journal-n%C2%B034-Web.pdf,scraped,200
L'accompagnement par la ville,Le Kremlin-Bicêtre,94,no,kremlinbicetre.fr,"prix, capacité",Confirmer prix; Confirmer capacité,associations@ville-kremlin-bicetre.fr; clement.bouchenoire@creditmutuel.fr; 01 49 08 51 42; 01 53 14 76 00; 06 25 52 27 21; 01 45 15 55 55,,,Impasse Emile Zola 94270 Le Kremlin-Bicêtre,https://www.kremlinbicetre.fr/loisirs-sorties/associations/laccompagnement-par-la-ville,scraped,200
Locations salles,Clamart,92,yes,mjcslachatre.jimdofree.com,"prix, capacité",Confirmer prix; Confirmer capacité,02 54 48 08 23,,,Rue des Sablons 92140 Clamart,https://mjcslachatre.jimdofree.com/locations/location-salles,scraped,200
Location de la salle André,Le Kremlin-Bicêtre,94,no,kremlinbicetre.fr,prix,Confirmer prix,associations@ville-kremlin-bicetre.fr; 06 25 52 27 21; 01 45 15 55 55,,380 personnes; 400m²; 180 m²; 90m²,Rue de la Reunion 94270 Le Kremlin-Bicêtre,https://www.kremlinbicetre.fr/a-votre-service/vos-demarches/location-de-la-salle-andre-maigne,scraped,200
Louez une salle pour vos événements dans le val d'Oise,Val-d'Oise,95,yes,bastide95.com,prix,Confirmer prix,reception@bastide95.com; 01 39 32 70 99; 0139327099,,200 personnes; 300 personnes; 100 personnes; 120 personnes,80 rue Pierre Curie 95540 Mery-sur-Oise Facebook-f Instagram Youtube PLAN DE SITE Salle Le Mas Sa,https://www.bastide95.com/location-de-salle-val-d-oise,scraped,200
Location studio Bourg,Bourg-la-Reine,92,no,pap.fr,"contact, prix, capacité",Confirmer contact; Confirmer prix; Confirmer capacité,,,,Rue Léon Bloy 92340 Bourg-la-Reine,https://www.pap.fr/annonce/locations-bourg-la-reine-92340-g43284-studio,fetch_failed,
"Local de répétition / Location, recherche à Bourg la Reine (92340)",Bourg-la-Reine,92,yes,spectable.com,"contact, prix, capacité",Confirmer contact; Confirmer prix; Confirmer capacité,,,,Rue de la Fontaine Grelot 92340 Bourg-la-Reine,https://www.spectable.com/bourg-la-reine-92340/petites-annonces/local-de-repetition/n_2648-l_17768.php,fetch_failed,
Location de salles à Bourg la Reine (92),Bourg-la-Reine,92,yes,pagesjaunes.fr,"contact, prix, capacité",Confirmer contact; Confirmer prix; Confirmer capacité,,,,Rue de la Fontaine Grelot 92340 Bourg-la-Reine,https://www.pagesjaunes.fr/annuaire/bourg-la-reine-92/location-de-salles,fetch_failed,
complexe sportif de trivaux,Clamart,92,no,sportenfrance.fr,"contact, prix",Confirmer contact; Confirmer prix,,,00 m²,Rue de la Porte de Trivaux 92140 Clamart,https://www.sportenfrance.fr/ile-de-france/hauts-de-seine/clamart/920230009-complexe-sportif-de-trivaux-garenne,scraped,200
GAP Fitness Studios,Malakoff,92,no,leslieefird.com,"adresse précise, prix, capacité",Confirmer adresse précise; Confirmer prix; Confirmer capacité,8c4075d5481d476e945486754f783364@sentry.io; d1bbe4458f884c6ba40890087b9ca2f9@sentry.wixpress.com; dd0a55ccb8124b9c9d938e3acf41f8aa@sentry.wixpress.com; c183baa23371454f99f417f6616b724d@sentry.wixpress.com; 79baaa8e09c746d2b7401643b99792e0@sentry.wixpress.com; 0952380000; 0588235294; 0588235293; 0999999999; 0555555555,,,,https://www.leslieefird.com,scraped,200
Yoga à Bourg la Reine (92),Bourg-la-Reine,92,yes,pagesjaunes.fr,"contact, prix, capacité",Confirmer contact; Confirmer prix; Confirmer capacité,,,,Rue Laurin 92340 Bourg-la-Reine,https://www.pagesjaunes.fr/annuaire/bourg-la-reine-92/yoga,fetch_failed,
Cours de yoga à Bourg,Bourg-la-Reine,92,no,fr.mappy.com,"prix, capacité",Confirmer prix; Confirmer capacité,0790042797,,,Rue des Blagis 92340 Bourg-la-Reine,https://fr.mappy.com/activite/yoga-cours/92340-bourg-la-reine,scraped,200
Location de salles,Châtillon,92,no,ville-chatillon-en-bazois.fr,prix,Confirmer prix,mairie@chatillonenbazois.fr; 03 86 84 14 76,,250 personnes; 50 personnes,6 rue Adrien Laurent,https://www.ville-chatillon-en-bazois.fr/vos-demarches/location-de-salles,scraped,200
Satya Santosha,Bourg-la-Reine,92,yes,bourg-la-reine.fr,capacité,Confirmer capacité,thalie.bezancon@gmail.com; 06 19 55 41 53; 01 79 71 40 00,320 euros; 20 euros; 310 euros; 10 euros,,Bourg-la-Reine,https://www.bourg-la-reine.fr/annuaire/26119/10313-satya-santosha.htm,scraped,200
Contact,Clamart,92,no,yoga-clamart.com,"prix, capacité",Confirmer prix; Confirmer capacité,annemarievholder@gmail.com; 88170cb0c9d64f94b5821ca7fd2d55a4@sentry-next.wixpress.com; 8eb368c655b84e029ed79ad7a5c1718e@sentry.wixpress.com; 0494958376; 0833333333; 01.46.38.04.61; 06.18.06.91.65; 07-2918-9924,,,Rue Condorcet 92140 Clamart,https://www.yoga-clamart.com/contact,scraped,200
YOGA Place,Bourg-la-Reine,92,yes,bourg-la-reine.fr,"prix, capacité",Confirmer prix; Confirmer capacité,contact@yogaplace.fr; 06 95 64 81 36; 01 79 71 40 00; 0334900000,,,Place de la Gare 92340 Bourg-la-Reine,https://www.bourg-la-reine.fr/annuaire/548709/10648-yoga-place.htm,scraped,200
"[PDF] késako ? Maison de quartier, centre social, MJC, maison des habitants",Malakoff,92,no,flores-amo.fr,"adresse précise, prix",Confirmer adresse précise; Confirmer prix,013127 0000; 011467 0000; 011689 0000; 011873 0000; 012057 0000,,7M2,,https://flores-amo.fr/maison-des-habitants-kesako/viewpdf,scraped,200
Réserver une salle,Bourg-la-Reine,92,no,bourg-la-reine.fr,"prix, capacité",Confirmer prix; Confirmer capacité,gestiondessalles@bourg-la-reine.fr; 01 79 71 40 60; 01 79 71 40 00,,,6 Boulevard Carnot 92 340 Bourg-la-Reine Tél : 01 79 71 40 00 Horaires Lundi,https://www.bourg-la-reine.fr/10613-reserver-une-salle.htm,scraped,200
Location de salle,Bagneux,92,yes,dojo5.fr,prix,Confirmer prix,location@dojo5.fr; 01 46 34 59 26; 05-2023-11-10; 0146345926,,100 m²; 50 m²,26 rue de Pontoise,https://www.dojo5.fr/location-de-salle,scraped,200
Studios CLIMATISÉS www.paris,Clamart,92,no,facebook.com,"adresse précise, prix",Confirmer adresse précise; Confirmer prix,0834862003; 0391788200; 0728690136; 0832147598; 0857723951,,60m2; 25m2,,https://www.facebook.com/groups/257289725206307/posts/1810201546581776,scraped,200
Les ateliers du CSMC Yoga,Clamart,92,no,clamart-yoga.fr,capacité,Confirmer capacité,csmcyoga92@gmail.com; 06 21 87 27 21,24 euros; 30 euros,,Rue des Coquelicots 92140 Clamart,https://www.clamart-yoga.fr/ateliers-mensuels,scraped,200
LE STUDIO,,92,no,themuselab.fr,capacité,Confirmer capacité,team@themuselab.fr,5€,,"2 avenue des bosquets""",https://themuselab.fr/le-studio/,scraped,200
Exprime'Danse Clamart,Clamart,92,no,sites.google.com,prix,Confirmer prix,0299999993; 0588235294; 0810810810; 0389610389; 0927835051,,80m2; 25 personnes; 40 personnes,Carrefour de Clamart 92140 Clamart,https://sites.google.com/essec.edu/exprime-danse-clamart/nos-salles,scraped,200
SALLE BOULOGNE (92),,92,yes,themuselab.fr,prix,Confirmer prix,team@themuselab.fr,,55m²,"2 avenue des bosquets""",https://themuselab.fr/location-de-salle-boulogne-billancourt-92/,scraped,200
yoga Clamart,Clamart,92,no,myoasso.com,"prix, capacité",Confirmer prix; Confirmer capacité,myoassociation@gmail.com; 88170cb0c9d64f94b5821ca7fd2d55a4@sentry-next.wixpress.com; 18d2f96d279149989b95faf0a4b41882@sentry-next.wixpress.com; dd0a55ccb8124b9c9d938e3acf41f8aa@sentry.wixpress.com; c183baa23371454f99f417f6616b724d@sentry.wixpress.com; 0999999999; 0909090909; 0645161290; 0322580645; 0967741935,,,Carrefour de Clamart 92140 Clamart,https://www.myoasso.com,scraped,200
studio de danse association projet danse Paris 20 et Sceaux,Sceaux,92,no,estellegouyer.wixsite.com,"prix, capacité",Confirmer prix; Confirmer capacité,projetdanse@yahoo.com; dd0a55ccb8124b9c9d938e3acf41f8aa@sentry.wixpress.com; c183baa23371454f99f417f6616b724d@sentry.wixpress.com; 9a65e97ebe8141fca0c4fd686f70996b@sentry.wixpress.com; 460ff4620fa44cba8df530afde949785@sentry.wixpress.com; 0247605124; 0618607100; 0176289999; 06 18 60 71 00; 0531445389,,,"9 rue michel voisin""",https://estellegouyer.wixsite.com/projetdanse/notre-salle-de-danse,scraped,200
SALLE BOULOGNE (92),,92,no,themuselab.fr,capacité,Confirmer capacité,team@themuselab.fr,5€,,"2 avenue des bosquets""",https://themuselab.fr/le-planning-92/,scraped,200
infos et demande location de la salle,,75,no,namasteom.com,"prix, capacité",Confirmer prix; Confirmer capacité,contact@namasteom.com; 03-8037-8510; +33 7 56 90 20 16; 07 56 90 20 16,,,24 rue des Marguettes,https://www.namasteom.com/contact,scraped,200
S'inscrire comme Studio/Enseignant(e),,94,no,yogmee.fr,"adresse précise, prix, capacité",Confirmer adresse précise; Confirmer prix; Confirmer capacité,0577978450,,,,https://www.yogmee.fr/referencement-studioenseignante,scraped,200
METTA VILLA,,94,no,yogmee.fr,"adresse précise, prix, capacité",Confirmer adresse précise; Confirmer prix; Confirmer capacité,contact@mettavilla.fr; 0577978450; 0685122381,,,,https://www.yogmee.fr/salles/metta-villa,scraped,200
Salle pour stage en pleine nature au centre Finistère,,94,no,yogmee.fr,adresse précise,Confirmer adresse précise,ronan.guillou@neuf.fr; 0577978450; 0606456345; 06.06.45.63.45,10€ par personne; 100€,80 m2; 8 personnes; 00m2,,https://www.yogmee.fr/salles/salle-pour-stage-en-pleine-nature-au-centre-finistere,scraped,200
Les profs de yoga,,94,no,yogmee.fr,"adresse précise, prix",Confirmer adresse précise; Confirmer prix,0577978450,,10 participants; 8 participants; 6 personnes,,https://www.yogmee.fr/enseignants,scraped,200
Centre de Yoga de 85 m2 - une salle d'accueil et une salle d'enseignement,,94,no,yogmee.fr,prix,Confirmer prix,contact@ekayoga.fr; 0577978450; 0645995562,,85 m2; 00m2,32 rue du général Jean Compans 31500 Toulouse France Caractéristiques Taille(s) 85.00m2 Situation,https://www.yogmee.fr/salles/centre-de-yoga-de-85-m2-une-salle-daccueil-et-une-salle-denseignement,scraped,200
"A'mare Corsica, un havre de paix en Corse pour des retraites de yoga inoubliables",,94,no,yogmee.fr,"adresse précise, prix",Confirmer adresse précise; Confirmer prix,marketing@amarecorsica.com; 0577978450; 0495760613,,000 m²,,https://www.yogmee.fr/salles/amare-corsica-un-havre-de-paix-en-corse-pour-des-retraites-de-yoga-inoubliables,scraped,200
DOMAINE DU PAS DE L ANE,,94,no,yogmee.fr,"adresse précise, prix",Confirmer adresse précise; Confirmer prix,isavolleprince@orange.fr; 0577978450; 0681710247,,11 personnes; 00m2,,https://www.yogmee.fr/salles/domaine-du-pas-de-l-ane,scraped,200
Ecolodge la Belle Verte - lieu de retraite yoga et bien-être,,94,no,yogmee.fr,"adresse précise, prix",Confirmer adresse précise; Confirmer prix,contact@ecolodge-labelleverte.fr; 0577978450; 0611309185,,40 m²; 15 personnes; 17 personnes; 00m2,,https://www.yogmee.fr/salles/ecolodge-la-belle-verte-lieu-de-retraite-yoga-et-bien-etre,scraped,200
Domaine Mas Del Lum,,94,no,yogmee.fr,"prix, capacité",Confirmer prix; Confirmer capacité,carinegerald6@gmail.com; 0577978450; 0648054684,,,705 route de reyrevignes Mas del Lum 46100 Boussac France Caractéristiques Mots-clés Stage formation,https://www.yogmee.fr/salles/domaine-mas-del-lum-0,scraped,200
Havre de paix pour un bien-être inoubliable au bord d'une rivière privée,,94,no,yogmee.fr,"adresse précise, prix",Confirmer adresse précise; Confirmer prix,laurent.thomasonline@gmail.com; 0577978450; 0652949386,,2000m²; 13 personnes; 00m2,,https://www.yogmee.fr/salles/havre-de-paix-pour-un-bien-etre-inoubliable-au-bord-dune-riviere-privee,scraped,200
Gites avec salle montagne proche Annecy : La ferme de la Bottière,,94,no,yogmee.fr,prix,Confirmer prix,fermedelabottiere@gmail.com; 0577978450; 06.43.38.45.72; 0903096537,,60m²; 14 personnes; 16 places; 00m2,19 impasse de l'alpage 73340 AILLON-LE-VIEUX France Caractéristiques Taille(s) 60.00m2 Situation 45.6,https://www.yogmee.fr/salles/gites-avec-salle-montagne-proche-annecy-la-ferme-de-la-bottiere,scraped,200
L'Envol de la Philharmonie,,93,yes,1001salles.com,prix,Confirmer prix,contact@1001salles.com; 0309899298; +33 7 78 64 57 62; +33 6 15 17 96 50; +33 1 44 84 18 18; +33 1 42 39 44 44,,500 m²; 80 personnes; 500m²; 100m²,221 Avenue Jean Jaurès,https://www.1001salles.com/mariage/61250-l-envol.aspx,scraped,200
Location de salle,,94,yes,jemepropose.com,adresse précise,Confirmer adresse précise,0489721983,126 euros journée,25 m2; 100 m2; 35 personnes; 50 m2,,https://www.jemepropose.com/annonces/location-de-salle/,scraped,200
Location de salle - Villecresnes (94440),,94,yes,jemepropose.com,"adresse précise, contact, prix, capacité",Confirmer adresse précise; Confirmer contact; Confirmer prix; Confirmer capacité,,,,,https://www.jemepropose.com/annonces/location-de-salle/villecresnes-94/,fetch_failed,
AppMariage,,91,yes,1001salles.com,"adresse précise, prix, capacité",Confirmer adresse précise; Confirmer prix; Confirmer capacité,0309899298,,,,https://www.1001salles.com/appmariage,scraped,200
Location Salle pour Culte,,94,yes,jemepropose.com,"adresse précise, contact",Confirmer adresse précise; Confirmer contact,,00 €,70 personnes,,https://www.jemepropose.com/annonces/location-de-salle/location-salle-pour-culte+10504948/,scraped,200
Île-de-France,,94,yes,jemepropose.com,"adresse précise, prix",Confirmer adresse précise; Confirmer prix,0489721983,,54m2; 54 m2; 60 personnes; 25 m²,,https://www.jemepropose.com/annonces/location-de-salle/ile-de-france/,scraped,200
Location pour cours/ateliers/formations,,94,yes,jemepropose.com,"adresse précise, contact, prix, capacité",Confirmer adresse précise; Confirmer contact; Confirmer prix; Confirmer capacité,,,,,https://www.jemepropose.com/annonces/location-de-salle/location-pour-coursateliersformations+10488946/,scraped,200
1001 Salles PRO,,91,yes,1001salles.com,"prix, capacité",Confirmer prix; Confirmer capacité,contact@1001salles.com; 0309899298; +33 1 78 12 01 60,,,"11 rue Maurice Grandcoing""",https://www.1001salles.com/pro/,scraped,200
Restaurant pour mariage,,93,yes,1001salles.com,capacité,Confirmer capacité,contact@1001salles.com; 0309899298; +33 1 78 12 01 60; +33 4 73 29 52 52; +33 4 94 94 87 87; +33 4 67 56 46 46,dès 39 €; dès 50 €; 200 €; dès 25 €,,"11 rue Maurice Grandcoing""",https://www.1001salles.com/1-restaurant-salle-de-mariage-2-france-p.html,scraped,200
Restaurant pour anniversaire,,93,yes,1001salles.com,capacité,Confirmer capacité,contact@1001salles.com; 0309899298; +33 1 78 12 01 60; +33 4 73 29 52 52; +33 4 94 94 87 87; +33 4 67 56 46 46,dès 39 €; dès 50 €; 200 €; dès 25 €,,"11 rue Maurice Grandcoing""",https://www.1001salles.com/1-restaurant-salle-anniversaire-2-france-p.html,scraped,200
Château de Chateaudun & Jardinet Dodun,,91,yes,1001salles.com,prix,Confirmer prix,contact@1001salles.com; 0309899298; +33 2 37 45 99 62; +33 2 37 94 02 90; +33 1 78 12 01 60,,300 m2; 300 m²; 180 personnes; 250 personnes,"11 rue Maurice Grandcoing""",https://www.1001salles.com/seminaire/chateau-de-chateaudun.aspx,scraped,200
L'atelier - 100 m2 - Event / Séminaire / Shooting 80 places,,94,yes,jemepropose.com,"adresse précise, contact",Confirmer adresse précise; Confirmer contact,,120 €; 420 €; 720 €,100 m2; 80 places; 100m2; 80 personnes,,https://www.jemepropose.com/annonces/location-de-salle/latelier-100-m2-event-seminaire-shooting-80-places+10483719/,scraped,200
SOS Recherche,,91,yes,1001salles.com,"adresse précise, prix, capacité",Confirmer adresse précise; Confirmer prix; Confirmer capacité,0309899298,,,,https://www.1001salles.com/pro/sos-recherche,scraped,200
Aux Tulipes,,91,yes,1001salles.com,prix,Confirmer prix,contact@1001salles.com; 0309899298; +33 6 58 84 21 23; +33 1 69 12 22 22; +33 1 78 12 01 60,,000 m²; 1000m²; 800 personnes; Capacité : 100,8 rue des Bâtisseurs,https://www.1001salles.com/seminaire/aux-tulipes-crosnes.aspx,scraped,200
Location de salle - Champigny-sur-Marne (94500),,94,yes,jemepropose.com,"adresse précise, prix",Confirmer adresse précise; Confirmer prix,0489721983,,100 m2; 80 places; 100m2; 80 personnes,,https://www.jemepropose.com/annonces/location-de-salle/champigny-sur-marne-94/,scraped,200
Événements,,91,yes,abcsalles.com,prix,Confirmer prix,0812800000; 0272000000; 0787200000; 0419200000; 0925120000,,000 participants; 000m²,"2 place de la Porte Maillot""",https://www.abcsalles.com/agenda,scraped,200
Salle la Prairie Salle de réception à Villebon-sur-Yvette (Essonne) 2 salles 10-100 pers. À partir de 600 € Contacter,,91,yes,abcsalles.com,adresse précise,Confirmer adresse précise,0 100 70 70 10; +33699819000; 0803986414; 0947702891; 0818049385,Dès 600 €; à partir de 30€; à partir de 600€; Dès 1000 €,210 m²; 100 pers; 200 personnes; 120 personnes,,https://www.abcsalles.com/lieu/restaurant-la-prairie,scraped,200
82 Studio,,77,yes,easyzic.com,capacité,Confirmer capacité,+33 1.64.33.31.01,5€/,,82 Rue Francois de Tessan 77100 Meaux +33 1.64.33.31.01 http://www.82studio.fr Responsable Vincen,"https://www.easyzic.com/annuaire/etablissements/82-studio,301647.html",scraped,200
82Studio,,77,yes,easyzic.com,capacité,Confirmer capacité,+33 1.64.33.31.01,5€/,,82 Rue Francois de Tessan 77100 Meaux +33 1.64.33.31.01 http://www.82studio.fr Les avis Aucun avi,"https://www.easyzic.com/annuaire/etablissements/82studio,385757.html",scraped,200
82Studio,,77,yes,easyzic.com,"adresse précise, capacité",Confirmer adresse précise; Confirmer capacité,+33 1.64.33.31.01,5€/,,,"https://www.easyzic.com/annuaire/etablissements/82studio,306378.html",scraped,200
Eightball-studios,,77,yes,easyzic.com,capacité,Confirmer capacité,+33 1.60.22.08.73,5€/,,13 rue gambetta 77124 Villenoy +33 1.60.22.08.73 http://www.eightball-studios.fr/ Responsable Tit,"https://www.easyzic.com/annuaire/etablissements/eightball-studios,354697.html",scraped,200
Studio scotina,,77,yes,easyzic.com,capacité,Confirmer capacité,+33 6.25.80.20.54,5€/,,7 rue Etienne Dolet 77130 Montereau-fault-yonne +33 6.25.80.20.54 http://www.studioscotina.com R,"https://www.easyzic.com/annuaire/etablissements/studio-scotina,307266.html",scraped,200
Eightball Studios,,77,yes,easyzic.com,capacité,Confirmer capacité,+33 1.60.22.08.73,5€/,,13 rue gambetta 77124 Villenoy +33 1.60.22.08.73 http://www.eightball-studios.fr/school.html eigh,"https://www.easyzic.com/annuaire/etablissements/eightball-studios,390975.html",scraped,200
Studio la voute,,77,yes,easyzic.com,capacité,Confirmer capacité,+33 6.70.24.39.24,5€/,,13 rue de provins 77131 Touquin +33 6.70.24.39.24 Les avis Aucun avis n'a encore été laissé. Sois,"https://www.easyzic.com/annuaire/etablissements/studio-la-voute,330864.html",scraped,200
Studio la voute,,77,yes,easyzic.com,capacité,Confirmer capacité,+33 7.81.62.05.54,5€/,,13 rue de provins 77131 Touquin +33 7.81.62.05.54 studio la voute (Arrangeur) Gabriel Touquin Sei,"https://www.easyzic.com/annuaire/etablissements/studio-la-voute,396795.html",scraped,200
Studio 1 Song,,77,yes,easyzic.com,capacité,Confirmer capacité,+33 6.82.06.10.17,5€/,,2 rue du Canal 77140 Nemours +33 6.82.06.10.17 http://www.studio1song.com Responsable Gaëtan Lie,"https://www.easyzic.com/annuaire/etablissements/studio-1-song,322940.html",scraped,200
STUDIO d'ENREGISTREMENT AGE OF SOUND,,77,yes,easyzic.com,capacité,Confirmer capacité,+33 6.08.74.72.92,5€/; 300 €; 500 €; 700 €,,8 rue de coulommiers 77141 Vaudoy en brie +33 6.08.74.72.92 Les avis Aucun avis n'a encore été l,"https://www.easyzic.com/annuaire/etablissements/studio-d-enregistrement-age-of-sound,205133.html",scraped,200
Everest Studio Group,,77,yes,easyzic.com,"contact, capacité",Confirmer contact; Confirmer capacité,,5€/,,21 Rue des Sources 77176 Savigny-le-Temple Responsable Octo Les avis Aucun avis n'a encore été la,"https://www.easyzic.com/annuaire/etablissements/everest-studio-group,385109.html",scraped,200
La Demeure de Verrières Villa à Châtenay-Malabry (Hauts-de-Seine) 1 salle 10-130 pers. Contacter,,91,yes,abcsalles.com,adresse précise,Confirmer adresse précise,07.64.02.88.05; +33764028805; +33160925216; 0443131722; 0229956776,Dès 2490 €; 2490€; 99 €; 229 €,2000 m²; 130 pers; 1500 m²; 130 personnes,,https://www.abcsalles.com/lieu/la-demeure-de-verrieres,scraped,200
Location de salle,,93,yes,1001salles.com,"adresse précise, contact, prix, capacité",Confirmer adresse précise; Confirmer contact; Confirmer prix; Confirmer capacité,,,,,https://www.1001salles.com/location-de-salle-2-france-p.html,fetch_failed,
Salles des Fêtes,,93,yes,1001salles.com,"adresse précise, contact, prix, capacité",Confirmer adresse précise; Confirmer contact; Confirmer prix; Confirmer capacité,,,,,https://www.1001salles.com/salle-des-fetes-2-france-p.html,fetch_failed,
Salles de mariage,,93,yes,1001salles.com,"adresse précise, contact, prix, capacité",Confirmer adresse précise; Confirmer contact; Confirmer prix; Confirmer capacité,,,,,https://www.1001salles.com/salle-de-mariage-2-france-p.html,fetch_failed,
Salles d'anniversaire,,93,yes,1001salles.com,"adresse précise, contact, prix, capacité",Confirmer adresse précise; Confirmer contact; Confirmer prix; Confirmer capacité,,,,,https://www.1001salles.com/salle-anniversaire-2-france-p.html,fetch_failed,
Salles de réception,,93,yes,1001salles.com,"adresse précise, contact, prix, capacité",Confirmer adresse précise; Confirmer contact; Confirmer prix; Confirmer capacité,,,,,https://www.1001salles.com/salle-de-reception-2-france-p.html,fetch_failed,
Espace CHALET,,94,no,maisondequartier-reims.fr,"adresse précise, prix, capacité",Confirmer adresse précise; Confirmer prix; Confirmer capacité,chalet@maisondequartier-reims.fr; 03 26 02 32 50,,,,http://www.maisondequartier-reims.fr/jean-jaures-espace-chalet,scraped,200
Espace VERRERIE,,94,no,maisondequartier-reims.fr,"adresse précise, prix, capacité",Confirmer adresse précise; Confirmer prix; Confirmer capacité,verrerie@maisondequartier-reims.fr; 03 26 85 36 55,,,,http://www.maisondequartier-reims.fr/arenes-du-sud-espace-verrerie,scraped,200
Español,,92,yes,lesite.izyshow.com,adresse précise,Confirmer adresse précise,bouncingwall.paris@gmail.com; contact.tsmgo@gmail.com; 0833741218; 0226690365,40 €,200 m²; 56 m²,,https://lesite.izyshow.com/es/listings/2040369-salle-de-theatre,scraped,200
English,,92,yes,lesite.izyshow.com,"adresse précise, prix",Confirmer adresse précise; Confirmer prix,bouncingwall.paris@gmail.com; contact.tsmgo@gmail.com; 0833741218; 0226690365,,200 m²; 56 m²,,https://lesite.izyshow.com/en/listings/2040369-salle-de-theatre,scraped,200
L’Association,,94,no,maisondequartier-reims.fr,"adresse précise, contact, prix, capacité",Confirmer adresse précise; Confirmer contact; Confirmer prix; Confirmer capacité,,,,,http://www.maisondequartier-reims.fr/l-association,scraped,200
Espace Réservation,,78,no,member-app.deciplus.pro,"adresse précise, contact, prix, capacité",Confirmer adresse précise; Confirmer contact; Confirmer prix; Confirmer capacité,,,,,https://member-app.deciplus.pro/yogamania,scraped,200
Espace SAINT-REMI,,94,no,maisondequartier-reims.fr,"adresse précise, prix, capacité",Confirmer adresse précise; Confirmer prix; Confirmer capacité,saint-remi@maisondequartier-reims.fr; 03 26 85 49 00,,,,http://www.maisondequartier-reims.fr/arenes-du-sud-espace-saint-remi,scraped,200
Espace BILLARD,,94,no,maisondequartier-reims.fr,"adresse précise, prix, capacité",Confirmer adresse précise; Confirmer prix; Confirmer capacité,billard@maisondequartier-reims.fr; 03 26 08 08 78,,,,http://www.maisondequartier-reims.fr/croix-rouge-espace-billard,scraped,200
La Passerelle,,94,no,maisondequartier-reims.fr,"prix, capacité",Confirmer prix; Confirmer capacité,lapasserelle@maisondequartier-reims.fr; 03 26 36 03 50,,,2 allée des Landais - 51100 REIMS Tél. : 03 26 36 03 50 lapasserelle@maisondequartier-reims.fr Tra,http://www.maisondequartier-reims.fr/croix-rouge-espace-la-passerelle,scraped,200
Espace LA NACELLE,,94,no,maisondequartier-reims.fr,"adresse précise, prix, capacité",Confirmer adresse précise; Confirmer prix; Confirmer capacité,03 26 49 47 07,,,,http://www.maisondequartier-reims.fr/croix-rouge-espace-la-nacelle,scraped,200
Espace LE FLAMBEAU,,94,no,maisondequartier-reims.fr,"adresse précise, prix, capacité",Confirmer adresse précise; Confirmer prix; Confirmer capacité,leflambeau@maisondequartier-reims.fr; 03 26 07 28 21,,,,http://www.maisondequartier-reims.fr/jean-jaures-espace-le-flambeau,scraped,200
Espace LA NEUVILLETTE,,94,no,maisondequartier-reims.fr,"adresse précise, prix, capacité",Confirmer adresse précise; Confirmer prix; Confirmer capacité,laneuvillette@maisondequartier-reims.fr; 03 26 82 30 55,,,,http://www.maisondequartier-reims.fr/les-sources-espace-la-neuvillette,scraped,200
Espace TROIS FONTAINES,,94,no,maisondequartier-reims.fr,"adresse précise, prix, capacité",Confirmer adresse précise; Confirmer prix; Confirmer capacité,troisfontaines@maisondequartier-reims.fr; 03 26 09 07 85,,,,http://www.maisondequartier-reims.fr/les-sources-espace-trois-fontaines,scraped,200
Espace LUDOVAL,,94,no,maisondequartier-reims.fr,"adresse précise, prix, capacité",Confirmer adresse précise; Confirmer prix; Confirmer capacité,ludoval@maisondequartier-reims.fr; 03 26 36 21 05,,,,http://www.maisondequartier-reims.fr/val-de-murigny-espace-ludoval,scraped,200
Espace TURENNE,,94,no,maisondequartier-reims.fr,"adresse précise, prix, capacité",Confirmer adresse précise; Confirmer prix; Confirmer capacité,turenne@maisondequartier-reims.fr; 03 26 50 32 20,,,,http://www.maisondequartier-reims.fr/val-de-murigny-espace-turenne,scraped,200
PLANNING,,78,no,yogamania.fr,"adresse précise, prix, capacité",Confirmer adresse précise; Confirmer prix; Confirmer capacité,0 8.579974 84; 0 327 000000; 025023 0000; 025581 0000; 026344 0000,,,,https://www.yogamania.fr/yogasite/wp-content/uploads/2025/09/Planning-VF2-PARIS-2025-2026.pdf,scraped,200
France,,91,yes,1001salles.com,"adresse précise, contact, prix, capacité",Confirmer adresse précise; Confirmer contact; Confirmer prix; Confirmer capacité,,,,,https://www.1001salles.com/salle-de-formation-3-france-p.html,fetch_failed,
Le White,,94,yes,1001salles.com,prix,Confirmer prix,contact@1001salles.com; 0309899298; +33 1 43 01 55 55; +33 1 41 53 05 06; +33 892 68 05 71; +33 1 49 74 88 88,,8000 m²; 4000 m²; 900m²; 1500 personnes,68 Rue Louis Ampère,https://www.1001salles.com/seminaire/61884-le-white.aspx,scraped,200
Salle de conférence,,91,yes,1001salles.com,"adresse précise, contact, prix, capacité",Confirmer adresse précise; Confirmer contact; Confirmer prix; Confirmer capacité,,,,,https://www.1001salles.com/salle-de-conference-3-france-p.html,fetch_failed,
Centre de soin et détente à Saint-Maur-des-Fossés (94),,94,yes,funbooker.com,"adresse précise, contact",Confirmer adresse précise; Confirmer contact,,60 €; 95 €; À partir de 60 €; 49 € / personne,4 pers,,https://www.funbooker.com/fr/annonce/centre-de-soin-et-detente-a-saint-maur-des-fosses-94/voir,scraped,200
Centres de bien-être,,94,yes,funbooker.com,"adresse précise, contact",Confirmer adresse précise; Confirmer contact,,dès 12€; 60 € / personne; 60 €; 160 € /,2 personnes,,https://www.funbooker.com/fr/category/beaute-et-bien-etre,scraped,200
En entreprise,,78,no,yogamania.fr,"prix, capacité",Confirmer prix; Confirmer capacité,contact@yogamania.fr; 0370370370; 06 87 53 03 09,,,5 impasse Duplessis 78000 Versailles 06 87 53 03 09 contact@yogamania.fr Accueil Mentions légales Co,https://www.yogamania.fr/en-entreprise/,scraped,200
Conditions générales d’abonnement,,78,no,yogamania.fr,"prix, capacité",Confirmer prix; Confirmer capacité,contact@yogamania.fr; 0370370370; 06 87 53 03 09,,,5 impasse Duplessis 78000 Versailles 06 87 53 03 09 contact@yogamania.fr Accueil Mentions légales Co,https://www.yogamania.fr/infos-pratiques/conditions-generales-dabonnement/,scraped,200
Blog,,78,no,yogamania.fr,"prix, capacité",Confirmer prix; Confirmer capacité,contact@yogamania.fr; 0370370370; 06 87 53 03 09,,,5 impasse Duplessis 78000 Versailles 06 87 53 03 09 contact@yogamania.fr Accueil Mentions légales Co,https://www.yogamania.fr/blog/,scraped,200
Tarifs,,78,no,yogamania.fr,capacité,Confirmer capacité,contact@yogamania.fr; 0370370370; 06 87 53 03 09,15€; 53 €; 525 €; 14€,,50 cours Sélectionner la formule Carte Liberté Carte Solidaire Étudiants et quotient familial Niv 1,https://www.yogamania.fr/tarifs/,scraped,200
Les centres Yogamania,,78,no,yogamania.fr,"prix, capacité",Confirmer prix; Confirmer capacité,contact@yogamania.fr; 0370370370; 06 87 53 03 09,,,100 cours par semaine Un espace de réservation en ligne 24h/24,https://www.yogamania.fr/les-centres-yogamania/,scraped,200
Conseils avant de venir,,78,no,yogamania.fr,"prix, capacité",Confirmer prix; Confirmer capacité,contact@yogamania.fr; 0370370370; 06 87 53 03 09,,,5 impasse Duplessis 78000 Versailles 06 87 53 03 09 contact@yogamania.fr Accueil Mentions légales Co,https://www.yogamania.fr/conseils-avant-de-venir/,scraped,200
Paris,,78,no,yogamania.fr,capacité,Confirmer capacité,contact@yogamania.fr; 0370370370; 06 87 53 03 09,15€; 25 euros; à partir de 595€; 225€,,3 cours découverte différents au tarif de 36€. Cartes de cours pour les adhérents à jour de leur c,https://www.yogamania.fr/paris/,scraped,200
Ateliers & Formations,,78,no,yogamania.fr,"prix, capacité",Confirmer prix; Confirmer capacité,contact@yogamania.fr; 0370370370; 06 87 53 03 09,,,5 impasse Duplessis 78000 Versailles 06 87 53 03 09 contact@yogamania.fr Accueil Mentions légales Co,https://www.yogamania.fr/stages-ateliers/,scraped,200
Cours en ligne (en direct ou en replay),,78,no,yogamania.fr,"prix, capacité",Confirmer prix; Confirmer capacité,contact@yogamania.fr; 0370370370; 06 87 53 03 09,,,5 impasse Duplessis 78000 Versailles 06 87 53 03 09 contact@yogamania.fr Accueil Mentions légales Co,https://www.yogamania.fr/cours/cours-en-ligne-zoom-et-replay-2/,scraped,200
Qui sommes-nous,,78,no,yogamania.fr,"prix, capacité",Confirmer prix; Confirmer capacité,contact@yogamania.fr; 0370370370; 06 87 53 03 09,,,5 impasse Duplessis 78000 Versailles 06 87 53 03 09 contact@yogamania.fr Accueil Mentions légales Co,https://www.yogamania.fr/qui-sommes-nous/,scraped,200
Télécharger notre brochure,,77,no,seineetmarne.cci.fr,"adresse précise, prix",Confirmer adresse précise; Confirmer prix,0 595.5000 84,,7m2,,https://www.seineetmarne.cci.fr/sites/default/files/2026-06/Brochure%20-%20Espace%20Location%20Salles.pdf,scraped,200
Espace groupe,,94,no,tourisme-valdemarne.com,"prix, capacité",Confirmer prix; Confirmer capacité,resa@tourisme-valdemarne.com; 01 55 09 16 22; 01 55 09 30 73,,,"15 rue Gustave Eiffel""",https://www.tourisme-valdemarne.com/espace-groupes,scraped,200
partie Pro/Presse,,94,no,tourisme-valdemarne.com,"prix, capacité",Confirmer prix; Confirmer capacité,01 55 09 16 20,,,"15 rue Gustave Eiffel""",https://www.tourisme-valdemarne.com/espace-pro/,scraped,200
Location de château Hauts-de-Seine,,92,yes,abcsalles.com,"adresse précise, prix, capacité",Confirmer adresse précise; Confirmer prix; Confirmer capacité,0100606065; 0171661377; 0143051147; 0114440918; 0762939453,,,,https://www.abcsalles.com/location-de-chateau-2_hauts-de-seine_d.html,scraped,200
entreprise désireuse d’organiser un séminaire,,94,no,tourisme-valdemarne.com,"prix, capacité",Confirmer prix; Confirmer capacité,01 55 09 16 20,,,"15 rue Gustave Eiffel""",https://www.tourisme-valdemarne.com/espace-pro/seminaires-et-receptions-pro/,scraped,200
Location de péniche Hauts-de-Seine,,92,yes,abcsalles.com,adresse précise,Confirmer adresse précise,0100606065; 0171661377; 0143051147; 0114440918; 0762939453,À partir de 1980€; À partir de 1200€; À partir de 2500€,70 pers; 40 personnes; 60 personnes; 100 m²,,https://www.abcsalles.com/location-de-peniche-2_hauts-de-seine_d.html,scraped,200
Le Manoir Loft 92,,92,yes,abcsalles.com,adresse précise,Confirmer adresse précise,01.59.30.48.06; +33612841838; 0936197004; +33159304806; 0877236732,Dès 1300 €; 300 €; 30€; 225€,180 m²; 110 pers; 25 m²; 25 personnes,,https://www.abcsalles.com/lieu/manoir-loft-92,scraped,200
Restaurant 28,,94,yes,tourisme-valdemarne.com,"prix, capacité",Confirmer prix; Confirmer capacité,01 55 09 16 20,,,"15 rue Gustave Eiffel""",https://www.tourisme-valdemarne.com/cote-pratique/restaurants-et-lieux-de-receptions/location-de-salles-et-reception/irisit/activites/restaurant/,scraped,200
Deutsch,,92,yes,lesite.izyshow.com,adresse précise,Confirmer adresse précise,bouncingwall.paris@gmail.com; contact.tsmgo@gmail.com; 0833741218; 0226690365,40 €,200 m²; 56 m²,,https://lesite.izyshow.com/de/listings/2040369-salle-de-theatre,scraped,200
Animations musicales 21,,94,yes,tourisme-valdemarne.com,"prix, capacité",Confirmer prix; Confirmer capacité,01 55 09 16 20,,,"15 rue Gustave Eiffel""",https://www.tourisme-valdemarne.com/cote-pratique/restaurants-et-lieux-de-receptions/location-de-salles-et-reception/irisit/activites/animations-musicales/,scraped,200
accessibilité,,92,yes,directsalles.com,"adresse précise, contact, prix, capacité",Confirmer adresse précise; Confirmer contact; Confirmer prix; Confirmer capacité,,,,,http://www.directsalles.com/accessibilite,scraped,200
Contact,,92,yes,directsalles.com,"contact, prix, capacité",Confirmer contact; Confirmer prix; Confirmer capacité,,,,1 place Jean Millier 92084 Paris La Défense Cedex ol { display:block,http://www.directsalles.com/contact/,scraped,200
Créer un compte,,92,yes,directsalles.com,"adresse précise, contact, prix, capacité",Confirmer adresse précise; Confirmer contact; Confirmer prix; Confirmer capacité,,,,,http://www.directsalles.com/compte/inscription,scraped,200
Connexion,,92,yes,directsalles.com,"adresse précise, contact, prix, capacité",Confirmer adresse précise; Confirmer contact; Confirmer prix; Confirmer capacité,,,,,http://www.directsalles.com/compte/connexion,scraped,200
Traiteur 12,,94,yes,tourisme-valdemarne.com,"prix, capacité",Confirmer prix; Confirmer capacité,01 55 09 16 20,,,"15 rue Gustave Eiffel""",https://www.tourisme-valdemarne.com/cote-pratique/restaurants-et-lieux-de-receptions/location-de-salles-et-reception/irisit/activites/traiteur/,scraped,200
Recherche de lieux,,92,yes,directsalles.com,"adresse précise, contact, prix, capacité",Confirmer adresse précise; Confirmer contact; Confirmer prix; Confirmer capacité,,,,,http://www.directsalles.com/lieu/recherche/,scraped,200
Tennis 5,,94,yes,tourisme-valdemarne.com,"prix, capacité",Confirmer prix; Confirmer capacité,01 55 09 16 20,,,"15 rue Gustave Eiffel""",https://www.tourisme-valdemarne.com/cote-pratique/restaurants-et-lieux-de-receptions/location-de-salles-et-reception/irisit/activites/tennis/,scraped,200
Piscine 4,,94,yes,tourisme-valdemarne.com,"prix, capacité",Confirmer prix; Confirmer capacité,01 55 09 16 20,,,"15 rue Gustave Eiffel""",https://www.tourisme-valdemarne.com/cote-pratique/restaurants-et-lieux-de-receptions/location-de-salles-et-reception/irisit/activites/piscine/,scraped,200
Suivant »,,94,yes,tourisme-valdemarne.com,"prix, capacité",Confirmer prix; Confirmer capacité,01 55 09 16 20,,,"15 rue Gustave Eiffel""",https://www.tourisme-valdemarne.com/cote-pratique/restaurants-et-lieux-de-receptions/location-de-salles-et-reception/page/2/,scraped,200
Référencer un lieu,,92,yes,directsalles.com,"adresse précise, contact, prix, capacité",Confirmer adresse précise; Confirmer contact; Confirmer prix; Confirmer capacité,,,,,http://www.directsalles.com/lieu/referencement/,scraped,200
Lieux en location,,92,yes,directsalles.com,"adresse précise, contact, prix, capacité",Confirmer adresse précise; Confirmer contact; Confirmer prix; Confirmer capacité,,,,,http://www.directsalles.com/lieu/,scraped,200
Espace Utilisateur,,92,yes,directsalles.com,"adresse précise, contact, prix, capacité",Confirmer adresse précise; Confirmer contact; Confirmer prix; Confirmer capacité,,,,,http://www.directsalles.com/compte/,scraped,200
Location de salle de réunion,,94,yes,1001salles.com,"adresse précise, contact, prix, capacité",Confirmer adresse précise; Confirmer contact; Confirmer prix; Confirmer capacité,,,,,https://www.1001salles.com/salle-de-reunion-3-france-p.html,fetch_failed,
La salle,,95,yes,pavillon-napoleon.fr,prix,Confirmer prix,06 29 67 78 23,,200 m²; 100 personnes,10 Rue Jules Verne 95320 Saint-Leu-la-Forêt 06 29 67 78 23 Afficher le numéro Facebook Twitter Em,https://www.pavillon-napoleon.fr/salle-a-louer-a-saint-leu-la-foret.html,scraped,200
Photos,,95,yes,pavillon-napoleon.fr,prix,Confirmer prix,06 29 67 78 23,,100 personnes; 200 m²,10 Rue Jules Verne 95320 Saint-Leu-la-Forêt 06 29 67 78 23 Afficher le numéro Facebook Twitter Em,https://www.pavillon-napoleon.fr/photos-salle-a-louer-a-saint-leu-la-foret.html,scraped,200
Contact,,95,yes,pavillon-napoleon.fr,prix,Confirmer prix,06 29 67 78 23,,100 personnes; 200 m²,10 Rue Jules Verne 95320 Saint-Leu-la-Forêt 06 29 67 78 23 Afficher le numéro Facebook Twitter Em,https://www.pavillon-napoleon.fr/devis-location-salle-a-saint-leu-la-foret.html,scraped,200
"Réunions, formations, séminaires",,75,no,le8petion.com,"adresse précise, contact, prix, capacité",Confirmer adresse précise; Confirmer contact; Confirmer prix; Confirmer capacité,,,,,https://le8petion.com/espace-a-louer-evenement-professionnel-paris11/,scraped,200
salles à louer,,95,yes,pavillon-napoleon.fr,prix,Confirmer prix,06 29 67 78 23,,200 m²; 100 m²; 130 personnes; 150 m²,10 Rue Jules Verne 95320 Saint-Leu-la-Forêt 06 29 67 78 23 Afficher le numéro Facebook Twitter Em,https://www.pavillon-napoleon.fr/salle-a-louer-val-d-oise.html,scraped,200
Salle à louer Taverny,,95,yes,pavillon-napoleon.fr,prix,Confirmer prix,06 29 67 78 23,,200 m²; 100 m²; 130 personnes; 150 m²,10 Rue Jules Verne 95320 Saint-Leu-la-Forêt 06 29 67 78 23 Afficher le numéro Facebook Twitter Em,https://www.pavillon-napoleon.fr/salle-a-louer-taverny.html,scraped,200
CGR Nanterre,,92,yes,abcsalles.com,"adresse précise, contact, prix, capacité",Confirmer adresse précise; Confirmer contact; Confirmer prix; Confirmer capacité,,,,,https://www.abcsalles.com/lieu/cgr-nanterre,fetch_failed,
Location de salle en semaine,,75,yes,le8petion.com,"adresse précise, contact, prix",Confirmer adresse précise; Confirmer contact; Confirmer prix,,,28 m²,,https://le8petion.com/location-salle-professionnelle-semaine-paris-11/,scraped,200
Salle à louer Saint-Leu-la-Forêt,,95,yes,pavillon-napoleon.fr,prix,Confirmer prix,06 29 67 78 23,,100 m²; 200 m²; 130 personnes; 150 m²,10 Rue Jules Verne 95320 Saint-Leu-la-Forêt 06 29 67 78 23 Afficher le numéro Facebook Twitter Em,https://www.pavillon-napoleon.fr/salle-a-louer-saint-leu-la-foret.html,scraped,200
Salle à louer Cergy-Pontoise,,95,yes,pavillon-napoleon.fr,prix,Confirmer prix,06 29 67 78 23,,200 m²; 100 m²; 130 personnes; 150 m²,10 Rue Jules Verne 95320 Saint-Leu-la-Forêt 06 29 67 78 23 Afficher le numéro Facebook Twitter Em,https://www.pavillon-napoleon.fr/salle-a-louer-cergy-pontoise.html,scraped,200
Salle à louer Argenteuil,,95,yes,pavillon-napoleon.fr,prix,Confirmer prix,06 29 67 78 23,,150 m²; 200 m²; 100 m²; 130 personnes,10 Rue Jules Verne 95320 Saint-Leu-la-Forêt 06 29 67 78 23 Afficher le numéro Facebook Twitter Em,https://www.pavillon-napoleon.fr/salle-a-louer-argenteuil.html,scraped,200
Salle à louer Franconville,,95,yes,pavillon-napoleon.fr,prix,Confirmer prix,06 29 67 78 23,,200 m²; 100 m²; 130 personnes; 150 m²,10 Rue Jules Verne 95320 Saint-Leu-la-Forêt 06 29 67 78 23 Afficher le numéro Facebook Twitter Em,https://www.pavillon-napoleon.fr/salle-a-louer-franconville.html,scraped,200
Évènementiel,,75,no,le8petion.com,"adresse précise, prix, capacité",Confirmer adresse précise; Confirmer prix; Confirmer capacité,0955553481,,,,https://le8petion.com/espace-ephemere/,scraped,200
Le Concept Réception,,95,yes,1001salles.com,prix,Confirmer prix,contact@1001salles.com; 0309899298; +33 6 72 86 40 02; +33 9 67 39 57 36; +33 1 78 12 01 60,,900 m²; 510 m²; 539 personnes; 36 m²,4 rue de la croix Vigneron,https://www.1001salles.com/seminaire/le-concept-reception.aspx,scraped,200
Salles de Conférence,,92,yes,kactus.com,prix,Confirmer prix,hello@kactus.com; 01 84 80 92 92; +33184809292,,20 personnes; 500 participants; 135m2; 150 personnes,5 Bd Poniatowski,https://www.kactus.com/fr/cat/lieux/conference,scraped,200
Nos tarifs pour la location de salle professionnelle,,75,no,le8petion.com,"adresse précise, contact, prix, capacité",Confirmer adresse précise; Confirmer contact; Confirmer prix; Confirmer capacité,,,,,https://le8petion.com/tarifs/,scraped,200
Salles de Formation à Lyon,,92,yes,kactus.com,prix,Confirmer prix,hello@kactus.com; 01 84 80 92 92; +33184809292,,50 personnes; 35 m²; 110 m²; 300 m²,213 Rue de Gerland batiment g2,https://www.kactus.com/fr/cat/lieux/formation/lyon,scraped,200
Salles de Réunion,,92,yes,kactus.com,"adresse précise, prix, capacité",Confirmer adresse précise; Confirmer prix; Confirmer capacité,hello@kactus.com; 01 84 80 92 92; +33184809292,,,,https://www.kactus.com/fr/cat/lieux/reunion,scraped,200
Salles de Formation,,92,yes,kactus.com,prix,Confirmer prix,hello@kactus.com; 01 84 80 92 92; +33184809292,,8 personnes; 75m2; 15m2; 30 personnes,25 Av. de la République,https://www.kactus.com/fr/cat/lieux/formation,scraped,200
Salles de Réunion à Lyon,,92,yes,kactus.com,prix,Confirmer prix,hello@kactus.com; 01 84 80 92 92; +33184809292,,65M2; 40 personnes; 800 m²; 265 personnes,5 Rue Fénelon,https://www.kactus.com/fr/cat/lieux/reunion/lyon,scraped,200
Location de salle,,92,yes,snapevent.fr,"adresse précise, prix, capacité",Confirmer adresse précise; Confirmer prix; Confirmer capacité,f4e08f692823454b83bbb2fa18b79741@sentry.io; 01 76 42 02 10,,,,https://www.snapevent.fr/location-de-salle,scraped,200
Paris,,92,yes,snapevent.fr,"adresse précise, prix, capacité",Confirmer adresse précise; Confirmer prix; Confirmer capacité,f4e08f692823454b83bbb2fa18b79741@sentry.io; 01 76 42 02 10,,,,https://www.snapevent.fr/location-de-salle/paris,scraped,200
"nouveau Ajouter à ma sélection Retirer de ma sélection Paris, Dép. 92 réservable jusqu'à minuit Casa Verde 25 À partir de 1 000 € HT",,92,yes,snapevent.fr,adresse précise,Confirmer adresse précise,f4e08f692823454b83bbb2fa18b79741@sentry.io; 01 76 42 02 10,000 €; 200 €; 800 €; 350 €,250m2; 50m2; 25 personnes; 250 m²,,https://www.snapevent.fr/location-de-salle/paris/casa-verde-4523,scraped,200
"5/5 (1 avis) Ajouter à ma sélection Retirer de ma sélection Paris, Dép. 92 réservable jusqu'à 2h du matin Le jardin de Boulogne 40 À partir ",,92,yes,snapevent.fr,adresse précise,Confirmer adresse précise,f4e08f692823454b83bbb2fa18b79741@sentry.io; 01 76 42 02 10,000 €; 600 €; 350 €; 149 €,70m2; 200m2; 40 personnes; 30 personnes,,https://www.snapevent.fr/location-de-salle/paris/jardin-boulogne-2323,scraped,200
France,,92,yes,directsalles.com,"prix, capacité",Confirmer prix; Confirmer capacité,0139905375; 0761989916; 0178114811; 0164047304; 0677479874,,,30 Route De Groslay 95200 Sarcelles,http://www.directsalles.com/france,scraped,200
"5/5 (3 avis) Ajouter à ma sélection Retirer de ma sélection Paris, Dép. 92 réservable jusqu'à 1h du matin La maison californienne d'Hélène 1",,92,yes,snapevent.fr,adresse précise,Confirmer adresse précise,f4e08f692823454b83bbb2fa18b79741@sentry.io; 01 76 42 02 10,500 €; 400 €; 597 €; 350 €,130m2; 550m2; 100 personnes; 50 personnes,,https://www.snapevent.fr/location-de-salle/paris/maison-californienne-helene-2699,scraped,200
"5/5 (8 avis) Ajouter à ma sélection Retirer de ma sélection Paris, Dép. 92 réservable jusqu'à minuit La maison avec piscine de Cyril 30 À pa",,92,yes,snapevent.fr,adresse précise,Confirmer adresse précise,f4e08f692823454b83bbb2fa18b79741@sentry.io; 01 76 42 02 10,400 €; 100 €; à partir de 900 €,220m2; 400m2; 30 personnes; 110 m²,,https://www.snapevent.fr/location-de-salle/paris/maison-avec-piscine-cyril-2474,scraped,200
"5/5 (1 avis) Ajouter à ma sélection Retirer de ma sélection Paris, Dép. 92 réservable jusqu'à 2h du matin La Serre - Malakoff 100 À partir d",,92,yes,snapevent.fr,adresse précise,Confirmer adresse précise,f4e08f692823454b83bbb2fa18b79741@sentry.io; 01 76 42 02 10,850 €; 150 €; 400 €; 300 €,600m2; 100 personnes; 40 personnes; 600 m²,,https://www.snapevent.fr/location-de-salle/paris/serre-malakoff-2512,scraped,200
"5/5 (1 avis) Ajouter à ma sélection Retirer de ma sélection Paris, Dép. 92 réservable jusqu'à minuit L'Eden de Stéphane 40 À partir de 750 €",,92,yes,snapevent.fr,adresse précise,Confirmer adresse précise,f4e08f692823454b83bbb2fa18b79741@sentry.io; 01 76 42 02 10,à partir de 750 €; 750 €; 350 €; 500 €,110m2; 40m2; 40 personnes; 15 personnes,,https://www.snapevent.fr/location-de-salle/paris/eden-stephane-3319,scraped,200
"5/5 (1 avis) Ajouter à ma sélection Retirer de ma sélection Paris, Dép. 92 réservable jusqu'à minuit La maison d'architecte de Frédérique 30",,92,yes,snapevent.fr,adresse précise,Confirmer adresse précise,f4e08f692823454b83bbb2fa18b79741@sentry.io; 01 76 42 02 10,à partir de 800 €; 800 €; 850 €; 154 €,100m2; 30 personnes; 12 personnes; 100 m²,,https://www.snapevent.fr/location-de-salle/paris/maison-architecte-frederique-3048,scraped,200
"5/5 (1 avis) Exclusivité Ajouter à ma sélection Retirer de ma sélection Paris, Dép. 92 réservable jusqu'à 2h du matin Le Rooftop Danton 35 À",,92,yes,snapevent.fr,adresse précise,Confirmer adresse précise,f4e08f692823454b83bbb2fa18b79741@sentry.io; 01 76 42 02 10,à partir de 800 €; 800 €; 195 €; 950 €,100m2; 35 personnes; 20 personnes; 100 m²,,https://www.snapevent.fr/location-de-salle/paris/rooftop-danton-3524,scraped,200
"5/5 (1 avis) Ajouter à ma sélection Retirer de ma sélection Paris, Dép. 92 réservable jusqu'à 2h du matin L'Annexe 50 À partir de 900 € HT",,92,yes,snapevent.fr,adresse précise,Confirmer adresse précise,f4e08f692823454b83bbb2fa18b79741@sentry.io; 01 76 42 02 10,à partir de 900 €; 900 €; 149 €; 350 €,125m2; 50 personnes; 125m²; 125 m²,,https://www.snapevent.fr/location-de-salle/paris/annexe-2431,scraped,200
Les YMCA de France,,75,no,ymcafrance.fr,"prix, capacité",Confirmer prix; Confirmer capacité,secretariat.national@ymca.fr,,,5 place de Vénétie,https://ymcafrance.fr/les-associations-membres-de-ymca-france/,scraped,200
Consulter les tarifs,,75,no,ymca-avignon.com,"adresse précise, contact, prix, capacité",Confirmer adresse précise; Confirmer contact; Confirmer prix; Confirmer capacité,,,,,http://www.ymca-avignon.com/fr/services/nos-salles/,fetch_failed,
L'Étable de Véronge,,77,yes,abcsalles.com,adresse précise,Confirmer adresse précise,0 100 75 75 10; 0 100 80 80 10; +33609656273; +33164201284; 0146740676,Dès 1350 €; 1350€; à partir de 2350€; 450 euros,162 m²; 220 pers; 230 m²; 160 m²,,https://www.abcsalles.com/lieu/etabledeveronge,scraped,200
Location de péniche Seine-et-Marne,,77,yes,abcsalles.com,adresse précise,Confirmer adresse précise,0399999618; 0128274339; 0123523595; 0381469727; 0190734863,À partir de 1200€; 20€ / pers; 55€; 130€,90 pers; 90 personnes; 48 personnes; 100 m²,,https://www.abcsalles.com/location-de-peniche-2_seine-et-marne_d.html,scraped,200
Consulter les tarifs,,75,no,ymca-paris.fr,"adresse précise, contact, prix",Confirmer adresse précise; Confirmer contact; Confirmer prix,,,222 m²; 96 m²; 32 m²; 60 m²,,http://ymca-paris.fr/le-centre/location-de-salles/,scraped,200
Domaine d'Arvigny,,77,yes,abcsalles.com,adresse précise,Confirmer adresse précise,+33160655587,Dès 690 €; 690€; 990€; 1490€,180 m²; 150 pers; 000 m²; 150 personnes,,https://www.abcsalles.com/lieu/domaine-arvigny,scraped,200
A.Venue 58 (Privatisation totale),,94,yes,privateaser.com,"adresse précise, contact, prix, capacité",Confirmer adresse précise; Confirmer contact; Confirmer prix; Confirmer capacité,,,,,https://www.privateaser.com/lieu/39449-espace-58-privatisation,fetch_failed,
Les meilleures salles à louer - Bry-sur-Marne,,94,yes,privateaser.com,"adresse précise, contact, prix, capacité",Confirmer adresse précise; Confirmer contact; Confirmer prix; Confirmer capacité,,,,,https://www.privateaser.com/location-salle/top-salles-bry-sur-marne-94360,fetch_failed,
Les meilleures salles à louer - Alfortville,,94,yes,privateaser.com,"adresse précise, contact, prix, capacité",Confirmer adresse précise; Confirmer contact; Confirmer prix; Confirmer capacité,,,,,https://www.privateaser.com/location-salle/top-salles-location-alfortville,fetch_failed,
Les meilleures salles à louer - Champigny-sur-Marne,,94,yes,privateaser.com,"adresse précise, contact, prix, capacité",Confirmer adresse précise; Confirmer contact; Confirmer prix; Confirmer capacité,,,,,https://www.privateaser.com/location-salle/top-salles-champigny-sur-marne-94500,fetch_failed,
Les meilleures salles à louer - Cergy,,94,yes,privateaser.com,"adresse précise, contact, prix, capacité",Confirmer adresse précise; Confirmer contact; Confirmer prix; Confirmer capacité,,,,,https://www.privateaser.com/location-salle/top-salles-cergy-95000,fetch_failed,
Les meilleures salles à louer pour un séminaire - Seine-et-Marne,,77,yes,privateaser.com,"adresse précise, contact, prix, capacité",Confirmer adresse précise; Confirmer contact; Confirmer prix; Confirmer capacité,,,,,https://www.privateaser.com/seminaire-workshop/top-salles-seminaire-seine-et-marne-77,fetch_failed,
Vitry-sur-Seine,,94,yes,jemepropose.com,"adresse précise, contact, prix, capacité",Confirmer adresse précise; Confirmer contact; Confirmer prix; Confirmer capacité,,,,,https://www.jemepropose.com/annonces/location-de-salle/vitry-sur-seine-94/,fetch_failed,
Villejuif,,94,yes,jemepropose.com,"adresse précise, contact, prix, capacité",Confirmer adresse précise; Confirmer contact; Confirmer prix; Confirmer capacité,,,,,https://www.jemepropose.com/annonces/location-de-salle/villejuif-94/,fetch_failed,
Fontenay-sous-Bois,,94,yes,jemepropose.com,"adresse précise, contact, prix, capacité",Confirmer adresse précise; Confirmer contact; Confirmer prix; Confirmer capacité,,,,,https://www.jemepropose.com/annonces/location-de-salle/fontenay-sous-bois-94/,fetch_failed,
Vincennes,,94,yes,jemepropose.com,"adresse précise, contact, prix, capacité",Confirmer adresse précise; Confirmer contact; Confirmer prix; Confirmer capacité,,,,,https://www.jemepropose.com/annonces/location-de-salle/vincennes-94/,fetch_failed,
Event'3,,77,yes,abcsalles.com,adresse précise,Confirmer adresse précise,01.59.30.33.88; +33667713909; +33666375272; 0446301026; +33159303388,Dès 1500 €; Dès 1000 €; 00 €; À partir de 800 €,430 m²; 200 pers; 300 m²; 200 personnes,,https://www.abcsalles.com/lieu/event-3-77,scraped,200
"5/5 (1 avis) Ajouter à ma sélection Retirer de ma sélection Paris, Dép. 77 réservable jusqu'à 18h Le Radisson Blu - Marne La Vallée 320 À pa",,77,yes,snapevent.fr,adresse précise,Confirmer adresse précise,f4e08f692823454b83bbb2fa18b79741@sentry.io; 01 76 42 02 10,600 €; 114 €; 350 €; 250 €,1200m2; 320 personnes; 45 personnes; 1200 m²,,https://www.snapevent.fr/location-de-salle/paris/radisson-blu-marne-vallee-2600,scraped,200
"4/5 (1 avis) Ajouter à ma sélection Retirer de ma sélection Paris, Dép. 77 réservable jusqu'à 18h La villa moderne d'Ivan 50 À partir de 800",,77,yes,snapevent.fr,adresse précise,Confirmer adresse précise,f4e08f692823454b83bbb2fa18b79741@sentry.io; 01 76 42 02 10,à partir de 800 €; 800 €; 241 €; 000 €,95m2; 98m2; 50 personnes; 30 personnes,,https://www.snapevent.fr/location-de-salle/paris/villa-moderne-ivan-2676,scraped,200
"Ajouter à ma sélection Retirer de ma sélection Paris, Dép. 77 réservable jusqu'à 23h La Folie Barbizon - Restaurant 40 À partir de 100 € HT",,77,yes,snapevent.fr,adresse précise,Confirmer adresse précise,f4e08f692823454b83bbb2fa18b79741@sentry.io; 01 76 42 02 10,à partir de 100 €; 125 €; 100 €; 148 €,60m2; 40 personnes; 60 m²,,https://www.snapevent.fr/location-de-salle/paris/folie-barbizon-restaurant-4229,scraped,200
"Ajouter à ma sélection Retirer de ma sélection Paris, Dép. 77 réservable jusqu'à 2h du matin La maison au bord de l'eau de Caroline 40 À par",,77,yes,snapevent.fr,adresse précise,Confirmer adresse précise,f4e08f692823454b83bbb2fa18b79741@sentry.io; 01 76 42 02 10,à partir de 600 €; 600 €; 746 €; 100 €,135m2; 700m2; 40 personnes; 135 m²,,https://www.snapevent.fr/location-de-salle/paris/maison-au-bord-eau-caroline-3359,scraped,200
"Ajouter à ma sélection Retirer de ma sélection Paris, Dép. 77 réservable jusqu'à minuit La maison Bocager d'Émilie 30 À partir de 600 € HT",,77,yes,snapevent.fr,adresse précise,Confirmer adresse précise,f4e08f692823454b83bbb2fa18b79741@sentry.io; 01 76 42 02 10,à partir de 600 €; 600 €; 149 €; 500 €,120m2; 1250m2; 20 personnes; 120m²,,https://www.snapevent.fr/location-de-salle/paris/maison-bocager-emilie-2724,scraped,200
"Lieu RSE Ajouter à ma sélection Retirer de ma sélection Paris, Dép. 77 réservable jusqu'à 19h La Folie Barbizon - Petit Théâtre 70 À partir ",,77,yes,snapevent.fr,adresse précise,Confirmer adresse précise,f4e08f692823454b83bbb2fa18b79741@sentry.io; 01 76 42 02 10,à partir de 250 €; 250 €; 200 €; 900 €,102m2; 70 personnes; 50 personnes; 102 m²,,https://www.snapevent.fr/location-de-salle/paris/folie-barbizon-petit-theatre-4227,scraped,200
"Ajouter à ma sélection Retirer de ma sélection Paris, Dép. 77 réservable jusqu'à minuit BO RANCH 500 Sur demande",,77,yes,snapevent.fr,adresse précise,Confirmer adresse précise,f4e08f692823454b83bbb2fa18b79741@sentry.io; 01 76 42 02 10,100 €; 400 €; 750 €,950m2; 500 personnes; 200 personnes; 950 m²,,https://www.snapevent.fr/location-de-salle/paris/bo-ranch-4294,scraped,200
"Ajouter à ma sélection Retirer de ma sélection Paris, Dép. 77 réservable jusqu'à 2h du matin La Maison de Simon au coeur d'un Château 20 À p",,77,yes,snapevent.fr,adresse précise,Confirmer adresse précise,f4e08f692823454b83bbb2fa18b79741@sentry.io; 01 76 42 02 10,à partir de 750 €; 750 €; 200 €; 400 €,110m2; 100m2; 20 personnes; 15 personnes,,https://www.snapevent.fr/location-de-salle/paris/maison-simon-au-coeur-chateau-1469,scraped,200
"Ajouter à ma sélection Retirer de ma sélection Paris, Dép. 77 réservable jusqu'à minuit Le Colibri des Champs 20 À partir de 900 € HT",,77,yes,snapevent.fr,adresse précise,Confirmer adresse précise,f4e08f692823454b83bbb2fa18b79741@sentry.io; 01 76 42 02 10,à partir de 900 €; 900 €; 500 €; 000 €,650m2; 4800m2; 15 personnes; 400m2,,https://www.snapevent.fr/location-de-salle/paris/colibri-champs-3108,scraped,200
Créteil,,94,yes,jemepropose.com,"adresse précise, prix",Confirmer adresse précise; Confirmer prix,0489721983,,100 m2; 80 places; 100m2; 80 personnes,,https://www.jemepropose.com/annonces/location-de-salle/creteil-94/,scraped,200
Montreuil,,93,yes,evenementielpourtous.com,prix,Confirmer prix,info@evenementielpourtous.com; 0424 46 46 43; 042969 10.99; 031984 15.87; 021484 20.75; 016184 23.20,,500 personnes,50 Av. des Caillols 13012 Marseille E-mail : info@evenementielpourtous.com ACCES PRO Se connecter,https://www.evenementielpourtous.com/location-de-salle/location-de-salle-de-seminaire/ile-de-france/seine-saint-denis/montreuil-93048,scraped,200
Ivry-sur-Seine,,94,yes,jemepropose.com,"adresse précise, prix",Confirmer adresse précise; Confirmer prix,0489721983,,100 m2; 80 places; 100m2; 80 personnes,,https://www.jemepropose.com/annonces/location-de-salle/ivry-sur-seine-94/,scraped,200
Saint-Denis,,93,yes,evenementielpourtous.com,prix,Confirmer prix,info@evenementielpourtous.com; 0424 46 46 43; 042969 10.99; 031984 15.87; 021484 20.75; 016184 23.20,,340 M2; 100 personnes,50 Av. des Caillols 13012 Marseille E-mail : info@evenementielpourtous.com ACCES PRO Se connecter,https://www.evenementielpourtous.com/location-de-salle/location-de-salle-de-seminaire/ile-de-france/seine-saint-denis/saint-denis-93066,scraped,200
Aubervilliers,,93,yes,evenementielpourtous.com,"prix, capacité",Confirmer prix; Confirmer capacité,info@evenementielpourtous.com; 0424 46 46 43; 042969 10.99; 031984 15.87; 021484 20.75; 016184 23.20,,,50 Av. des Caillols 13012 Marseille E-mail : info@evenementielpourtous.com ACCES PRO Se connecter,https://www.evenementielpourtous.com/location-de-salle/location-de-salle-de-seminaire/ile-de-france/seine-saint-denis/aubervilliers-93001,scraped,200
Maisons-Alfort,,94,yes,jemepropose.com,"adresse précise, prix",Confirmer adresse précise; Confirmer prix,0489721983,,100 m2; 80 places; 100m2; 80 personnes,,https://www.jemepropose.com/annonces/location-de-salle/maisons-alfort-94/,scraped,200
Drancy,,93,yes,evenementielpourtous.com,prix,Confirmer prix,info@evenementielpourtous.com; 0424 46 46 43; 042969 10.99; 031984 15.87; 021484 20.75; 016184 23.20,,500 personnes; 2500 m2; 270 personnes; 150 personnes,50 Av. des Caillols 13012 Marseille E-mail : info@evenementielpourtous.com ACCES PRO Se connecter,https://www.evenementielpourtous.com/location-de-salle/location-de-salle-de-seminaire/ile-de-france/seine-saint-denis/drancy-93029,scraped,200
Salles de Réunion à Boulogne-Billancourt,,78,yes,kactus.com,prix,Confirmer prix,hello@kactus.com; 01 84 80 92 92; +33184809292,,288 places; 350 personnes; 133m²; 250 personnes,170 Quai de Stalingrad,https://www.kactus.com/fr/cat/lieux/reunion/boulogne-billancourt,scraped,200
Voir profil,,93,no,evenementielpourtous.com,"prix, capacité",Confirmer prix; Confirmer capacité,info@evenementielpourtous.com; 0424 46 46 43; 042969 10.99; 031984 15.87; 021484 20.75; 016184 23.20,,,50 Av. des Caillols 13012 Marseille E-mail : info@evenementielpourtous.com ACCES PRO Se connecter,https://www.evenementielpourtous.com/espace-alliance-136089,scraped,200
Salles de Réunion à Nîmes,,78,yes,kactus.com,prix,Confirmer prix,hello@kactus.com; 01 84 80 92 92; +33184809292,,100 m²,6 Rue de la République,https://www.kactus.com/fr/cat/lieux/reunion/nimes,scraped,200
Voir profil,,93,no,evenementielpourtous.com,prix,Confirmer prix,info@evenementielpourtous.com; 0424 46 46 43; 042969 10.99; 031984 15.87; 021484 20.75; 016184 23.20,,220 personnes,50 Av. des Caillols 13012 Marseille E-mail : info@evenementielpourtous.com ACCES PRO Se connecter,https://www.evenementielpourtous.com/espace-royal-136465,scraped,200
Location de château Essonne,,91,yes,abcsalles.com,adresse précise,Confirmer adresse précise,0565085044; 0209000001; 0200004577; 0999984741; 0104904175,À partir de 1600€; 80€ / pers; À partir de 8500€; À partir de 5000€,200 pers; 450 pers; 600 m²; 6000 m²,,https://www.abcsalles.com/location-de-chateau-2_essonne_d.html,scraped,200
Salles de Réunion Nancy,,78,yes,kactus.com,prix,Confirmer prix,hello@kactus.com; 01 84 80 92 92; +33184809292,,300 m²; 48 m2; 40m2; 100m2,24 Rue Sainte-Colette,https://www.kactus.com/fr/cat/lieux/reunion/nancy,scraped,200
Salles de Réunion à Argenteuil,,78,yes,kactus.com,prix,Confirmer prix,hello@kactus.com; 01 84 80 92 92; +33184809292,,675 m²; 450 participants; 100 personnes,65 Rue Germaine Tillion,https://www.kactus.com/fr/cat/lieux/reunion/argenteuil,scraped,200
Salles de Réunion à Arles,,78,yes,kactus.com,prix,Confirmer prix,hello@kactus.com; 01 84 80 92 92; +33184809292,,25 m²; 30m²; 80m²,285 Chemin de Bourgeac,https://www.kactus.com/fr/cat/lieux/reunion/arles,scraped,200
Location de péniche Essonne,,91,yes,abcsalles.com,"adresse précise, prix, capacité",Confirmer adresse précise; Confirmer prix; Confirmer capacité,0200004577; 0999984741; 0104904175; 0267028809; 0599994659,,,,https://www.abcsalles.com/location-de-peniche-2_essonne_d.html,scraped,200
Salles de Réunion à Avignon,,78,yes,kactus.com,prix,Confirmer prix,hello@kactus.com; 01 84 80 92 92; +33184809292,,40 pers; 250 personnes; 130 personnes,135 Avenue Louis Pasteur,https://www.kactus.com/fr/cat/lieux/reunion/avignon,scraped,200
Salle de Réunion atypique,,78,yes,kactus.com,prix,Confirmer prix,hello@kactus.com; 01 84 80 92 92; +33184809292,,150 places; 3000 m²; 80 personnes,86 Rue de l'Origan,https://www.kactus.com/fr/cat/lieux/reunion/reunion-atypique,scraped,200
Voir profil,,93,yes,evenementielpourtous.com,prix,Confirmer prix,info@evenementielpourtous.com; 0424 46 46 43; 042969 10.99; 031984 15.87; 021484 20.75; 016184 23.20,,500 personnes; 2500 m2,50 Av. des Caillols 13012 Marseille E-mail : info@evenementielpourtous.com ACCES PRO Se connecter,https://www.evenementielpourtous.com/le-cargo-location-de-salles-86128,scraped,200
SALLE DE RÉUNION,,78,no,bcoworker.com,"adresse précise, contact, prix, capacité",Confirmer adresse précise; Confirmer contact; Confirmer prix; Confirmer capacité,,,,,https://bcoworker.com/nos-offres-de-coworking-options-flexibles-et-tarifs-competitifs/trouvez-votre-salle-de-reunion-ideale-chez-bcoworker/,scraped,200
JE RÉSERVE MA SALLE DE RÉUNION,,78,yes,app.bcoworker.com,"adresse précise, contact, prix, capacité",Confirmer adresse précise; Confirmer contact; Confirmer prix; Confirmer capacité,,,,,https://app.bcoworker.com/home/search,scraped,200
la petite salle en Essonne,,91,yes,privateaser.com,"adresse précise, contact, prix, capacité",Confirmer adresse précise; Confirmer contact; Confirmer prix; Confirmer capacité,,,,,https://www.privateaser.com/location-salle/top-salles-massy-91300,fetch_failed,
Obtenir un devis,,91,yes,privateaser.com,"adresse précise, contact, prix, capacité",Confirmer adresse précise; Confirmer contact; Confirmer prix; Confirmer capacité,,,,,https://www.privateaser.com/lieu/2608-espace-grange-galerie,fetch_failed,
L'hôtel Mercure Saint-Quentin-en-Yvelines Centre,,91,yes,privateaser.com,"adresse précise, contact, prix, capacité",Confirmer adresse précise; Confirmer contact; Confirmer prix; Confirmer capacité,,,,,https://www.privateaser.com/lieu/6174-hotel-mercure-saint-quentin-en-yvelines-centre,fetch_failed,
Forest Hill Paris Meudon-Vélizy : Salle Forest Hill,,91,yes,privateaser.com,"adresse précise, contact, prix, capacité",Confirmer adresse précise; Confirmer contact; Confirmer prix; Confirmer capacité,,,,,https://www.privateaser.com/lieu/11794-forest-hill-paris-meudon-velizy,fetch_failed,
Espace Le Flamboyant Hotel,,91,yes,privateaser.com,"adresse précise, contact, prix, capacité",Confirmer adresse précise; Confirmer contact; Confirmer prix; Confirmer capacité,,,,,https://www.privateaser.com/lieu/17606-espace-le-flamboyant-hotel,fetch_failed,
Espace Reunion Ato,,91,yes,privateaser.com,"adresse précise, contact, prix, capacité",Confirmer adresse précise; Confirmer contact; Confirmer prix; Confirmer capacité,,,,,https://www.privateaser.com/lieu/36772-espace-reunion-ato,fetch_failed,
Argenteuil,,95,yes,evenementielpourtous.com,"prix, capacité",Confirmer prix; Confirmer capacité,info@evenementielpourtous.com; 0424 46 46 43; 042969 10.99; 031984 15.87; 021484 20.75; 016184 23.20,,,50 Av. des Caillols 13012 Marseille E-mail : info@evenementielpourtous.com ACCES PRO Se connecter,https://www.evenementielpourtous.com/location-de-salle/location-lieu-atypique/ile-de-france/val-d-oise/argenteuil-95018,scraped,200
Franconville,,95,yes,evenementielpourtous.com,"prix, capacité",Confirmer prix; Confirmer capacité,info@evenementielpourtous.com; 0424 46 46 43; 042969 10.99; 031984 15.87; 021484 20.75; 016184 23.20,,,50 Av. des Caillols 13012 Marseille E-mail : info@evenementielpourtous.com ACCES PRO Se connecter,https://www.evenementielpourtous.com/location-de-salle/location-lieu-atypique/ile-de-france/val-d-oise/franconville-95252,scraped,200
Cergy,,95,yes,evenementielpourtous.com,prix,Confirmer prix,info@evenementielpourtous.com; 06 43 61 06 25; 0424 46 46 43; 042969 10.99; 031984 15.87; 021484 20.75,,100m2; 26m2; 3000M2,50 Av. des Caillols 13012 Marseille E-mail : info@evenementielpourtous.com ACCES PRO Se connecter,https://www.evenementielpourtous.com/location-de-salle/location-lieu-atypique/ile-de-france/val-d-oise/cergy-95127,scraped,200
Règlement,,91,no,lesmolieres.fr,"adresse précise, prix, capacité",Confirmer adresse précise; Confirmer prix; Confirmer capacité,c@5j.iGtj; 0 1 00000000,,,,https://www.lesmolieres.fr/wp-content/uploads/2025/10/Reglement-de-la-salle-du-Paradou-Version-8-septembre-2025.pdf,scraped,200
Règlement,,91,no,lesmolieres.fr,"adresse précise, contact, prix, capacité",Confirmer adresse précise; Confirmer contact; Confirmer prix; Confirmer capacité,,,,,https://www.lesmolieres.fr/wp-content/uploads/2025/10/Reglement-de-la-salle-dexposition-Version-8-septembre-2025.pdf,scraped,200
Salle de mariage 55 prestataires,,95,yes,evenementielpourtous.com,prix,Confirmer prix,info@evenementielpourtous.com; 0424 46 46 43; 042969 10.99; 031984 15.87; 021484 20.75; 016184 23.20,,200 personnes; 300 personnes,50 Av. des Caillols 13012 Marseille E-mail : info@evenementielpourtous.com ACCES PRO Se connecter,https://www.evenementielpourtous.com/location-de-salle/location-de-salle-de-mariage/ile-de-france/val-d-oise,scraped,200
L’Espace culturel & associatif,,91,no,lesmolieres.fr,"adresse précise, contact, prix, capacité",Confirmer adresse précise; Confirmer contact; Confirmer prix; Confirmer capacité,,,,,https://www.lesmolieres.fr/lespace-culturel-associatif-guy-jean-baptiste-target/,scraped,200
Associations des Molières,,91,no,lesmolieres.fr,"prix, capacité",Confirmer prix; Confirmer capacité,lepanierdesindiens@gmail.com; lesamis.eglisedesmolieres@yahoo.com; assoartsetphotos@gmail.com; sportsetloisirsdesmolieres@gmail.com; upi.les.molieres@gmail.com; 06 82 26 37 65; 01 60 12 12 10; 01 60 12 22 21; 01 60 12 15 47; 01 60 12 10 98,,,1 place de la Mairie Président : M Jeannik MARCAULT,https://www.lesmolieres.fr/associations-des-molieres/,scraped,200
Voir profil,,95,no,evenementielpourtous.com,prix,Confirmer prix,info@evenementielpourtous.com; 0424 46 46 43; 042969 10.99; 031984 15.87; 021484 20.75; 016184 23.20,,100m2; 26m2,50 Av. des Caillols 13012 Marseille E-mail : info@evenementielpourtous.com ACCES PRO Se connecter,https://www.evenementielpourtous.com/covent-garden-studios-16777,scraped,200
Voir profil,,95,no,evenementielpourtous.com,"prix, capacité",Confirmer prix; Confirmer capacité,info@evenementielpourtous.com; 0424 46 46 43; 042969 10.99; 031984 15.87; 021484 20.75; 016184 23.20,,,50 Av. des Caillols 13012 Marseille E-mail : info@evenementielpourtous.com ACCES PRO Se connecter,https://www.evenementielpourtous.com/les-salles-du-bord-de-l-oise-940,scraped,200
Voir profil,,95,no,evenementielpourtous.com,"prix, capacité",Confirmer prix; Confirmer capacité,info@evenementielpourtous.com; 0424 46 46 43; 042969 10.99; 031984 15.87; 021484 20.75; 016184 23.20,,,50 Av. des Caillols 13012 Marseille E-mail : info@evenementielpourtous.com ACCES PRO Se connecter,https://www.evenementielpourtous.com/l-espace-lumiere-136205,scraped,200
Guide d’accès,,95,no,espace-jules-cesar.fr,"adresse précise, contact, prix, capacité",Confirmer adresse précise; Confirmer contact; Confirmer prix; Confirmer capacité,,,,,https://espace-jules-cesar.fr/wp-content/uploads/2026/03/Guide-pratique-Ou-trouver-lEspace-Jules-Cesar.pdf,scraped,200
Nos salles de soirée entreprise en France,Châtillon,92,yes,funbooker.com,"adresse précise, contact, capacité",Confirmer adresse précise; Confirmer contact; Confirmer capacité,,83 € / personne; 83 €; 50 € / personne; 50 €,,,https://www.funbooker.com/fr/category/soiree-entreprise,scraped,200
Cristal 91,,91,yes,abcsalles.com,"adresse précise, contact, prix, capacité",Confirmer adresse précise; Confirmer contact; Confirmer prix; Confirmer capacité,,,,,https://www.abcsalles.com/lieu/cristal-91,fetch_failed,
Palais 91,,91,yes,abcsalles.com,"adresse précise, contact, prix, capacité",Confirmer adresse précise; Confirmer contact; Confirmer prix; Confirmer capacité,,,,,https://www.abcsalles.com/lieu/palais-91,fetch_failed,
Salles de réunion,Châtillon,92,yes,funbooker.com,"adresse précise, contact, capacité",Confirmer adresse précise; Confirmer contact; Confirmer capacité,,120 € / demi-journée; 120 €; 83 € / personne; 83 €,,,https://www.funbooker.com/fr/category/salles-de-reunion,scraped,200
Salles de formation,Châtillon,92,yes,funbooker.com,"adresse précise, contact",Confirmer adresse précise; Confirmer contact,,120 € / demi-journée; 120 €; 83 € / personne; 83 €,240 m2; 20 personnes; 300 m2; 100 m2,,https://www.funbooker.com/fr/category/salles-de-formation,scraped,200
salles pas chères dans le Val-d’Oise (95),,95,yes,privateaser.com,"adresse précise, contact, prix, capacité",Confirmer adresse précise; Confirmer contact; Confirmer prix; Confirmer capacité,,,,,https://www.privateaser.com/location-salle/top-salles-pas-cher-val-d-oise-95,fetch_failed,
Salle de réunion Paris,Châtillon,92,yes,funbooker.com,"adresse précise, contact",Confirmer adresse précise; Confirmer contact,,200 €; 300 € / demi-journée; 900 € / demi-journée; 80 € / personne,50 personnes; 105m²; 83m²; 115m²,,https://www.funbooker.com/fr/category/salles-de-reunion/paris,scraped,200
Formats de réunions,,95,no,espace-jules-cesar.fr,"adresse précise, prix",Confirmer adresse précise; Confirmer prix,w.lopes@valdoisecommunication.fr; +33184244218; 01 84 24 42 18,,8 personnes; 20 personnes; 30 personnes,,https://espace-jules-cesar.fr/category/formats-de-reunions/,scraped,200
Blog,,95,no,espace-jules-cesar.fr,adresse précise,Confirmer adresse précise,+33184244218; 01 84 24 42 18,145 €; 245 €; 195 €; 345 €,8 personnes; 20 personnes; 30 personnes; 25m²,,https://espace-jules-cesar.fr/blog/,scraped,200
Options et services complémentaires,,95,yes,espace-jules-cesar.fr,adresse précise,Confirmer adresse précise,+33184244218; 01 84 24 42 18,145 €; 245 €; 195 €; 345 €,8 personnes; 20 personnes; 30 personnes; 25m²,,https://espace-jules-cesar.fr/options-services-location-salle-osny/,scraped,200
Réservation,,95,no,espace-jules-cesar.fr,adresse précise,Confirmer adresse précise,+33184244218; 01 84 24 42 18,145€; 245€ journée; 195€; 345€ journée,8 personnes; 20 personnes; 30 personnes; 25m²,,https://espace-jules-cesar.fr/reservation/,scraped,200
Salle 10-20 personnes,,95,yes,espace-jules-cesar.fr,adresse précise,Confirmer adresse précise,+33184244218; 01 84 24 42 18,à partir de 145 €; 245 €; 245€; 145€,20 personnes; 8 personnes; 30 personnes; 25m²,,https://espace-jules-cesar.fr/location-de-salle-de-reunion-20-personnes-a-cergy-pontoise/,scraped,200
Où manger autour d’Espace Jules César ?,,95,no,espace-jules-cesar.fr,adresse précise,Confirmer adresse précise,+33184244218; 01 84 24 42 18,145 €; 245 €; 195 €; 345 €,8 personnes; 20 personnes; 30 personnes; 25m²,,https://espace-jules-cesar.fr/ou-manger-autour-despace-jules-cesar-osny/,scraped,200
Location de salles,Châtillon,92,yes,chatillon-en-vendelais.fr,prix,Confirmer prix,accueil.mairie@chatillon-en-vendelais.fr; 02.99.76.06.22,,250 places; 299 places; 80 personnes,3 place de l'église 35210 Châtillon-en-Vendelais Tarifs : Voir les disponibilités var indisponibil,https://www.chatillon-en-vendelais.fr/equipements/,scraped,200
Étude d’aménagement du centre-bourg,Châtillon,92,yes,chatillon-en-vendelais.fr,capacité,Confirmer capacité,accueil.mairie@chatillon-en-vendelais.fr; 02 99 76 06 22,50 €; 05 €; 00 €; 95 €,,3 Place de l'Église 35210 Châtillon-en-Vendelais 02 99 76 06 22 accueil.mairie@chatillon-en-vendel,https://www.chatillon-en-vendelais.fr/etude-revitalisation-du-centre-bourg/,scraped,200
Bureau individuel,,95,no,espace-jules-cesar.fr,adresse précise,Confirmer adresse précise,+33184244218; 01 84 24 42 18,à partir de 60 €; 860 € par mois; 140€; 860€,25m²; 8 personnes; 20 personnes; 30 personnes,,https://espace-jules-cesar.fr/location-bureau-privatif-25m2-cergy-pontoise/,scraped,200
Espace jeunes,Châtillon,92,yes,chatillon-en-vendelais.fr,"prix, capacité",Confirmer prix; Confirmer capacité,enfjeune@chatillon-en-vendelais.fr; accueil.mairie@chatillon-en-vendelais.fr; 02.99.76.06.22; 06.42.79.20.78; 02 99 76 06 22,,,2 rue de la gare 35210 Châtillon-en-Vendelais Contact : 02.99.76.06.22 et 06.42.79.20.78 enfjeun,https://www.chatillon-en-vendelais.fr/espace-jeunes/,scraped,200
Salle 2-8 personnes,,95,yes,espace-jules-cesar.fr,adresse précise,Confirmer adresse précise,+33184244218; 01 84 24 42 18,à partir de 60 €; 860 € par mois; 80€; 140€,8 personnes; 20 personnes; 30 personnes; 25m2,,https://espace-jules-cesar.fr/location-salle-reunion-2-8-personnes-cergy-pontoise/,scraped,200
Salle 20-30 personnes,,95,yes,espace-jules-cesar.fr,adresse précise,Confirmer adresse précise,+33184244218; 01 84 24 42 18,à partir de 195 €; 345 €; 345€; 195€,30 personnes; 8 personnes; 20 personnes; 25 m²,,https://espace-jules-cesar.fr/location-de-salle-de-reunion-30-personnes-a-cergy-pontoise/,scraped,200
Répertoire des associations,Châtillon,92,yes,chatillon-en-vendelais.fr,"prix, capacité",Confirmer prix; Confirmer capacité,accueil.mairie@chatillon-en-vendelais.fr; 02 99 76 06 22,,,3 Place de l'Église 35210 Châtillon-en-Vendelais 02 99 76 06 22 accueil.mairie@chatillon-en-vendel,https://www.chatillon-en-vendelais.fr/sports-culture-loisirs/repertoire-des-associations/,scraped,200
Associations sportives,Châtillon,92,yes,chatillon-en-vendelais.fr,"adresse précise, prix, capacité",Confirmer adresse précise; Confirmer prix; Confirmer capacité,acvp.secretariat@gmail.com; associationchatillondanse@gmail.com; houlaaamob@gmail.com; dojovitreen@gmail.com; 06.10.03.76.03; 06 52 53 56 33; 07 50 45 91 40; 06.70.34.54.04,,,,https://www.chatillon-en-vendelais.fr/annuaire/associations-sportives/,scraped,200
"Associations culturelles, loisirs et autres",Châtillon,92,yes,chatillon-en-vendelais.fr,"prix, capacité",Confirmer prix; Confirmer capacité,travers.jean-paul@hotmail.fr; philippe.gougeon@wanadoo.fr; pannetier.agnes@wanadoo.fr; chatillonloisirs@gmail.com; 06 28 28 06 18; 02.99.76.16.50; 02.99.76.10.11; 02.99.76.09.19; 06.38.51.57.35,,,14 place de l'église Contacts : 02.99.76.16.50 philippe.gougeon@wanadoo.fr En savoir plus Associati,https://www.chatillon-en-vendelais.fr/annuaire/associations-culturelles-et-loisirs/,scraped,200
Associations citoyennes,Châtillon,92,yes,chatillon-en-vendelais.fr,"prix, capacité",Confirmer prix; Confirmer capacité,contact@leharaultdanslevent.fr; gi.jy.brault@orange.fr; 02 99 76 00 46,,,3 place de l'église 35210 Châtillon-en-Vendelais Contacts : 02 99 76 00 46 contact@leharaultdansle,https://www.chatillon-en-vendelais.fr/annuaire/associations-citoyennes/,scraped,200
CGR Torcy - Marne-la-Vallée,,94,yes,abcsalles.com,"adresse précise, contact, prix, capacité",Confirmer adresse précise; Confirmer contact; Confirmer prix; Confirmer capacité,,,,,https://www.abcsalles.com/lieu/cinema-cgr-torcy-marne-la-vallee,fetch_failed,
Loft Privé,Cachan,94,yes,abcsalles.com,adresse précise,Confirmer adresse précise,+33684075700; 0877236732; 0973600000,Dès 550 €; à partir de 550€; à partir de 1100€; à partir de 800€,150 m²; 50 pers; 75 personnes; 30 m²,,https://www.abcsalles.com/lieu/le-loft-prive,scraped,200
Les espaces publics,Bagneux,92,no,bagneux92.fr,"adresse précise, prix",Confirmer adresse précise; Confirmer prix,01 42 31 60 00; 01 45 47 62 00,,000 m2,,https://www.bagneux92.fr/351/ma-mairie/les-dossiers-de-bm/les-espaces-publics.htm,scraped,200
Le Grand Dôme,Châtillon,92,yes,abcsalles.com,contact,Confirmer contact,,000 €; À partir de 140 €; 140 €,8000 pers; 800 places; 3600 m²; 6400 personnes,1 rue du Grand Dôme 91140 Villebon-sur-Yvette Voir le plan Accès en voiture Accès via A6,https://www.abcsalles.com/lieu/grand-dome,scraped,200
Espace seniors,Bagneux,92,no,bagneux92.fr,capacité,Confirmer capacité,01 45 47 62 00; 01 42 31 62 12; 01 42 31 60 14; 01 42 31 60 00,650 €; 800 €; 25 € par; 2 €,,57 avenue Henri-Ravera 92220 Bagneux 01 42 31 60 00 Contacter par e-mail Lundi,https://www.bagneux92.fr/140/a-tout-age/senior/espace-seniors.htm,scraped,200
5ème arr. 250 Le Philanthro-Lab à partir de 6 750 € HT,Montrouge,92,yes,snapevent.fr,adresse précise,Confirmer adresse précise,f4e08f692823454b83bbb2fa18b79741@sentry.io; 01 76 42 02 10,750 €; 200 €; 150 €; 500 €,372m2; 66m2; 250 personnes; 150 personnes,,https://www.snapevent.fr/location-de-salle/paris/philanthro-lab-3659,scraped,200
18ème arr. 350 Le Hasard Ludique à partir de 3 000 € HT,Montrouge,92,yes,snapevent.fr,adresse précise,Confirmer adresse précise,f4e08f692823454b83bbb2fa18b79741@sentry.io; 01 76 42 02 10,000 €; 104 €; 119 €; 750 €,280m2; 300m2; 350 personnes; 90 personnes,,https://www.snapevent.fr/location-de-salle/paris/hasard-ludique-3294,scraped,200
"7ème arr. 200 Hôtel de Poulpry, Maison des Polytechniciens à partir de 7 000 € HT",Montrouge,92,yes,snapevent.fr,adresse précise,Confirmer adresse précise,f4e08f692823454b83bbb2fa18b79741@sentry.io; 01 76 42 02 10,000 €; 140 €; 155 €; 750 €,719m2; 100m2; 200 personnes; 170 personnes,,https://www.snapevent.fr/location-de-salle/paris/hotel-poulpry-maison-polytechniciens-1964,scraped,200
Événement Lyon,Montrouge,92,yes,snapevent.fr,"adresse précise, prix, capacité",Confirmer adresse précise; Confirmer prix; Confirmer capacité,f4e08f692823454b83bbb2fa18b79741@sentry.io; 01 76 42 02 10,,,,https://www.snapevent.fr/location-de-salle/lyon,scraped,200
le studio,Montrouge,92,no,studiolenvol.com,prix,Confirmer prix,contact@studiolenvol.com; +33 6 63 70 30 15; 06 63 70 30 15,,65 m²; 65m²; 20 personnes; 35m²,"34 rue de la Montagne Sainte-Geneviève""",https://www.studiolenvol.com/studio-paris.html,scraped,200
accueil,Montrouge,92,no,studiolenvol.com,prix,Confirmer prix,contact@studiolenvol.com; +33 6 63 70 30 15; 06 63 70 30 15,,35 m²; 65m²,"34 rue de la Montagne Sainte-Geneviève""",https://www.studiolenvol.com/index.html,scraped,200
cours,Montrouge,92,no,studiolenvol.com,"prix, capacité",Confirmer prix; Confirmer capacité,contact@studiolenvol.com; +33 6 63 70 30 15; 06 63 70 30 15,,,"34 rue de la Montagne Sainte-Geneviève""",https://www.studiolenvol.com/cours-danse.html,scraped,200
stages,Montrouge,92,no,studiolenvol.com,capacité,Confirmer capacité,classique@lib-arte.fr; +33663703015; 06 63 70 30 15,45 €; 80 €; 55 €; 95 €,,"34 rue de la Montagne Sainte-Geneviève""",https://www.studiolenvol.com/stages-danse-classique-paris.html,scraped,200
Aupra Dance - La Salle Fred Astaire,Bagneux,92,yes,privateaser.com,"adresse précise, contact, prix, capacité",Confirmer adresse précise; Confirmer contact; Confirmer prix; Confirmer capacité,,,,,https://www.privateaser.com/lieu/5324-aupra-dance-salle-fred-astaire,fetch_failed,
Obtenir un devis,Bagneux,92,yes,privateaser.com,"adresse précise, contact, prix, capacité",Confirmer adresse précise; Confirmer contact; Confirmer prix; Confirmer capacité,,,,,https://www.privateaser.com/lieu/5323-aupra-dance-salle-gene-kelly,fetch_failed,
06 63 70 30 15,Montrouge,92,no,studiolenvol.com,"adresse précise, contact, prix, capacité",Confirmer adresse précise; Confirmer contact; Confirmer prix; Confirmer capacité,,,,,https://www.studiolenvol.com/img/ballons-coeur.jpg,scraped,200
Cours de gym respiratoire,Montrouge,92,no,studiolenvol.com,"prix, capacité",Confirmer prix; Confirmer capacité,contact@studiolenvol.com; +33 6 63 70 30 15; 06 70 44 44 43; 06 63 70 30 15,,,"34 rue de la Montagne Sainte-Geneviève""",https://www.studiolenvol.com/cours-gymnastique-respiratoire-paris.html,scraped,200
Cours de K-Pop,Montrouge,92,no,studiolenvol.com,"prix, capacité",Confirmer prix; Confirmer capacité,contact@studiolenvol.com; +33 6 63 70 30 15; 06 63 70 30 15,,,"34 rue de la Montagne Sainte-Geneviève""",https://www.studiolenvol.com/cours-kpop-paris.html,scraped,200
Cours de danse classique,Montrouge,92,no,studiolenvol.com,capacité,Confirmer capacité,contact@studiolenvol.com; classique@lib-arte.fr; +33 6 63 70 30 15; 06 63 70 30 15,12 €; 15 €; 50 €; 120 €,,"34 rue de la Montagne Sainte-Geneviève""",https://www.studiolenvol.com/cours-danse-classique-paris.html,scraped,200
Utilisez notre formulaire Google pour faire une demande de réservation de studio,Montrouge,92,no,forms.gle,"adresse précise, contact, prix",Confirmer adresse précise; Confirmer contact; Confirmer prix,,,65m²; 35m²,,https://forms.gle/DPHZkEb1M4uo5Xb48,scraped,200
"L'Île-de-France, destination première pour les séminaristes et congressistes",Châtillon,92,yes,abcsalles.com,"adresse précise, contact",Confirmer adresse précise; Confirmer contact,,2 €; 4 € par personne; 5 €; 12 €,000 m²,,https://www.abcsalles.com/mag/actualite/ile-france-destination-premiere-seminaristes-congressistes,scraped,200
INSCRIPTION,Montrouge,92,no,association-rds.com,"adresse précise, contact, prix, capacité",Confirmer adresse précise; Confirmer contact; Confirmer prix; Confirmer capacité,,,,,https://www.association-rds.com/inscriptions.php,scraped,200
CONTACT,Montrouge,92,no,association-rds.com,"adresse précise, prix, capacité",Confirmer adresse précise; Confirmer prix; Confirmer capacité,rdanses@gmail.com; ciyadanse@live.fr; association-rds@live.fr; 333holi-therapie@gmail.com; labeltango@laposte.net; 06 65 06 76 45; 06 09 20 63 87; 06 02 53 41 23; 06 24 15 66 29; 06 07 53 85 15,,,,https://www.association-rds.com/contact.php,scraped,200
Actualités,Montrouge,92,no,association-rds.com,"adresse précise, contact, prix, capacité",Confirmer adresse précise; Confirmer contact; Confirmer prix; Confirmer capacité,,,,,https://www.association-rds.com/actualites.php,scraped,200
Présentation,Montrouge,92,no,association-rds.com,"contact, prix, capacité",Confirmer contact; Confirmer prix; Confirmer capacité,,,,20 avenue Emile Boutroux,https://www.association-rds.com/presentation.php,scraped,200
Eveil danse,Montrouge,92,no,association-rds.com,"adresse précise, capacité",Confirmer adresse précise; Confirmer capacité,rdanses@gmail.com; 06.65.06.76.45,40 €,,,https://www.association-rds.com/eveil-danse.php,scraped,200
Cours enfants,Montrouge,92,no,association-rds.com,"adresse précise, contact, prix, capacité",Confirmer adresse précise; Confirmer contact; Confirmer prix; Confirmer capacité,,,,,https://www.association-rds.com/cours-enfants.php,scraped,200
Planning,Montrouge,92,no,association-rds.com,"adresse précise, contact, prix, capacité",Confirmer adresse précise; Confirmer contact; Confirmer prix; Confirmer capacité,,,,,https://www.association-rds.com/planning-des-cours.php,scraped,200
Eveil artistique,Montrouge,92,no,association-rds.com,"adresse précise, capacité",Confirmer adresse précise; Confirmer capacité,rdanses@gmail.com; 06.65.06.76.45,40 €,,,https://www.association-rds.com/eveil-artistique.php,scraped,200
Danse moderne contemporaine,Montrouge,92,no,association-rds.com,"adresse précise, capacité",Confirmer adresse précise; Confirmer capacité,rdanses@gmail.com; 06.65.06.76.45,40 €; 5 €; 15 €,,,https://www.association-rds.com/danse-contemporaine.php,scraped,200
Danse orientale,Montrouge,92,no,association-rds.com,"adresse précise, capacité",Confirmer adresse précise; Confirmer capacité,ciyadanse@live.fr; 06 09 20 63 87,370 €; 40 €; 465 €; 15 €,,,https://www.association-rds.com/danse-orientale.php,scraped,200
Accueil,Montrouge,92,no,association-rds.com,"adresse précise, contact, prix, capacité",Confirmer adresse précise; Confirmer contact; Confirmer prix; Confirmer capacité,,,,,https://www.association-rds.com/index.php,scraped,200
PLAN D'ACCES,Montrouge,92,no,association-rds.com,"contact, prix, capacité",Confirmer contact; Confirmer prix; Confirmer capacité,,,,"20 avenue Emile Boutroux 92120 Montrouge . Métro : Ligne 4 arrêt ""Mairie de Montrouge"" - Sortie Beff",https://www.association-rds.com/plan-d-acces.php,scraped,200
On en parle,Châtillon,92,yes,abcsalles.com,"contact, capacité",Confirmer contact; Confirmer capacité,,2 €; 4 € par personne; 5 €; 12 €,,"18 Rue Marbeuf""",https://www.abcsalles.com/mag/actualite/on-en-parle,scraped,200
Centres de santé,Arcueil,94,no,arcueil.fr,"prix, capacité",Confirmer prix; Confirmer capacité,01 46 15 08 09; 01 46 15 08 80,,,13 avenue du Chaperon Vert 94110 Arcueil 01 46 15 08 09 Site internet Contact Centre Maï Politzer 3,https://www.arcueil.fr/la-ville/nos-politiques-publiques/solidarite/sante/centres-de-sante/,scraped,200
Associations sportives,Arcueil,94,yes,arcueil.fr,"prix, capacité",Confirmer prix; Confirmer capacité,01 45 47 83 16; 09 53 55 56 86; 01 45 47 11 58; 0665337689; 0759598672,,,15 Rue Emile Raspail,https://www.arcueil.fr/demarches-et-services/associations/annuaire-des-associations/?f=1&categorie=associations&sous-categorie=sports-et-loisirs&sous-categorie-2=&recherche=,scraped,200
Espace 10-13,Arcueil,94,no,arcueil.fr,"prix, capacité",Confirmer prix; Confirmer capacité,01 46 65 21 39; 01 46 15 08 80,,,16 rue du Colonel Fabien 94110 Arcueil 01 46 65 21 39 Ce contenu vous a-t-il été utile ? Oui Non,https://www.arcueil.fr/demarches-et-services/familles-et-education/enfance-et-scolarite/espace-10-13/,scraped,200
Salle Le Mas,,95,yes,bastide95.com,"adresse précise, contact, prix, capacité",Confirmer adresse précise; Confirmer contact; Confirmer prix; Confirmer capacité,,,,,https://www.bastide95.com/location-salle-le-mas/,fetch_failed,
Salle La Villa,,95,yes,bastide95.com,"adresse précise, contact, prix, capacité",Confirmer adresse précise; Confirmer contact; Confirmer prix; Confirmer capacité,,,,,https://www.bastide95.com/location-salle-val-d-oise-la-villa/,fetch_failed,
MARIAGE,,95,no,bastide95.com,"adresse précise, contact, prix, capacité",Confirmer adresse précise; Confirmer contact; Confirmer prix; Confirmer capacité,,,,,https://www.bastide95.com/salle-de-mariage-95/,fetch_failed,
événement privé,,95,yes,bastide95.com,"adresse précise, contact, prix, capacité",Confirmer adresse précise; Confirmer contact; Confirmer prix; Confirmer capacité,,,,,https://www.bastide95.com/location-de-salle-paris-evenements-prives/,fetch_failed,
Centre Maï Politzer,Arcueil,94,no,arcueil.fr,"prix, capacité",Confirmer prix; Confirmer capacité,01 46 15 08 09; 01 46 15 08 80,,,3 rue du 8 mai 1945 dans les anciens locaux du centre municipal de santé,https://www.arcueil.fr/demarches-et-services/solidarite-et-sante/sante/centre-mai-politzer/,scraped,200
Centre-Sud-Est,Villejuif,94,no,villejuif.fr,"adresse précise, prix, capacité",Confirmer adresse précise; Confirmer prix; Confirmer capacité,01 45 59 20 00,,,,https://www.villejuif.fr/decouvrir-villejuif/vie-de-quartier/centre-sud-est,scraped,200
Centres de protection maternelle et infantile,Arcueil,94,no,arcueil.fr,"prix, capacité",Confirmer prix; Confirmer capacité,01 56 71 41 48; 01 56 71 41 67; 01 56 71 41 66; 01 46 15 08 80,,,5 rue Berthollet,https://www.arcueil.fr/demarches-et-services/solidarite-et-sante/sante/centres-de-protection-maternelle-et-infantile/,scraped,200
Maîtrise de la population animale sur l’espace public,Arcueil,94,no,arcueil.fr,"prix, capacité",Confirmer prix; Confirmer capacité,01 71 56 03 67; 06 08 43 86 95; 01 46 15 08 80,,,42 rue Cauchy 94110 Arcueil 01 71 56 03 67 Ce contenu vous a-t-il été utile ? Oui Non Pied de pag,https://www.arcueil.fr/demarches-et-services/solidarite-et-sante/hygiene/maitrise-de-la-population-animale-sur-lespace-public/,scraped,200
La page dédié au bénévolat associatif à Villejuif,Villejuif,94,yes,villejuif.fr,"prix, capacité",Confirmer prix; Confirmer capacité,vie-associative@villejuif.fr; 01 53 42 31 33; 06 26 26 35 41; 06 47 61 80 45; 01 42 11 07 95; 06 65 03 19 86,,,17 place Maurice Thorez – Villejuif à 10 minutes à pied du métro L.7 – arrêt Paul Vaillant Couturie,https://www.villejuif.fr/associations/recherche-de-benevoles,scraped,200
"Formulaire de reservation de salles ponctuelle pour les associations (PDF, 144 ko)",Villejuif,94,no,villejuif.fr,"adresse précise, prix, capacité",Confirmer adresse précise; Confirmer prix; Confirmer capacité,0 129 000000; 010011 0000; 010277 0000; 010447 0000; 010688 0000,,,,https://www.villejuif.fr/fileadmin/mediatheque/villejuif/Surheader/Associations/Demande-salle-associations-2026.pdf,scraped,200
"Formulaire de reservation de salles ponctuelle pour les partis politiques (PDF, 143 ko)",Villejuif,94,no,villejuif.fr,"adresse précise, prix, capacité",Confirmer adresse précise; Confirmer prix; Confirmer capacité,0 133 000000; 010107 0000; 010276 0000; 010413 0000; 010443 0000,,,,https://www.villejuif.fr/fileadmin/mediatheque/villejuif/Surheader/Associations/Demande-salle-parti-politique-2026.pdf,scraped,200
Annuaire des associations,Villejuif,94,yes,villejuif.fr,"adresse précise, prix, capacité",Confirmer adresse précise; Confirmer prix; Confirmer capacité,01 45 59 20 00,,,,https://www.villejuif.fr/toutes-les-associations,scraped,200
Centre de santé Marcel Trigon,Arcueil,94,no,arcueil.fr,"prix, capacité",Confirmer prix; Confirmer capacité,01 46 15 08 09; 0800 08 11 11; 01 46 15 08 80,,,13 avenue du Chaperon-Vert,https://www.arcueil.fr/demarches-et-services/solidarite-et-sante/sante/centre-municipal-et-universitaire-de-sante-marcel-trigon/,scraped,200
service des associations,Villejuif,94,no,villejuif.fr,"prix, capacité",Confirmer prix; Confirmer capacité,01 86 93 31 40; 01 45 59 20 00,,,6 rue Georges Lebigot,https://www.villejuif.fr/tous-les-services/service-de-la-vie-associative,scraped,200
Espace Formations Paris-Villejuif,Villejuif,94,no,fr.mappy.com,"prix, capacité",Confirmer prix; Confirmer capacité,espace-paris-villejuif@orange.fr; 0760041640; 02 47 61 66 44; 0760058640; 01 49 58 30 00; 0260609160,,,100 av Stalingrad,https://fr.mappy.com/poi/63e0c848692e9b6d11b7334e,scraped,200
"2026_-_BILAN_DE_SUBVENTION_-_AIDE_AU_PROJET_2025.pdf (PDF, 881 ko)",Villejuif,94,no,villejuif.fr,"adresse précise, prix, capacité",Confirmer adresse précise; Confirmer prix; Confirmer capacité,K@48G9-.BYBGNPTUT; 0 542 94 94 45; 06 1005 1005; 06 1006 1006; 06 1009 1009; 0 456 21 21 45,,,,https://www.villejuif.fr/fileadmin/mediatheque/villejuif/Surheader/Associations/2026_-_BILAN_DE_SUBVENTION_-_AIDE_AU_PROJET_2025.pdf,scraped,200
"Réclamation, intervention espaces verts",Arcueil,94,no,arcueil.fr,"prix, capacité",Confirmer prix; Confirmer capacité,chosen-sprite@2x.png; 01 46 15 08 80,,,42 rue Cauchy BP 80037 94110 Arcueil Nous contacter 01 46 15 08 80 Horaires d'ouverture Lundi : d,https://www.arcueil.fr/demarches-et-services/espaces-verts-et-nature-en-ville/reclamation-intervention/,scraped,200
"2026_-_DEMANDE_DE_SUBVENTION_-_AIDE_AUX_PROJETS.pdf (PDF, 1,04 mo)",Villejuif,94,no,villejuif.fr,"adresse précise, prix, capacité",Confirmer adresse précise; Confirmer prix; Confirmer capacité,K@48G9-.BYBGNPTUT,,,,https://www.villejuif.fr/fileadmin/mediatheque/villejuif/Surheader/Associations/2026_-_DEMANDE_DE_SUBVENTION_-_AIDE_AUX_PROJETS.pdf,scraped,200
Espaces verts,Arcueil,94,no,arcueil.fr,"prix, capacité",Confirmer prix; Confirmer capacité,01 46 15 08 80,,,58 avenue François-Vincent Raspail) et Gentilly. C’est un véritable poumon vert au cœur de la ville,https://www.arcueil.fr/demarches-et-services/espaces-verts-et-nature-en-ville/parcs-et-jardins/,scraped,200
Location de salles autour de moi,Villejuif,94,yes,fr.mappy.com,"prix, capacité",Confirmer prix; Confirmer capacité,0830059273; 0610029069; 0560018964; 0990015899; 0690006935,,,1 Rue D'aiguillon,https://fr.mappy.com/activite/location-de-salles,scraped,200
Le Kremlin-Bicêtre,Le Kremlin-Bicêtre,94,yes,privateaser.com,"adresse précise, contact, prix, capacité",Confirmer adresse précise; Confirmer contact; Confirmer prix; Confirmer capacité,,,,,https://www.privateaser.com/location-salle/top-salles-le-kremlin-bicetre-94270,fetch_failed,
"2026_Demande_de_subvention_-_Fonctionnement.pdf (PDF, 760 ko)",Villejuif,94,no,villejuif.fr,"adresse précise, prix, capacité",Confirmer adresse précise; Confirmer prix; Confirmer capacité,K@48G9-.BYBGNPTUT; 0 157 11 11 27; 0 456 21 21 45; 0 546 41 41 50; 0 638 51 51 54; 0 546 68 68 45,,,,https://www.villejuif.fr/fileadmin/mediatheque/villejuif/Surheader/Associations/2026_Demande_de_subvention_-_Fonctionnement.pdf,scraped,200
Salles pour soirée d'entreprise à Paris,Le Kremlin-Bicêtre,94,yes,privateaser.com,"adresse précise, contact, prix, capacité",Confirmer adresse précise; Confirmer contact; Confirmer prix; Confirmer capacité,,,,,https://www.privateaser.com/soiree-entreprise/top-salles-soiree-entreprise-paris,fetch_failed,
Salles de conférence à louer à Paris,Le Kremlin-Bicêtre,94,yes,privateaser.com,"adresse précise, contact, prix, capacité",Confirmer adresse précise; Confirmer contact; Confirmer prix; Confirmer capacité,,,,,https://www.privateaser.com/conference/top-salles-conference-paris,fetch_failed,
Louez votre Salle pas Cher à Paris,Le Kremlin-Bicêtre,94,yes,privateaser.com,"adresse précise, contact, prix, capacité",Confirmer adresse précise; Confirmer contact; Confirmer prix; Confirmer capacité,,,,,https://www.privateaser.com/location-salle/top-salles-pas-cher-paris,fetch_failed,
Où louer une salle à Paris ? Notre sélection des meilleures adresses testées pour vous,Le Kremlin-Bicêtre,94,yes,privateaser.com,"adresse précise, contact, prix, capacité",Confirmer adresse précise; Confirmer contact; Confirmer prix; Confirmer capacité,,,,,https://www.privateaser.com/location-salle/top-salles-a-louer-paris,fetch_failed,
Top Salle avec cocktail dinatoire à Paris,Le Kremlin-Bicêtre,94,yes,privateaser.com,"adresse précise, contact, prix, capacité",Confirmer adresse précise; Confirmer contact; Confirmer prix; Confirmer capacité,,,,,https://www.privateaser.com/soiree-entreprise/top-salles-cocktail-dinatoire-paris,fetch_failed,
Presse,Villejuif,94,no,blog.mappy.com,"adresse précise, prix, capacité",Confirmer adresse précise; Confirmer prix; Confirmer capacité,comm@mappy.com; contact@mappy.com,,,,https://blog.mappy.com/categorie/espace-presse/,scraped,200
Centres de vacances,Malakoff,92,no,malakoff.fr,"prix, capacité",Confirmer prix; Confirmer capacité,mon.email@domaine.fr; 01 47 46 75 00,,,1 place du 11 Novembre 1918 CS 80031 - 92240 Malakoff Tél : 01 47 46 75 00 Nous contacter par mail,https://www.malakoff.fr/31/grandir/centres-de-vacances.htm,scraped,200
Maisons de quartier,Malakoff,92,no,malakoff.fr,"prix, capacité",Confirmer prix; Confirmer capacité,mon.email@domaine.fr; 01 47 46 75 00,,,1 place du 11 Novembre 1918 CS 80031 - 92240 Malakoff Tél : 01 47 46 75 00 Nous contacter par mail,https://www.malakoff.fr/93/cadre-de-vie/les-maisons-de-quartier-et-l-espace-de-vie-sociale.htm,scraped,200
Association,Malakoff,92,no,malakoff.fr,"prix, capacité",Confirmer prix; Confirmer capacité,mon.email@domaine.fr; 01 55 48 06 30; 01 47 46 75 00,,,26 rue Victor-Hugo Téléphone : 01 55 48 06 30 Contacter par mail Les rendez-vous incontournables,https://www.malakoff.fr/333/association.htm,scraped,200
"Espace public, voirie",Malakoff,92,no,malakoff.fr,"prix, capacité",Confirmer prix; Confirmer capacité,mon.email@domaine.fr; 01 47 46 76 00; 01 47 46 75 00,,,51 boulevard de Stalingrad à Malakoff. Le signataire de la demande ne pourra en aucun cas se retourner,https://www.malakoff.fr/417/cadre-de-vie/espace-public-voirie.htm,scraped,200
Voir le site internet,Malakoff,92,yes,malakoff.fr,"adresse précise, contact, prix, capacité",Confirmer adresse précise; Confirmer contact; Confirmer prix; Confirmer capacité,,,,,https://www.malakoff.fr/fr/vie-pratique/location-de-salles.html,fetch_failed,
Espaces verts,Malakoff,92,no,malakoff.fr,"prix, capacité",Confirmer prix; Confirmer capacité,mon.email@domaine.fr; 01 47 46 75 00,,,51 boulevard Gabriel-Péri en lieu et place du square Corsico. Elle abrite deux moutons,https://www.malakoff.fr/43/cadre-de-vie/espaces-verts-a-malakoff.htm,scraped,200
Associations,Malakoff,92,no,malakoff.fr,"prix, capacité",Confirmer prix; Confirmer capacité,mon.email@domaine.fr; 01 47 35 91 17; 01 45 86 58 88; 06 15 47 72 80; 01 47 46 75 00,,,124 boulevard de Camélinat Téléphone : 01 47 35 91 17 Contacter par mail Voir le site internet Santé et,https://www.malakoff.fr/358/vie-pratique/handicap/associations-liees-au-handicap.htm,scraped,200
Centres municipaux de santé,Malakoff,92,no,malakoff.fr,"prix, capacité",Confirmer prix; Confirmer capacité,mon.email@domaine.fr; 01 41 17 43 50; 01 46 44 07 38; 01 41 17 43 52; 01 41 17 43 54; 01 46 44 44 77,,,74 avenue Pierre-Larousse 92240 Malakoff TÉLÉPHONE : 01 41 17 43 50 Voir le site internet Consulter,https://www.malakoff.fr/216/vie-pratique/sante/centres-municipaux-de-sante.htm,scraped,200
Accédez au formulaire en ligne,Malakoff,92,yes,malakoff.fr,"prix, capacité",Confirmer prix; Confirmer capacité,delegue_protection_donnees@ville-malakoff.fr; mon.email@domaine.fr; 01 47 46 75 00,,,1 place du 11 Novembre 1918 CS 80031 - 92240 Malakoff Tél : 01 47 46 75 00 Nous contacter par mail,https://www.malakoff.fr/433/vie-pratique/location-de-salle/formulaire-de-demande-de-location-de-salle.htm,scraped,200
Consulter la fiche détaillée,Malakoff,92,yes,malakoff.fr,"prix, capacité",Confirmer prix; Confirmer capacité,locationsalles@ville-malakoff.fr; mon.email@domaine.fr; 01 55 48 07 36; 01 47 46 75 00,,,28 rue Victor-Hugo téléphone(s) : 01 55 48 07 36 locationsalles@ville-malakoff.fr Voir le site in,https://www.malakoff.fr/114-2238/vie-pratique/annuaire-des-equipements-publics/ficheAnnu/location-de-salles.htm,scraped,200
Self-défense,Montrouge,92,no,dojo5.fr,"adresse précise, prix, capacité",Confirmer adresse précise; Confirmer prix; Confirmer capacité,postmaster@www.dojo5.fr,,,,https://www.dojo5.fr/self-defense/,scraped,200
Penchak Silat,Montrouge,92,no,dojo5.fr,"adresse précise, contact, prix, capacité",Confirmer adresse précise; Confirmer contact; Confirmer prix; Confirmer capacité,,,,,https://www.dojo5.fr/penchak-silat/,fetch_failed,
Le Loft du Cosmonaute Salle de réception à Ivry-Sur-Seine (Val-de-Marne) 2 salles 50-400 pers. Contacter,Le Kremlin-Bicêtre,94,yes,abcsalles.com,adresse précise,Confirmer adresse précise,07.64.02.88.05; +33764028805; +33160925216; 0281365923; 0865830000,À partir de 800 €; 500 €; À partir de 390 €; À partir de 120 €,400 m²; 400 pers; 200 personnes; 400 personnes,,https://www.abcsalles.com/lieu/le-loft-du-cosmonaute,scraped,200
Tarifs,Montrouge,92,no,dojo5.fr,"adresse précise, contact, prix, capacité",Confirmer adresse précise; Confirmer contact; Confirmer prix; Confirmer capacité,,,,,https://www.dojo5.fr/tarifs/,fetch_failed,
Réserver son cours d’essai,Montrouge,92,no,dojo5.fr,"adresse précise, contact, prix, capacité",Confirmer adresse précise; Confirmer contact; Confirmer prix; Confirmer capacité,,,,,https://www.dojo5.fr/reserver-un-cours-dessai/,fetch_failed,
Associations présentes,Montrouge,92,no,dojo5.fr,"adresse précise, contact, prix, capacité",Confirmer adresse précise; Confirmer contact; Confirmer prix; Confirmer capacité,,,,,https://www.dojo5.fr/associations/,fetch_failed,
Boxe Anglaise,Montrouge,92,no,dojo5.fr,"adresse précise, prix, capacité",Confirmer adresse précise; Confirmer prix; Confirmer capacité,postmaster@www.dojo5.fr,,,,https://www.dojo5.fr/boxe-anglaise/,scraped,200
L'Espace Clacquesin,Malakoff,92,yes,privateaser.com,"adresse précise, contact, prix, capacité",Confirmer adresse précise; Confirmer contact; Confirmer prix; Confirmer capacité,,,,,https://www.privateaser.com/lieu/2518-espace-clacquesin,fetch_failed,
Théâtre 14,Malakoff,92,yes,privateaser.com,"adresse précise, contact, prix, capacité",Confirmer adresse précise; Confirmer contact; Confirmer prix; Confirmer capacité,,,,,https://www.privateaser.com/lieu/39454-theatre-14,fetch_failed,
Histoire de la salle,Montrouge,92,no,dojo5.fr,"adresse précise, contact, prix, capacité",Confirmer adresse précise; Confirmer contact; Confirmer prix; Confirmer capacité,,,,,https://www.dojo5.fr/histoire/,fetch_failed,
Mécénat,Clamart,92,no,mjcslachatre.jimdofree.com,"adresse précise, contact, prix, capacité",Confirmer adresse précise; Confirmer contact; Confirmer prix; Confirmer capacité,,,,,https://mjcslachatre.jimdofree.com/mécénat/,fetch_failed,
Logo DOJO 5,Montrouge,92,no,dojo5.fr,"adresse précise, contact, prix, capacité",Confirmer adresse précise; Confirmer contact; Confirmer prix; Confirmer capacité,,,,,https://www.dojo5.fr/logo-dojo-5/,fetch_failed,
Réglement de Fonctionnement,Clamart,92,no,mjcslachatre.jimdofree.com,"adresse précise, contact, prix, capacité",Confirmer adresse précise; Confirmer contact; Confirmer prix; Confirmer capacité,,,,,https://mjcslachatre.jimdofree.com/vie-associative/réglement-de-fonctionnement/,fetch_failed,
Jiu-Jitsu Brésilien,Montrouge,92,no,dojo5.fr,"prix, capacité",Confirmer prix; Confirmer capacité,01 46 34 59 26,,,26 rue de Pontoise,https://www.dojo5.fr/ju-jitsu-bresilien/,scraped,200
Boxe Thaï,Montrouge,92,no,dojo5.fr,"prix, capacité",Confirmer prix; Confirmer capacité,01 46 34 59 26,,,26 rue de Pontoise,https://www.dojo5.fr/boxe-thai/,scraped,200
Activités,Clamart,92,no,mjcslachatre.jimdofree.com,"adresse précise, contact, prix, capacité",Confirmer adresse précise; Confirmer contact; Confirmer prix; Confirmer capacité,,,,,https://mjcslachatre.jimdofree.com/activités/,fetch_failed,
Karaté,Montrouge,92,no,dojo5.fr,"prix, capacité",Confirmer prix; Confirmer capacité,01 46 34 59 26,,,26 rue de Pontoise,https://www.dojo5.fr/karate/,scraped,200
Dessin Peinture,Clamart,92,no,mjcslachatre.jimdofree.com,"adresse précise, contact, prix, capacité",Confirmer adresse précise; Confirmer contact; Confirmer prix; Confirmer capacité,,,,,https://mjcslachatre.jimdofree.com/activités/pratiques-créatives/dessin-peinture/,fetch_failed,
Pratiques créatives,Clamart,92,no,mjcslachatre.jimdofree.com,"adresse précise, contact, prix, capacité",Confirmer adresse précise; Confirmer contact; Confirmer prix; Confirmer capacité,,,,,https://mjcslachatre.jimdofree.com/activités/pratiques-créatives/,fetch_failed,
Photo,Clamart,92,no,mjcslachatre.jimdofree.com,"adresse précise, contact, prix, capacité",Confirmer adresse précise; Confirmer contact; Confirmer prix; Confirmer capacité,,,,,https://mjcslachatre.jimdofree.com/activités/pratiques-créatives/photo/,fetch_failed,
Macramé,Clamart,92,no,mjcslachatre.jimdofree.com,"adresse précise, contact, prix, capacité",Confirmer adresse précise; Confirmer contact; Confirmer prix; Confirmer capacité,,,,,https://mjcslachatre.jimdofree.com/activités/pratiques-créatives/macramé/,fetch_failed,
Modelage,Clamart,92,no,mjcslachatre.jimdofree.com,"adresse précise, contact, prix, capacité",Confirmer adresse précise; Confirmer contact; Confirmer prix; Confirmer capacité,,,,,https://mjcslachatre.jimdofree.com/activités/pratiques-créatives/modelage/,fetch_failed,
Tricot,Clamart,92,no,mjcslachatre.jimdofree.com,"adresse précise, contact, prix, capacité",Confirmer adresse précise; Confirmer contact; Confirmer prix; Confirmer capacité,,,,,https://mjcslachatre.jimdofree.com/activités/pratiques-créatives/tricot/,fetch_failed,
Espace Congrès Les Esselières,Villejuif,94,yes,abcsalles.com,adresse précise,Confirmer adresse précise,01.49.58.30.46; +33149583046; 06.86.48.26.90; +33686482690; +33149583040,Dès 50 €; 00 € / pers; À partir de 60 €; À partir de 150 €,2330 m²; 1300 pers; 435 m²; 620 personnes,,https://www.abcsalles.com/lieu/les-esselieres,scraped,200
Statuts de l'association,Clamart,92,no,mjcslachatre.jimdofree.com,"prix, capacité",Confirmer prix; Confirmer capacité,02 54 48 08 23,,,16 rue Henri de Latouche 36400 La Châtre 🕿 : 02 54 48 08 23 — @ : [email protected] N° SIRET : 77,https://mjcslachatre.jimdofree.com/vie-associative/statuts-de-l-association/,scraped,200
Vie associative,Clamart,92,no,mjcslachatre.jimdofree.com,"prix, capacité",Confirmer prix; Confirmer capacité,02 54 48 08 23,,,16 rue Henri de Latouche 36400 La Châtre 🕿 : 02 54 48 08 23 — @ : [email protected] N° SIRET : 77,https://mjcslachatre.jimdofree.com/vie-associative/,scraped,200
Guide des associations & des activités,Bourg-la-Reine,92,yes,calameo.com,"adresse précise, contact, prix, capacité",Confirmer adresse précise; Confirmer contact; Confirmer prix; Confirmer capacité,,,,,https://www.calameo.com/read/0050327169da46167d03c,scraped,200
Des îlots de fraîcheur et des espaces végétalisés,Bourg-la-Reine,92,yes,bourg-la-reine.fr,"prix, capacité",Confirmer prix; Confirmer capacité,01 79 71 40 00,,,55 Boulevard du Maréchal Joffre / Avenue du Général-Leclerc,https://www.bourg-la-reine.fr/24865-profitez-de-nos-espaces-verts.htm,scraped,200
Annuaire en ligne des associations,Bourg-la-Reine,92,yes,portail-associations.3douest.com,"adresse précise, contact, prix, capacité",Confirmer adresse précise; Confirmer contact; Confirmer prix; Confirmer capacité,,,,,https://portail-associations.3douest.com/bourglareine/annuaire,scraped,200
Organigramme,Clamart,92,no,mjcslachatre.jimdofree.com,"prix, capacité",Confirmer prix; Confirmer capacité,02 54 48 08 23,,,16 rue Henri de Latouche 36400 La Châtre 🕿 : 02 54 48 08 23 — @ : [email protected] N° SIRET : 77,https://mjcslachatre.jimdofree.com/vie-associative/organigramme/,scraped,200
AFTCom Invest,Villejuif,94,yes,abcsalles.com,adresse précise,Confirmer adresse précise,01.77.37.77.88; +33177377788; +33785047517; 0368290546,Dès 150 €; Dès 399 €; Dès 799 €; Dès 499 €,48 m²; 50 pers; 50 places; 28 m²,,https://www.abcsalles.com/lieu/aftcom-invest,scraped,200
Maison des associations de la transition (MAT),Bourg-la-Reine,92,yes,bourg-la-reine.fr,capacité,Confirmer capacité,01 79 71 40 00,8€; 12€,,15 Avenue de Montrouge à Bourg-la-Reine Mairie de Bourg-la-Reine 6 Boulevard Carnot 92 340 Bourg-la,https://www.bourg-la-reine.fr/21465-maison-des-associations-de-la-transition.htm,scraped,200
Développement durable,Bourg-la-Reine,92,yes,bourg-la-reine.fr,prix,Confirmer prix,blrentransition@gmail.com; 01 79 71 43 20; 01 79 71 41 34; 01 79 71 40 00,,320 m²; 370 m²,6 Boulevard Carnot 92 340 Bourg-la-Reine Tél : 01 79 71 40 00 Horaires Lundi,https://www.bourg-la-reine.fr/10598-espaces-verts.htm,scraped,200
Compte association,Bourg-la-Reine,92,yes,bourg-la-reine.fr,"prix, capacité",Confirmer prix; Confirmer capacité,associations@bourg-la-reine.fr; 02-21-104608; 01 79 71 40 60; 01 79 71 40 00,,,6 Boulevard Carnot 92 340 Bourg-la-Reine Tél : 01 79 71 40 00 Horaires Lundi,https://www.bourg-la-reine.fr/24062-compte-association.htm,scraped,200
Carte scolaire Bourg-la-Reine,Bourg-la-Reine,92,yes,espace-citoyens.net,"adresse précise, contact, prix, capacité",Confirmer adresse précise; Confirmer contact; Confirmer prix; Confirmer capacité,,,,,https://www.espace-citoyens.net/bourg-la-reine/espace-citoyens/Activites/IndexInfosPratiques?idActivite=32,scraped,200
Ecouter,Bourg-la-Reine,92,yes,app-eu.readspeaker.com,"adresse précise, contact, prix",Confirmer adresse précise; Confirmer contact; Confirmer prix,,,3M2,,https://app-eu.readspeaker.com/cgi-bin/rsent?customerid=9289&lang=fr_fr&readid=contenu&url=https://www.bourg-la-reine.fr/annuaire/548709/10648-yoga-place.htm,scraped,200
Théâtre Agoreine,Bourg-la-Reine,92,yes,privateaser.com,"adresse précise, contact, prix, capacité",Confirmer adresse précise; Confirmer contact; Confirmer prix; Confirmer capacité,,,,,https://www.privateaser.com/lieu/10191-theatre-agoreine,fetch_failed,
