_dataset,actionability_score,activity_tags,address,aggregator_domain,ai_source_file,ai_source_kind,ai_source_record_id,candidate_id,candidate_status,capacity_max_detected,capacity_text,category,city,confidence_score,constraints_tags,contact,dedupe_key,department,description,email_questions,evidence_text,fit_beyond_score,formal_completeness_score,formal_extraction_status,formal_scrape_checked_at,formal_scrape_content_type,geo_status,is_aggregator,last_seen_at,lat,lon,missing_formal_fields,name,observation_count,page_type,price_score,price_text,rental_decision_needed,rental_email_question,rental_negative_signals,rental_positive_signals,rental_possible_confidence,rental_possible_status,source_confidence,source_domain,source_reliability,source_url,space_tags,specific_rental_page_url,website
candidate,75,,,,ai_classify_retry_chunk_0.jsonl,single,venue_venue_spacebase.com_rent dojo 5 salle 2 paris_gentilly,venue_venue_spacebase.com_rent dojo 5 salle 2 paris_gentilly,to_contact,0,,venue with rental page,Gentilly,0.75,,,dojo_5_salle_2_gentilly,94,"Page de réservation Spacebase pour une salle précise avec capacité et tarifs, mais adresse et contact public absents.","address, capacity, email, phone, postal_code, price","Page de réservation Spacebase pour une salle précise avec capacité et tarifs, mais adresse et contact public absents.",75,2/8,ai_adaptive_extracted,2026-06-20,venue_with_rental_page,in_scope,no,2026-06-20,48.815243,2.35044,"address, capacity, email, phone, postal_code, price",DOJO 5 - SALLE 2,1,venue_with_rental_page,0,,no,,,"Page de réservation Spacebase pour une salle précise avec capacité et tarifs, mais adresse et contact public absents.",0.85,possible,0.75,spacebase.com,S3,https://www.spacebase.com/en/venue/salle-2-1056508,,https://www.spacebase.com/en/venue/salle-2-1056508,https://www.spacebase.com/en/venue/salle-2-1056508
candidate,55,,,,ai_classify_retry_chunk_0.jsonl,single,venue_venue_isospace.fr_amenagement du studio de yoga yoganmove_villejuif,venue_venue_isospace.fr_amenagement du studio de yoga yoganmove_villejuif,new,0,,venue no rental info,Villejuif,0.75,,,yog_n_move_villejuif,94,"Étude de réalisation sur un studio de yoga précis à Villejuif, sans informations de location ni coordonnées du lieu.","address, capacity, email, phone, postal_code, price, rental_page_url","Étude de réalisation sur un studio de yoga précis à Villejuif, sans informations de location ni coordonnées du lieu.",55,1/8,ai_adaptive_extracted,2026-06-20,venue_no_rental_info,in_scope,no,2026-06-20,,,"address, capacity, email, phone, postal_code, price, rental_page_url",Yog'n'Move,1,venue_no_rental_info,0,,yes,"Étude de réalisation sur un studio de yoga précis à Villejuif, sans informations de location ni coordonnées du lieu.",,,0.55,unclear,0.75,isospace.fr,S3,https://www.isospace.fr/realisations/studio-de-yoga-yognmove,,,https://www.isospace.fr/realisations/studio-de-yoga-yognmove
candidate,75,,Arcueil,,ai_classify_retry_chunk_0.jsonl,single,venue_venue_i-flow.fr_i_arcueil,venue_venue_i-flow.fr_i_arcueil,to_contact,0,,venue rental mentioned,Arcueil,0.75,,,i_flow_arcueil,94,Page d'accueil d'un lieu de bien-être précis indiquant une adresse et un espace à louer; lien de réservation présent.,"capacity, email, phone, postal_code, price",Page d'accueil d'un lieu de bien-être précis indiquant une adresse et un espace à louer; lien de réservation présent.,75,3/8,ai_adaptive_extracted,2026-06-20,venue_rental_mentioned,in_scope,no,2026-06-20,48.810096,2.330622,"capacity, email, phone, postal_code, price",I-Flow,1,venue_rental_mentioned,0,,no,,,Page d'accueil d'un lieu de bien-être précis indiquant une adresse et un espace à louer; lien de réservation présent.,0.85,possible,0.75,i-flow.fr,S4,https://www.i-flow.fr,,https://www.i-flow.fr/reserver,https://www.i-flow.fr
candidate,75,,Villejuif,,ai_classify_retry_chunk_0.jsonl,single,obs_legacy-source-records_6b0aa28ab0,obs_legacy-source-records_6b0aa28ab0,to_contact,0,,venue with rental page,Villejuif,0.75,,,location_magnifique_salle_neuve_pour_stage_et_formation_villejuif,94,"Annonce de lieu à louer avec gestionnaire, téléphone, email et adresse complète à Villejuif.","capacity, email, phone, price","Annonce de lieu à louer avec gestionnaire, téléphone, email et adresse complète à Villejuif.",75,4/8,ai_adaptive_extracted,2026-06-20,venue_with_rental_page,in_scope,no,2026-06-20,48.801196,2.364803,"capacity, email, phone, price",Location magnifique salle neuve pour stage et formation,1,venue_with_rental_page,0,,no,,,"Annonce de lieu à louer avec gestionnaire, téléphone, email et adresse complète à Villejuif.",0.85,possible,0.75,yogmee.fr,S3,https://www.yogmee.fr/salles/location-magnifique-salle-neuve-pour-stage-et-formation,,https://www.yogmee.fr/salles/location-magnifique-salle-neuve-pour-stage-et-formation,https://www.yogmee.fr/salles/location-magnifique-salle-neuve-pour-stage-et-formation
candidate,55,,,,ai_classify_retry_chunk_0.jsonl,single,venue_venue_ville-gentilly.fr_pdf pratique_gentilly,venue_venue_ville-gentilly.fr_pdf pratique_gentilly,new,0,,multi venue listing,Gentilly,0.75,,,pdf_pratique_gentilly,94,Guide PDF municipal listant plusieurs locaux associatifs avec noms et adresses partielles.,"capacity, email, phone, postal_code, price, rental_page_url",Guide PDF municipal listant plusieurs locaux associatifs avec noms et adresses partielles.,55,2/8,ai_adaptive_extracted,2026-06-20,multi_venue_listing,in_scope,no,2026-06-20,,,"capacity, email, phone, postal_code, price, rental_page_url",[PDF] PRATIQUE,1,multi_venue_listing,0,,yes,Guide PDF municipal listant plusieurs locaux associatifs avec noms et adresses partielles.,,,0.55,unclear,0.75,ville-gentilly.fr,S3,https://www.ville-gentilly.fr/sites/default/files/guidevieassociative.pdf,,,https://www.ville-gentilly.fr/sites/default/files/guidevieassociative.pdf
candidate,50,,Gentilly,,ai_classify_retry_chunk_0.jsonl,extracted_from_listing,venue_venue_ville-gentilly.fr_pdf pratique_gentilly,venue_venue_ville-gentilly.fr_pdf pratique_gentilly_x0_2c450978ef,new,0,,multi venue listing,Gentilly,0.65,,,centre_municipal_d_action_culturelle_cmac_gentilly,94,Guide PDF municipal listant plusieurs locaux associatifs avec noms et adresses partielles.,"capacity, email, phone, postal_code, price, rental_page_url","Centre Municipal d’Action Culturelle — CMAC | 2, rue Jules-Ferry",50,2/8,ai_adaptive_extracted,2026-06-20,multi_venue_listing,in_scope,no,2026-06-20,,,"capacity, email, phone, postal_code, price, rental_page_url",Centre Municipal d’Action Culturelle — CMAC,1,multi_venue_listing,0,,yes,Guide PDF municipal listant plusieurs locaux associatifs avec noms et adresses partielles.,,,0.55,unclear,0.65,ville-gentilly.fr,S3,https://www.ville-gentilly.fr/sites/default/files/guidevieassociative.pdf,,,https://www.ville-gentilly.fr/sites/default/files/guidevieassociative.pdf
candidate,50,,Gentilly,,ai_classify_retry_chunk_0.jsonl,extracted_from_listing,venue_venue_ville-gentilly.fr_pdf pratique_gentilly,venue_venue_ville-gentilly.fr_pdf pratique_gentilly_x1_1969428d18,new,0,,multi venue listing,Gentilly,0.65,,,espace_roger_ossart_et_salle_d_activit_s_kleynhoff_gentilly,94,Guide PDF municipal listant plusieurs locaux associatifs avec noms et adresses partielles.,"capacity, email, phone, postal_code, price, rental_page_url","Espace Roger Ossart et salle d’activités Kleynhoff | 7, rue Henri-Kleynhoff",50,2/8,ai_adaptive_extracted,2026-06-20,multi_venue_listing,in_scope,no,2026-06-20,,,"capacity, email, phone, postal_code, price, rental_page_url",Espace Roger Ossart et salle d’activités Kleynhoff,1,multi_venue_listing,0,,yes,Guide PDF municipal listant plusieurs locaux associatifs avec noms et adresses partielles.,,,0.55,unclear,0.65,ville-gentilly.fr,S3,https://www.ville-gentilly.fr/sites/default/files/guidevieassociative.pdf,,,https://www.ville-gentilly.fr/sites/default/files/guidevieassociative.pdf
candidate,50,,Gentilly,,ai_classify_retry_chunk_0.jsonl,extracted_from_listing,venue_venue_ville-gentilly.fr_pdf pratique_gentilly,venue_venue_ville-gentilly.fr_pdf pratique_gentilly_x2_66a9662eba,new,0,,multi venue listing,Gentilly,0.65,,,pr_au_de_l_cole_henri_barbusse_gentilly,94,Guide PDF municipal listant plusieurs locaux associatifs avec noms et adresses partielles.,"capacity, email, phone, postal_code, price, rental_page_url","Préau de l’école Henri Barbusse | 14, place Henri-Barbusse",50,2/8,ai_adaptive_extracted,2026-06-20,multi_venue_listing,in_scope,no,2026-06-20,,,"capacity, email, phone, postal_code, price, rental_page_url",Préau de l’école Henri Barbusse,1,multi_venue_listing,0,,yes,Guide PDF municipal listant plusieurs locaux associatifs avec noms et adresses partielles.,,,0.55,unclear,0.65,ville-gentilly.fr,S3,https://www.ville-gentilly.fr/sites/default/files/guidevieassociative.pdf,,,https://www.ville-gentilly.fr/sites/default/files/guidevieassociative.pdf
candidate,50,,Gentilly,,ai_classify_retry_chunk_0.jsonl,extracted_from_listing,venue_venue_ville-gentilly.fr_pdf pratique_gentilly,venue_venue_ville-gentilly.fr_pdf pratique_gentilly_x3_47429550a5,new,0,,multi venue listing,Gentilly,0.65,,,salle_du_foyer_fr_rot_gentilly,94,Guide PDF municipal listant plusieurs locaux associatifs avec noms et adresses partielles.,"capacity, email, phone, postal_code, price, rental_page_url","Salle du foyer Frérot | 8, rue Charles-Frérot",50,2/8,ai_adaptive_extracted,2026-06-20,multi_venue_listing,in_scope,no,2026-06-20,,,"capacity, email, phone, postal_code, price, rental_page_url",Salle du foyer Frérot,1,multi_venue_listing,0,,yes,Guide PDF municipal listant plusieurs locaux associatifs avec noms et adresses partielles.,,,0.55,unclear,0.65,ville-gentilly.fr,S3,https://www.ville-gentilly.fr/sites/default/files/guidevieassociative.pdf,,,https://www.ville-gentilly.fr/sites/default/files/guidevieassociative.pdf
candidate,50,,Gentilly,,ai_classify_retry_chunk_0.jsonl,extracted_from_listing,venue_venue_ville-gentilly.fr_pdf pratique_gentilly,venue_venue_ville-gentilly.fr_pdf pratique_gentilly_x4_e3809cbcb6,new,0,,multi venue listing,Gentilly,0.65,,,salle_marcel_paul_gentilly,94,Guide PDF municipal listant plusieurs locaux associatifs avec noms et adresses partielles.,"capacity, email, phone, postal_code, price, rental_page_url","Salle Marcel Paul | 17, rue Raymond-Lefebvre",50,2/8,ai_adaptive_extracted,2026-06-20,multi_venue_listing,in_scope,no,2026-06-20,,,"capacity, email, phone, postal_code, price, rental_page_url",Salle Marcel Paul,1,multi_venue_listing,0,,yes,Guide PDF municipal listant plusieurs locaux associatifs avec noms et adresses partielles.,,,0.55,unclear,0.65,ville-gentilly.fr,S3,https://www.ville-gentilly.fr/sites/default/files/guidevieassociative.pdf,,,https://www.ville-gentilly.fr/sites/default/files/guidevieassociative.pdf
candidate,50,,Gentilly,,ai_classify_retry_chunk_0.jsonl,extracted_from_listing,venue_venue_ville-gentilly.fr_pdf pratique_gentilly,venue_venue_ville-gentilly.fr_pdf pratique_gentilly_x5_83aa383453,new,0,,multi venue listing,Gentilly,0.65,,,salle_de_quartier_saint_loi_gentilly,94,Guide PDF municipal listant plusieurs locaux associatifs avec noms et adresses partielles.,"capacity, email, phone, postal_code, price, rental_page_url","Salle de quartier Saint Éloi | 7, rue Saint-Éloi",50,2/8,ai_adaptive_extracted,2026-06-20,multi_venue_listing,in_scope,no,2026-06-20,,,"capacity, email, phone, postal_code, price, rental_page_url",Salle de quartier Saint Éloi,1,multi_venue_listing,0,,yes,Guide PDF municipal listant plusieurs locaux associatifs avec noms et adresses partielles.,,,0.55,unclear,0.65,ville-gentilly.fr,S3,https://www.ville-gentilly.fr/sites/default/files/guidevieassociative.pdf,,,https://www.ville-gentilly.fr/sites/default/files/guidevieassociative.pdf
candidate,50,,Gentilly,,ai_classify_retry_chunk_0.jsonl,extracted_from_listing,venue_venue_ville-gentilly.fr_pdf pratique_gentilly,venue_venue_ville-gentilly.fr_pdf pratique_gentilly_x6_4a24650286,new,0,,multi venue listing,Gentilly,0.65,,,salle_de_quartier_gabriel_p_ri_gentilly,94,Guide PDF municipal listant plusieurs locaux associatifs avec noms et adresses partielles.,"capacity, email, phone, postal_code, price, rental_page_url","Salle de quartier Gabriel Péri | 162, rue Gabriel-Péri",50,2/8,ai_adaptive_extracted,2026-06-20,multi_venue_listing,in_scope,no,2026-06-20,,,"capacity, email, phone, postal_code, price, rental_page_url",Salle de quartier Gabriel Péri,1,multi_venue_listing,0,,yes,Guide PDF municipal listant plusieurs locaux associatifs avec noms et adresses partielles.,,,0.55,unclear,0.65,ville-gentilly.fr,S3,https://www.ville-gentilly.fr/sites/default/files/guidevieassociative.pdf,,,https://www.ville-gentilly.fr/sites/default/files/guidevieassociative.pdf
candidate,50,,Gentilly,,ai_classify_retry_chunk_0.jsonl,extracted_from_listing,venue_venue_ville-gentilly.fr_pdf pratique_gentilly,venue_venue_ville-gentilly.fr_pdf pratique_gentilly_x7_5ead9343b6,new,0,,multi venue listing,Gentilly,0.65,,,salle_de_quartier_des_tanneurs_gentilly,94,Guide PDF municipal listant plusieurs locaux associatifs avec noms et adresses partielles.,"capacity, email, phone, postal_code, price, rental_page_url","Salle de quartier des Tanneurs | 1, allée des Tanneurs",50,2/8,ai_adaptive_extracted,2026-06-20,multi_venue_listing,in_scope,no,2026-06-20,,,"capacity, email, phone, postal_code, price, rental_page_url",Salle de quartier des Tanneurs,1,multi_venue_listing,0,,yes,Guide PDF municipal listant plusieurs locaux associatifs avec noms et adresses partielles.,,,0.55,unclear,0.65,ville-gentilly.fr,S3,https://www.ville-gentilly.fr/sites/default/files/guidevieassociative.pdf,,,https://www.ville-gentilly.fr/sites/default/files/guidevieassociative.pdf
candidate,58,,Gentilly,,ai_classify_retry_chunk_0.jsonl,extracted_from_listing,venue_venue_ville-gentilly.fr_pdf pratique_gentilly,venue_venue_ville-gentilly.fr_pdf pratique_gentilly_x8_51c767ac60,new,0,,multi venue listing,Gentilly,0.65,,sports@ville-gentilly.fr,gymnase_pierre_curie_gentilly,94,Guide PDF municipal listant plusieurs locaux associatifs avec noms et adresses partielles.,"capacity, phone, postal_code, price, rental_page_url","Gymnase Pierre Curie | 25, rue Jean-Louis; Service municipal des Sports ... sports@ville-gentilly.fr",58,3/8,ai_adaptive_extracted,2026-06-20,multi_venue_listing,in_scope,no,2026-06-20,,,"capacity, phone, postal_code, price, rental_page_url",Gymnase Pierre Curie,1,multi_venue_listing,0,,yes,Guide PDF municipal listant plusieurs locaux associatifs avec noms et adresses partielles.,,,0.55,unclear,0.65,ville-gentilly.fr,S3,https://www.ville-gentilly.fr/sites/default/files/guidevieassociative.pdf,,,https://www.ville-gentilly.fr/sites/default/files/guidevieassociative.pdf
candidate,75,,Gentilly,,ai_classify_retry_chunk_0.jsonl,single,venue_venue_dojodeparis.com_dojo de paris_gentilly,venue_venue_dojodeparis.com_dojo de paris_gentilly,to_contact,0,,venue with rental page,Gentilly,0.75,,,dojo_de_paris_gentilly,94,"Site officiel d'un lieu événementiel avec espaces à réserver, adresse et capacités, mais pas de tarif ni contact direct visible.","capacity, email, phone, postal_code, price","Site officiel d'un lieu événementiel avec espaces à réserver, adresse et capacités, mais pas de tarif ni contact direct visible.",75,3/8,ai_adaptive_extracted,2026-06-20,venue_with_rental_page,in_scope,no,2026-06-20,48.82305,2.316144,"capacity, email, phone, postal_code, price",Dojo de Paris,1,venue_with_rental_page,0,,no,,,"Site officiel d'un lieu événementiel avec espaces à réserver, adresse et capacités, mais pas de tarif ni contact direct visible.",0.85,possible,0.75,dojodeparis.com,S3,https://www.dojodeparis.com,,https://www.dojodeparis.com,https://www.dojodeparis.com
candidate,55,,,,ai_classify_retry_chunk_0.jsonl,single,venue_venue_fr.mappy.com_location de salles a villejuif 94800 france_villejuif,venue_venue_fr.mappy.com_location de salles a villejuif 94800 france_villejuif,new,0,,multi venue listing,Villejuif,0.75,,,location_de_salles_villejuif_94800_france_villejuif,94,Annuaire Mappy listant plusieurs lieux de location de salles avec nom et adresse.,"capacity, email, phone, price, rental_page_url",Annuaire Mappy listant plusieurs lieux de location de salles avec nom et adresse.,55,3/8,ai_adaptive_extracted,2026-06-20,multi_venue_listing,in_scope,no,2026-06-20,48.782135,2.365218,"capacity, email, phone, price, rental_page_url","Location de salles à Villejuif 94800, France",1,multi_venue_listing,0,,yes,Annuaire Mappy listant plusieurs lieux de location de salles avec nom et adresse.,,,0.55,unclear,0.75,fr.mappy.com,S4,https://fr.mappy.com/activite/location-de-salles/94800-villejuif,,,https://fr.mappy.com/activite/location-de-salles/94800-villejuif
candidate,75,,Villejuif,,ai_classify_retry_chunk_4.jsonl,single,venue_venue_fr.mappy.com_espace formations parisvillejuif_villejuif,venue_venue_fr.mappy.com_espace formations parisvillejuif_villejuif,to_contact,0,,venue with rental page,Villejuif,0.75,,,espace_formations_paris_villejuif_villejuif,94,Fiche Mappy d'un établissement proposant location de salles de formation/réunion.,"capacity, email, phone, postal_code, price",Fiche Mappy d'un établissement proposant location de salles de formation/réunion.,75,3/8,ai_adaptive_extracted,2026-06-20,venue_with_rental_page,in_scope,no,2026-06-20,48.783434,2.366931,"capacity, email, phone, postal_code, price",Espace Formations Paris-Villejuif,1,venue_with_rental_page,0,,no,,,Fiche Mappy d'un établissement proposant location de salles de formation/réunion.,0.85,possible,0.75,fr.mappy.com,S4,https://fr.mappy.com/poi/63e0c848692e9b6d11b7334e,,https://fr.mappy.com/poi/63e0c848692e9b6d11b7334e,https://fr.mappy.com/poi/63e0c848692e9b6d11b7334e
candidate,70,,94800 Villejuif,,ai_classify_retry_chunk_0.jsonl,extracted_from_listing,venue_venue_fr.mappy.com_location de salles a villejuif 94800 france_villejuif,venue_venue_fr.mappy.com_location de salles a villejuif 94800 france_villejuif_x1_efa49f9f46,to_contact,0,,multi venue listing,Villejuif,0.65,,,les_esseli_res_villejuif,94,Annuaire Mappy listant plusieurs lieux de location de salles avec nom et adresse.,"capacity, email, phone, price","Les Esselières — 6 r 12 Février, 94800 Villejuif",70,4/8,ai_adaptive_extracted,2026-06-20,multi_venue_listing,in_scope,no,2026-06-20,48.782135,2.365218,"capacity, email, phone, price",Les Esselières,1,multi_venue_listing,0,,no,,,Annuaire Mappy listant plusieurs lieux de location de salles avec nom et adresse.,0.85,possible,0.65,fr.mappy.com,S4,https://fr.mappy.com/activite/location-de-salles/94800-villejuif,,https://fr.mappy.com/poi/58112d6d0351d122439f93c9,https://fr.mappy.com/activite/location-de-salles/94800-villejuif
candidate,75,,,,ai_classify_retry_chunk_0.jsonl,single,venue_venue_leboncoin.fr_location salle malakoff_malakoff,venue_venue_leboncoin.fr_location salle malakoff_malakoff,to_contact,0,,venue with rental page,Malakoff,0.75,,,location_salle_malakoff_malakoff,92,"Annonce de location d'une salle précise avec adresse, surface, capacité et tarif, sans contact public direct.","capacity, email, phone, price","Annonce de location d'une salle précise avec adresse, surface, capacité et tarif, sans contact public direct.",75,4/8,ai_adaptive_extracted,2026-06-20,venue_with_rental_page,in_scope,no,2026-06-20,48.813571,2.294355,"capacity, email, phone, price",Location salle Malakoff,1,venue_with_rental_page,0,,no,,,"Annonce de location d'une salle précise avec adresse, surface, capacité et tarif, sans contact public direct.",0.85,possible,0.75,leboncoin.fr,S4,https://www.leboncoin.fr/ad/locations/3010019425,,https://www.leboncoin.fr/ad/locations/3010019425,https://www.leboncoin.fr/ad/locations/3010019425
candidate,75,,,,ai_classify_retry_chunk_0.jsonl,single,venue_venue_consistoire.org_location de salles_le kremlin-bicêtre,venue_venue_consistoire.org_location de salles_le kremlin-bicêtre,to_contact,0,,venue with rental page,Le Kremlin-Bicêtre,0.75,,,centre_communautaire_rina_et_chamma_weniger_le_kremlin_bic_tre,94,"Page officielle de location de plusieurs espaces d'un même centre avec adresse, téléphone et email.","capacity, email, phone, price","Page officielle de location de plusieurs espaces d'un même centre avec adresse, téléphone et email.",75,4/8,ai_adaptive_extracted,2026-06-20,venue_with_rental_page,in_scope,no,2026-06-20,48.816169,2.364421,"capacity, email, phone, price",Centre communautaire Rina et Chammaï WENIGER,1,venue_with_rental_page,0,,no,,,"Page officielle de location de plusieurs espaces d'un même centre avec adresse, téléphone et email.",0.85,possible,0.75,consistoire.org,S4,https://www.consistoire.org/kremlinbicetre/salle,,https://www.consistoire.org/kremlinbicetre/salle,https://www.consistoire.org/kremlinbicetre/salle
candidate,75,,,,ai_classify_retry_chunk_0.jsonl,single,venue_venue_studiodiabolo.fr_studiodiabolo cours de danse location de salle le kremlin_le kremlin-bicêtre,venue_venue_studiodiabolo.fr_studiodiabolo cours de danse location de salle le kremlin_le kremlin-bicêtre,to_contact,0,,venue rental mentioned,Le Kremlin-Bicêtre,0.75,,,studiodiabolo_le_kremlin_bic_tre,94,"Site officiel d'une école de danse indiquant aussi la location du studio, avec adresse, téléphone et email.","capacity, email, phone, price","Site officiel d'une école de danse indiquant aussi la location du studio, avec adresse, téléphone et email.",75,4/8,ai_adaptive_extracted,2026-06-20,venue_rental_mentioned,in_scope,no,2026-06-20,48.812177,2.357722,"capacity, email, phone, price",StudioDiabolo,1,venue_rental_mentioned,0,,no,,,"Site officiel d'une école de danse indiquant aussi la location du studio, avec adresse, téléphone et email.",0.85,possible,0.75,studiodiabolo.fr,S4,https://www.studiodiabolo.fr,,https://www.studiodiabolo.fr,https://www.studiodiabolo.fr
candidate,55,,Malakoff,,ai_classify_retry_chunk_0.jsonl,single,venue_venue_neo-nomade.com_salles de reunion formation en location a malakoff_malakoff,venue_venue_neo-nomade.com_salles de reunion formation en location a malakoff_malakoff,new,0,,multi venue listing,Malakoff,0.75,,,salles_de_r_union_formation_en_location_malakoff_malakoff,92,Listing de salles de réunion à Malakoff; plusieurs noms et capacités sont visibles mais les adresses/contacts manquent.,"capacity, email, phone, postal_code, price, rental_page_url",Listing de salles de réunion à Malakoff; plusieurs noms et capacités sont visibles mais les adresses/contacts manquent.,55,2/8,ai_adaptive_extracted,2026-06-20,multi_venue_listing,in_scope,no,2026-06-20,48.816889,2.300557,"capacity, email, phone, postal_code, price, rental_page_url",Salles de réunion / formation en location à Malakoff,1,multi_venue_listing,0,,yes,Listing de salles de réunion à Malakoff; plusieurs noms et capacités sont visibles mais les adresses/contacts manquent.,,,0.55,unclear,0.75,neo-nomade.com,S4,https://www.neo-nomade.com/s/malakoff/salle-reunion-formation-location,,,https://www.neo-nomade.com/s/malakoff/salle-reunion-formation-location
candidate,55,,Malakoff,,ai_classify_retry_chunk_0.jsonl,extracted_from_listing,venue_venue_neo-nomade.com_salles de reunion formation en location a malakoff_malakoff,venue_venue_neo-nomade.com_salles de reunion formation en location a malakoff_malakoff_x0_1d29288239,new,0,22 personnes,multi venue listing,Malakoff,0.65,,,salles_de_r_union_en_location_malakoff,92,Listing de salles de réunion à Malakoff; plusieurs noms et capacités sont visibles mais les adresses/contacts manquent.,"address, email, phone, postal_code, price, rental_page_url",SALLES DE RÉUNION EN LOCATION — capacité indiquée : 22 personnes,55,2/8,ai_adaptive_extracted,2026-06-20,multi_venue_listing,in_scope,no,2026-06-20,48.816889,2.300557,"address, email, phone, postal_code, price, rental_page_url",Salles de réunion en location,1,multi_venue_listing,0,,yes,Listing de salles de réunion à Malakoff; plusieurs noms et capacités sont visibles mais les adresses/contacts manquent.,,,0.55,unclear,0.65,neo-nomade.com,S4,https://www.neo-nomade.com/s/malakoff/salle-reunion-formation-location,,,https://www.neo-nomade.com/s/malakoff/salle-reunion-formation-location
candidate,55,,Malakoff,,ai_classify_retry_chunk_0.jsonl,extracted_from_listing,venue_venue_neo-nomade.com_salles de reunion formation en location a malakoff_malakoff,venue_venue_neo-nomade.com_salles de reunion formation en location a malakoff_malakoff_x1_13cd686094,new,0,6 personnes,multi venue listing,Malakoff,0.65,,,salle_de_r_union_aquarium_malakoff,92,Listing de salles de réunion à Malakoff; plusieurs noms et capacités sont visibles mais les adresses/contacts manquent.,"address, email, phone, postal_code, price, rental_page_url",SALLE DE RÉUNION - AQUARIUM — capacité indiquée : 6 personnes,55,2/8,ai_adaptive_extracted,2026-06-20,multi_venue_listing,in_scope,no,2026-06-20,48.816889,2.300557,"address, email, phone, postal_code, price, rental_page_url",Salle de réunion - Aquarium,1,multi_venue_listing,0,,yes,Listing de salles de réunion à Malakoff; plusieurs noms et capacités sont visibles mais les adresses/contacts manquent.,,,0.55,unclear,0.65,neo-nomade.com,S4,https://www.neo-nomade.com/s/malakoff/salle-reunion-formation-location,,,https://www.neo-nomade.com/s/malakoff/salle-reunion-formation-location
candidate,55,,Malakoff,,ai_classify_retry_chunk_0.jsonl,extracted_from_listing,venue_venue_neo-nomade.com_salles de reunion formation en location a malakoff_malakoff,venue_venue_neo-nomade.com_salles de reunion formation en location a malakoff_malakoff_x2_1d31745554,new,0,12 personnes,multi venue listing,Malakoff,0.65,,,salle_de_r_union_jardin_malakoff,92,Listing de salles de réunion à Malakoff; plusieurs noms et capacités sont visibles mais les adresses/contacts manquent.,"address, email, phone, postal_code, price, rental_page_url",SALLE DE RÉUNION - JARDIN — capacité indiquée : 12 personnes,55,2/8,ai_adaptive_extracted,2026-06-20,multi_venue_listing,in_scope,no,2026-06-20,48.816889,2.300557,"address, email, phone, postal_code, price, rental_page_url",Salle de réunion - Jardin,1,multi_venue_listing,0,,yes,Listing de salles de réunion à Malakoff; plusieurs noms et capacités sont visibles mais les adresses/contacts manquent.,,,0.55,unclear,0.65,neo-nomade.com,S4,https://www.neo-nomade.com/s/malakoff/salle-reunion-formation-location,,,https://www.neo-nomade.com/s/malakoff/salle-reunion-formation-location
candidate,55,,Malakoff,,ai_classify_retry_chunk_0.jsonl,extracted_from_listing,venue_venue_neo-nomade.com_salles de reunion formation en location a malakoff_malakoff,venue_venue_neo-nomade.com_salles de reunion formation en location a malakoff_malakoff_x3_a5c68174ed,new,0,10 personnes,multi venue listing,Malakoff,0.65,,,salle_de_r_union_salle_de_jeux_malakoff,92,Listing de salles de réunion à Malakoff; plusieurs noms et capacités sont visibles mais les adresses/contacts manquent.,"address, email, phone, postal_code, price, rental_page_url",SALLE DE RÉUNION - SALLE DE JEUX — capacité indiquée : 10 personnes,55,2/8,ai_adaptive_extracted,2026-06-20,multi_venue_listing,in_scope,no,2026-06-20,48.816889,2.300557,"address, email, phone, postal_code, price, rental_page_url",Salle de réunion - Salle de jeux,1,multi_venue_listing,0,,yes,Listing de salles de réunion à Malakoff; plusieurs noms et capacités sont visibles mais les adresses/contacts manquent.,,,0.55,unclear,0.65,neo-nomade.com,S4,https://www.neo-nomade.com/s/malakoff/salle-reunion-formation-location,,,https://www.neo-nomade.com/s/malakoff/salle-reunion-formation-location
candidate,55,,,,ai_classify_retry_chunk_0.jsonl,single,venue_venue_kremlinbicetre.fr_laccompagnement par la ville_le kremlin-bicêtre,venue_venue_kremlinbicetre.fr_laccompagnement par la ville_le kremlin-bicêtre,new,0,,multi venue listing,Le Kremlin-Bicêtre,0.75,,,l_accompagnement_par_la_ville_le_kremlin_bic_tre,94,Page municipale recensant plusieurs espaces associatifs mis à disposition avec contacts et lien vers une fiche détaillée.,"capacity, email, phone, price, rental_page_url",Page municipale recensant plusieurs espaces associatifs mis à disposition avec contacts et lien vers une fiche détaillée.,55,3/8,ai_adaptive_extracted,2026-06-20,multi_venue_listing,in_scope,no,2026-06-20,48.814679,2.364049,"capacity, email, phone, price, rental_page_url",L'accompagnement par la ville,1,multi_venue_listing,0,,yes,Page municipale recensant plusieurs espaces associatifs mis à disposition avec contacts et lien vers une fiche détaillée.,,,0.55,unclear,0.75,kremlinbicetre.fr,S3,https://www.kremlinbicetre.fr/loisirs-sorties/associations/laccompagnement-par-la-ville,,,https://www.kremlinbicetre.fr/loisirs-sorties/associations/laccompagnement-par-la-ville
candidate,63,,94270 Le Kremlin-Bicêtre,,ai_classify_retry_chunk_0.jsonl,extracted_from_listing,venue_venue_kremlinbicetre.fr_laccompagnement par la ville_le kremlin-bicêtre,venue_venue_kremlinbicetre.fr_laccompagnement par la ville_le kremlin-bicêtre_x0_4aabec3fae,new,0,,multi venue listing,Le Kremlin-Bicêtre,0.65,,associations@ville-kremlin-bicetre.fr,maison_de_la_citoyennet_et_de_la_vie_associative_mcva_le_kremlin_bic_tre,94,Page municipale recensant plusieurs espaces associatifs mis à disposition avec contacts et lien vers une fiche détaillée.,"capacity, phone, rental_page_url","La MCVA, située au 5 rue Jean-Monnet, met à disposition des associations des espaces pour réunions, permanences, ateliers",63,5/8,ai_adaptive_extracted,2026-06-20,multi_venue_listing,in_scope,no,2026-06-20,48.814679,2.364049,"capacity, phone, rental_page_url",Maison de la Citoyenneté et de la Vie Associative — MCVA,1,multi_venue_listing,0,gratuit pour associations locales,yes,Page municipale recensant plusieurs espaces associatifs mis à disposition avec contacts et lien vers une fiche détaillée.,,,0.55,unclear,0.65,kremlinbicetre.fr,S3,https://www.kremlinbicetre.fr/loisirs-sorties/associations/laccompagnement-par-la-ville,,,https://www.kremlinbicetre.fr/loisirs-sorties/associations/laccompagnement-par-la-ville
candidate,83,,,,ai_classify_retry_chunk_0.jsonl,extracted_from_listing,venue_venue_kremlinbicetre.fr_laccompagnement par la ville_le kremlin-bicêtre,venue_venue_kremlinbicetre.fr_laccompagnement par la ville_le kremlin-bicêtre_x1_1615e79dfe,to_contact,0,,multi venue listing,Le Kremlin-Bicêtre,0.65,,associations@ville-kremlin-bicetre.fr,espace_andr_maign_le_kremlin_bic_tre,94,Page municipale recensant plusieurs espaces associatifs mis à disposition avec contacts et lien vers une fiche détaillée.,"address, capacity, phone",Espace André-Maigné peut être utilisé pour activités associatives; sous réserve de disponibilités.,83,5/8,ai_adaptive_extracted,2026-06-20,multi_venue_listing,in_scope,no,2026-06-20,48.814679,2.364049,"address, capacity, phone",Espace André-Maigné,1,multi_venue_listing,0,gratuit pour associations locales sous conditions,no,,,Page municipale recensant plusieurs espaces associatifs mis à disposition avec contacts et lien vers une fiche détaillée.,0.85,possible,0.65,kremlinbicetre.fr,S3,https://www.kremlinbicetre.fr/loisirs-sorties/associations/laccompagnement-par-la-ville,,https://www.kremlinbicetre.fr/a-votre-service/vos-demarches/location-de-la-salle-andre-maigne,https://www.kremlinbicetre.fr/loisirs-sorties/associations/laccompagnement-par-la-ville
candidate,75,,,,ai_classify_retry_chunk_0.jsonl,single,venue_venue_mjcslachatre.jimdofree.com_locations salles_clamart,venue_venue_mjcslachatre.jimdofree.com_locations salles_clamart,to_contact,0,,venue with rental page,Clamart,0.75,,,mjcs_la_ch_tre_salles_louer_clamart,92,"Page de location de salles d'une MJC avec capacité d'une salle et contact, mais hors secteur attendu et adresse absente du contenu extrait.","address, capacity, city, email, phone, postal_code, price","Page de location de salles d'une MJC avec capacité d'une salle et contact, mais hors secteur attendu et adresse absente du contenu extrait.",75,1/8,ai_adaptive_extracted,2026-06-20,venue_with_rental_page,in_scope,no,2026-06-20,48.80735,2.257953,"address, capacity, city, email, phone, postal_code, price",MJCS La Châtre - salles à louer,1,venue_with_rental_page,0,,no,,,"Page de location de salles d'une MJC avec capacité d'une salle et contact, mais hors secteur attendu et adresse absente du contenu extrait.",0.85,possible,0.75,mjcslachatre.jimdofree.com,S3,https://mjcslachatre.jimdofree.com/locations/location-salles,,https://mjcslachatre.jimdofree.com/locations/location-salles,https://mjcslachatre.jimdofree.com/locations/location-salles
candidate,55,,,,ai_classify_retry_chunk_0.jsonl,single,venue_venue_sportenfrance.fr_complexe sportif de trivaux_clamart,venue_venue_sportenfrance.fr_complexe sportif de trivaux_clamart,new,0,,generic location page,Clamart,0.75,,,dojo_du_centre_complexe_sportif_de_trivaux_garenne_clamart,92,"Fiche descriptive d'un équipement sportif précis avec adresse, sans information de location ni contact.","capacity, email, phone, price, rental_page_url","Fiche descriptive d'un équipement sportif précis avec adresse, sans information de location ni contact.",55,3/8,ai_adaptive_extracted,2026-06-20,generic_location_page,in_scope,no,2026-06-20,48.789723,2.255055,"capacity, email, phone, price, rental_page_url",Dojo du Centre - Complexe sportif de Trivaux-Garenne,1,generic_location_page,0,,yes,"Fiche descriptive d'un équipement sportif précis avec adresse, sans information de location ni contact.",,,0.55,unclear,0.75,sportenfrance.fr,S3,https://www.sportenfrance.fr/ile-de-france/hauts-de-seine/clamart/920230009-complexe-sportif-de-trivaux-garenne,,,https://www.sportenfrance.fr/ile-de-france/hauts-de-seine/clamart/920230009-complexe-sportif-de-trivaux-garenne
candidate,55,,,,ai_classify_retry_chunk_0.jsonl,single,venue_venue_fr.mappy.com_cours de yoga a bourg_bourg-la-reine,venue_venue_fr.mappy.com_cours de yoga a bourg_bourg-la-reine,new,0,,multi venue listing,Bourg-la-Reine,0.75,,,cours_de_yoga_bourg_bourg_la_reine,92,Annuaire Mappy listant plusieurs cours/lieux de yoga avec noms et adresses.,"capacity, email, phone, price, rental_page_url",Annuaire Mappy listant plusieurs cours/lieux de yoga avec noms et adresses.,55,3/8,ai_adaptive_extracted,2026-06-20,multi_venue_listing,in_scope,no,2026-06-20,48.781649,2.310609,"capacity, email, phone, price, rental_page_url",Cours de yoga à Bourg,1,multi_venue_listing,0,,yes,Annuaire Mappy listant plusieurs cours/lieux de yoga avec noms et adresses.,,,0.55,unclear,0.75,fr.mappy.com,S3,https://fr.mappy.com/activite/yoga-cours/92340-bourg-la-reine,,,https://fr.mappy.com/activite/yoga-cours/92340-bourg-la-reine
candidate,70,,92340 Bourg-la-Reine,,ai_classify_retry_chunk_0.jsonl,extracted_from_listing,venue_venue_fr.mappy.com_cours de yoga a bourg_bourg-la-reine,venue_venue_fr.mappy.com_cours de yoga a bourg_bourg-la-reine_x0_e695e24ce1,to_contact,0,,multi venue listing,Bourg-la-Reine,0.65,,,d_borah_rouzel_bourg_la_reine,92,Annuaire Mappy listant plusieurs cours/lieux de yoga avec noms et adresses.,"capacity, email, phone, price","Déborah Rouzel — 3 pl Condorcet, 92340 Bourg la Reine",70,4/8,ai_adaptive_extracted,2026-06-20,multi_venue_listing,in_scope,no,2026-06-20,48.781649,2.310609,"capacity, email, phone, price",Déborah Rouzel,1,multi_venue_listing,0,,no,,,Annuaire Mappy listant plusieurs cours/lieux de yoga avec noms et adresses.,0.85,possible,0.65,fr.mappy.com,S3,https://fr.mappy.com/activite/yoga-cours/92340-bourg-la-reine,,https://fr.mappy.com/poi/5a0e4cd20351d170bd224851,https://fr.mappy.com/activite/yoga-cours/92340-bourg-la-reine
candidate,70,,92340 Bourg-la-Reine,,ai_classify_retry_chunk_0.jsonl,extracted_from_listing,venue_venue_fr.mappy.com_cours de yoga a bourg_bourg-la-reine,venue_venue_fr.mappy.com_cours de yoga a bourg_bourg-la-reine_x1_b7b6a73489,to_contact,0,,multi venue listing,Bourg-la-Reine,0.65,,,acharya_shree_shankar_if_bourg_la_reine,92,Annuaire Mappy listant plusieurs cours/lieux de yoga avec noms et adresses.,"capacity, email, phone, price","Acharya Shree Shankar IF — 7 r Le Bouvier, 92340 Bourg la Reine",70,4/8,ai_adaptive_extracted,2026-06-20,multi_venue_listing,in_scope,no,2026-06-20,48.781649,2.310609,"capacity, email, phone, price",Acharya Shree Shankar IF,1,multi_venue_listing,0,,no,,,Annuaire Mappy listant plusieurs cours/lieux de yoga avec noms et adresses.,0.85,possible,0.65,fr.mappy.com,S3,https://fr.mappy.com/activite/yoga-cours/92340-bourg-la-reine,,https://fr.mappy.com/poi/5a0e4cd20351d170bd224853,https://fr.mappy.com/activite/yoga-cours/92340-bourg-la-reine
candidate,55,,,,ai_classify_retry_chunk_0.jsonl,single,venue_venue_bourg-la-reine.fr_satya santosha_bourg-la-reine,venue_venue_bourg-la-reine.fr_satya santosha_bourg-la-reine,new,0,,venue no rental info,Bourg-la-Reine,0.75,,,satya_santosha_bourg_la_reine,92,"Fiche annuaire d'une association de yoga avec adresse, téléphone, email et prix de cours, sans location de salle.","capacity, email, phone, postal_code, price, rental_page_url","Fiche annuaire d'une association de yoga avec adresse, téléphone, email et prix de cours, sans location de salle.",55,2/8,ai_adaptive_extracted,2026-06-20,venue_no_rental_info,in_scope,no,2026-06-20,48.779888,2.316407,"capacity, email, phone, postal_code, price, rental_page_url",Satya Santosha,1,venue_no_rental_info,0,,yes,"Fiche annuaire d'une association de yoga avec adresse, téléphone, email et prix de cours, sans location de salle.",,,0.55,unclear,0.75,bourg-la-reine.fr,S3,https://www.bourg-la-reine.fr/annuaire/26119/10313-satya-santosha.htm,,,https://www.bourg-la-reine.fr/annuaire/26119/10313-satya-santosha.htm
candidate,55,,,,ai_classify_retry_chunk_0.jsonl,single,venue_venue_yoga-clamart.com_contact_clamart,venue_venue_yoga-clamart.com_contact_clamart,new,0,,venue no rental info,Clamart,0.75,,,centre_de_yoga_iyengar_de_clamart_la_ruche_atelier_clamart,92,"Page contact d'un centre de yoga précis avec adresse, téléphone et email, sans mention de location.","capacity, email, phone, price, rental_page_url","Page contact d'un centre de yoga précis avec adresse, téléphone et email, sans mention de location.",55,3/8,ai_adaptive_extracted,2026-06-20,venue_no_rental_info,in_scope,no,2026-06-20,48.810995,2.265357,"capacity, email, phone, price, rental_page_url",Centre de Yoga Iyengar de Clamart / La Ruche Atelier,1,venue_no_rental_info,0,,yes,"Page contact d'un centre de yoga précis avec adresse, téléphone et email, sans mention de location.",,,0.55,unclear,0.75,yoga-clamart.com,S3,https://www.yoga-clamart.com/contact,,,https://www.yoga-clamart.com/contact
candidate,75,,,,ai_classify_retry_chunk_0.jsonl,single,venue_venue_bourg-la-reine.fr_yoga place_bourg-la-reine,venue_venue_bourg-la-reine.fr_yoga place_bourg-la-reine,to_contact,0,,venue no rental info,Bourg-la-Reine,0.75,,,yoga_place_bourg_la_reine,92,"Fiche annuaire d'un studio de yoga avec adresse, téléphone, email et site, sans information de location.","capacity, email, phone, price","Fiche annuaire d'un studio de yoga avec adresse, téléphone, email et site, sans information de location.",75,4/8,ai_adaptive_extracted,2026-06-20,venue_no_rental_info,in_scope,no,2026-06-20,48.780531,2.31292,"capacity, email, phone, price",YOGA Place,1,venue_no_rental_info,0,,no,,,"Fiche annuaire d'un studio de yoga avec adresse, téléphone, email et site, sans information de location.",0.85,possible,0.75,bourg-la-reine.fr,S3,https://www.bourg-la-reine.fr/annuaire/548709/10648-yoga-place.htm,,https://www.yogaplace.fr/,https://www.bourg-la-reine.fr/annuaire/548709/10648-yoga-place.htm
candidate,75,,,,ai_classify_retry_chunk_0.jsonl,single,venue_venue_studiomrg.fr_location_sceaux,venue_venue_studiomrg.fr_location_sceaux,to_contact,0,,venue with rental page,Sceaux,0.75,,,studio_mrg_sceaux,92,"Page de location de salles de studio avec tarifs et lien WhatsApp, mais adresse et coordonnées textuelles absentes du contenu extrait.","address, capacity, city, email, phone, postal_code, price","Page de location de salles de studio avec tarifs et lien WhatsApp, mais adresse et coordonnées textuelles absentes du contenu extrait.",75,1/8,ai_adaptive_extracted,2026-06-20,venue_with_rental_page,in_scope,no,2026-06-20,48.781085,2.29056,"address, capacity, city, email, phone, postal_code, price",Studio MRG,1,venue_with_rental_page,0,,no,,,"Page de location de salles de studio avec tarifs et lien WhatsApp, mais adresse et coordonnées textuelles absentes du contenu extrait.",0.85,possible,0.75,studiomrg.fr,S3,https://www.studiomrg.fr/location,,https://www.studiomrg.fr/location,https://www.studiomrg.fr/location
candidate,75,,,,ai_classify_retry_chunk_0.jsonl,single,venue_venue_themuselab.fr_le studio_,venue_venue_themuselab.fr_le studio_,to_contact,0,,venue rental mentioned,,0.75,,,the_muse_lab_,92,"Page de présentation d'un studio de danse avec liens internes vers la location de salles, mais sans coordonnées détaillées dans l'extrait.","address, capacity, city, email, phone, postal_code, price","Page de présentation d'un studio de danse avec liens internes vers la location de salles, mais sans coordonnées détaillées dans l'extrait.",75,1/8,ai_adaptive_extracted,2026-06-20,venue_rental_mentioned,in_scope,no,2026-06-20,,,"address, capacity, city, email, phone, postal_code, price",The Muse Lab,1,venue_rental_mentioned,0,,no,,,"Page de présentation d'un studio de danse avec liens internes vers la location de salles, mais sans coordonnées détaillées dans l'extrait.",0.85,possible,0.75,themuselab.fr,S3,https://themuselab.fr/le-studio/,,https://themuselab.fr/location-de-salles/,https://themuselab.fr/le-studio/
candidate,55,,,,ai_classify_retry_chunk_0.jsonl,single,venue_venue_sites.google.com_exprimedanse clamart_clamart,venue_venue_sites.google.com_exprimedanse clamart_clamart,new,0,,multi venue listing,Clamart,0.75,,,exprime_danse_clamart_clamart,92,"Page listant plusieurs salles utilisées par l'association avec noms, adresses et capacités.","capacity, email, phone, price, rental_page_url","Page listant plusieurs salles utilisées par l'association avec noms, adresses et capacités.",55,3/8,ai_adaptive_extracted,2026-06-20,multi_venue_listing,in_scope,no,2026-06-20,48.796102,2.25475,"capacity, email, phone, price, rental_page_url",Exprime'Danse Clamart,1,multi_venue_listing,0,,yes,"Page listant plusieurs salles utilisées par l'association avec noms, adresses et capacités.",,,0.55,unclear,0.75,sites.google.com,S3,https://sites.google.com/essec.edu/exprime-danse-clamart/nos-salles,,,https://sites.google.com/essec.edu/exprime-danse-clamart/nos-salles
candidate,55,,92140 Clamart,,ai_classify_retry_chunk_0.jsonl,extracted_from_listing,venue_venue_sites.google.com_exprimedanse clamart_clamart,venue_venue_sites.google.com_exprimedanse clamart_clamart_x0_f8716b2035,new,0,25 personnes,multi venue listing,Clamart,0.65,,,salles_de_danse_n_2_clamart,92,"Page listant plusieurs salles utilisées par l'association avec noms, adresses et capacités.","email, phone, price, rental_page_url","Salles de Danse n° 2 — Maison des Associations, 13 rue de Bièvres 92140 CLAMART; Capacité d'élèves par cours : 25 personnes",55,4/8,ai_adaptive_extracted,2026-06-20,multi_venue_listing,in_scope,no,2026-06-20,48.796102,2.25475,"email, phone, price, rental_page_url",Salles de Danse n° 2,1,multi_venue_listing,0,,yes,"Page listant plusieurs salles utilisées par l'association avec noms, adresses et capacités.",,,0.55,unclear,0.65,sites.google.com,S3,https://sites.google.com/essec.edu/exprime-danse-clamart/nos-salles,,,https://sites.google.com/essec.edu/exprime-danse-clamart/nos-salles
candidate,55,,92140 Clamart,,ai_classify_retry_chunk_0.jsonl,extracted_from_listing,venue_venue_sites.google.com_exprimedanse clamart_clamart,venue_venue_sites.google.com_exprimedanse clamart_clamart_x1_2b981bb853,new,0,35-40 personnes,multi venue listing,Clamart,0.65,,,salle_bleue_clamart,92,"Page listant plusieurs salles utilisées par l'association avec noms, adresses et capacités.","email, phone, price, rental_page_url","Salle Bleue — Maison des Sports, 1 rue du Vieux Cimetière 92140 CLAMART; Capacité d'élèves par cours : 35-40 personnes",55,4/8,ai_adaptive_extracted,2026-06-20,multi_venue_listing,in_scope,no,2026-06-20,48.796102,2.25475,"email, phone, price, rental_page_url",Salle Bleue,1,multi_venue_listing,0,,yes,"Page listant plusieurs salles utilisées par l'association avec noms, adresses et capacités.",,,0.55,unclear,0.65,sites.google.com,S3,https://sites.google.com/essec.edu/exprime-danse-clamart/nos-salles,,,https://sites.google.com/essec.edu/exprime-danse-clamart/nos-salles
candidate,55,,92140 Clamart,,ai_classify_retry_chunk_0.jsonl,extracted_from_listing,venue_venue_sites.google.com_exprimedanse clamart_clamart,venue_venue_sites.google.com_exprimedanse clamart_clamart_x2_e0a9ecb570,new,0,35-40 personnes,multi venue listing,Clamart,0.65,,,salle_andr_charre_clamart,92,"Page listant plusieurs salles utilisées par l'association avec noms, adresses et capacités.","email, phone, price, rental_page_url","Salle André CHARRE — Maison de quartier André Charré, 10 Route de la Garenne 92140 CLAMART; Capacité d'élèves par cours : 35-40 personnes",55,4/8,ai_adaptive_extracted,2026-06-20,multi_venue_listing,in_scope,no,2026-06-20,48.796102,2.25475,"email, phone, price, rental_page_url",Salle André CHARRE,1,multi_venue_listing,0,,yes,"Page listant plusieurs salles utilisées par l'association avec noms, adresses et capacités.",,,0.55,unclear,0.65,sites.google.com,S3,https://sites.google.com/essec.edu/exprime-danse-clamart/nos-salles,,,https://sites.google.com/essec.edu/exprime-danse-clamart/nos-salles
candidate,75,,,,ai_classify_retry_chunk_1_0.jsonl,single,venue_venue_themuselab.fr_informations_,venue_venue_themuselab.fr_informations_,to_contact,0,,official rental page,,0.75,,,the_muse_lab_montigny_le_bretonneux_,92,Page officielle The Muse Lab dédiée à la location d'un studio de danse; elle décrit l'offre de location de Montigny et mentionne aussi le lieu de Boulogne.,"adresse complète du studio de Montigny, capacity, capacité maximale, city, email, email/téléphone direct, phone, postal_code, price, tarifs détaillés",Page officielle The Muse Lab dédiée à la location d'un studio de danse; elle décrit l'offre de location de Montigny et mentionne aussi le lieu de Boulogne.,75,-2/8,ai_adaptive_extracted,2026-06-20,official_rental_page,in_scope,no,2026-06-20,,,"adresse complète du studio de Montigny, capacity, capacité maximale, city, email, email/téléphone direct, phone, postal_code, price, tarifs détaillés",The Muse Lab Montigny-le-Bretonneux,1,official_rental_page,0,,no,,,Page officielle The Muse Lab dédiée à la location d'un studio de danse; elle décrit l'offre de location de Montigny et mentionne aussi le lieu de Boulogne.,0.85,possible,0.75,themuselab.fr,S3,https://themuselab.fr/location-de-salles,,https://themuselab.fr/location-de-salles,https://themuselab.fr/location-de-salles
candidate,80,,,,ai_classify_retry_chunk_1_0.jsonl,extracted_from_listing,venue_venue_themuselab.fr_informations_,venue_venue_themuselab.fr_informations__x0_36291ef195,to_contact,0,70 m²,official rental page,Montigny-le-Bretonneux,0.65,,,the_muse_lab_montigny_le_bretonneux_montigny_le_bretonneux,78,Page officielle The Muse Lab dédiée à la location d'un studio de danse; elle décrit l'offre de location de Montigny et mentionne aussi le lieu de Boulogne.,"email, phone",Page officielle The Muse Lab dédiée à la location d'un studio de danse; elle décrit l'offre de location de Montigny et mentionne aussi le lieu de Boulogne.,80,6/8,ai_adaptive_extracted,2026-06-20,official_rental_page,in_scope,no,2026-06-20,,,"email, phone",The Muse Lab Montigny-le-Bretonneux,1,official_rental_page,0,"Tarifs variables selon durée et utilisation, indiqués dans le planning.",no,,,Page officielle The Muse Lab dédiée à la location d'un studio de danse; elle décrit l'offre de location de Montigny et mentionne aussi le lieu de Boulogne.,0.85,possible,0.65,themuselab.fr,S3,https://themuselab.fr/location-de-salles,,https://themuselab.fr/location-de-salles,https://themuselab.fr/location-de-salles
candidate,70,,,,ai_classify_retry_chunk_1_0.jsonl,extracted_from_listing,venue_venue_themuselab.fr_informations_,venue_venue_themuselab.fr_informations__x1_153fa68f41,to_contact,0,,official rental page,Boulogne-Billancourt,0.65,,,the_muse_lab_boulogne_billancourt_boulogne_billancourt,92,Page officielle The Muse Lab dédiée à la location d'un studio de danse; elle décrit l'offre de location de Montigny et mentionne aussi le lieu de Boulogne.,"capacity, email, phone, price",Page officielle The Muse Lab dédiée à la location d'un studio de danse; elle décrit l'offre de location de Montigny et mentionne aussi le lieu de Boulogne.,70,4/8,ai_adaptive_extracted,2026-06-20,official_rental_page,in_scope,no,2026-06-20,,,"capacity, email, phone, price",The Muse Lab Boulogne-Billancourt,1,official_rental_page,0,,no,,,Page officielle The Muse Lab dédiée à la location d'un studio de danse; elle décrit l'offre de location de Montigny et mentionne aussi le lieu de Boulogne.,0.85,possible,0.65,themuselab.fr,S3,https://themuselab.fr/location-de-salles,,https://themuselab.fr/location-de-salles,https://themuselab.fr/location-de-salles
candidate,55,,,,ai_classify_retry_chunk_1_0.jsonl,single,venue_venue_themuselab.fr_salle boulogne 92_,venue_venue_themuselab.fr_salle boulogne 92_,new,0,,official schedule page,,0.75,,,the_muse_lab_boulogne_billancourt_,92,"Page officielle du planning de cours à Boulogne avec adresse et tarifs de cours, mais aucune offre de location de salle n'est décrite.","capacity, capacité, city, conditions de location de salle, contact location, email, phone, postal_code, price, rental_page_url, surface","Page officielle du planning de cours à Boulogne avec adresse et tarifs de cours, mais aucune offre de location de salle n'est décrite.",55,-3/8,ai_adaptive_extracted,2026-06-20,official_schedule_page,in_scope,no,2026-06-20,,,"capacity, capacité, city, conditions de location de salle, contact location, email, phone, postal_code, price, rental_page_url, surface",The Muse Lab Boulogne-Billancourt,2,official_schedule_page,0,,yes,"Page officielle du planning de cours à Boulogne avec adresse et tarifs de cours, mais aucune offre de location de salle n'est décrite.",,,0.55,unclear,0.75,themuselab.fr,S3,https://themuselab.fr/le-planning-92/,,,https://themuselab.fr/le-planning-92/
candidate,55,,,,ai_classify_retry_chunk_1_0.jsonl,single,venue_venue_myoasso.com_yoga clamart_clamart,venue_venue_myoasso.com_yoga clamart_clamart,new,0,,official activity page,Clamart,0.75,,,my_s_ances_de_yoga_clamart_clamart,92,"Site officiel d'une association/activité yoga à Clamart avec lieux de cours, mais aucune location de salle n'est proposée.","capacity, capacité, contact salle, email, offre de location, phone, price, rental_page_url, surface, tarifs location","Site officiel d'une association/activité yoga à Clamart avec lieux de cours, mais aucune location de salle n'est proposée.",55,-2/8,ai_adaptive_extracted,2026-06-20,official_activity_page,in_scope,no,2026-06-20,48.796102,2.25475,"capacity, capacité, contact salle, email, offre de location, phone, price, rental_page_url, surface, tarifs location",mYô / séances de yoga à Clamart,1,official_activity_page,0,,yes,"Site officiel d'une association/activité yoga à Clamart avec lieux de cours, mais aucune location de salle n'est proposée.",,,0.55,unclear,0.75,myoasso.com,S3,https://www.myoasso.com,,,https://www.myoasso.com
candidate,50,,,,ai_classify_retry_chunk_1_0.jsonl,extracted_from_listing,venue_venue_myoasso.com_yoga clamart_clamart,venue_venue_myoasso.com_yoga clamart_clamart_x0_7c51de7b2b,new,0,,official activity page,Clamart,0.65,,,my_lieu_atelier_44_route_du_pav_blanc_clamart,92,"Site officiel d'une association/activité yoga à Clamart avec lieux de cours, mais aucune location de salle n'est proposée.","capacity, email, phone, price, rental_page_url","Site officiel d'une association/activité yoga à Clamart avec lieux de cours, mais aucune location de salle n'est proposée.",50,3/8,ai_adaptive_extracted,2026-06-20,official_activity_page,in_scope,no,2026-06-20,48.796102,2.25475,"capacity, email, phone, price, rental_page_url",mYô - lieu atelier 44 route du Pavé Blanc,1,official_activity_page,0,,yes,"Site officiel d'une association/activité yoga à Clamart avec lieux de cours, mais aucune location de salle n'est proposée.",,,0.55,unclear,0.65,myoasso.com,S3,https://www.myoasso.com,,,https://www.myoasso.com
candidate,50,,,,ai_classify_retry_chunk_1_0.jsonl,extracted_from_listing,venue_venue_myoasso.com_yoga clamart_clamart,venue_venue_myoasso.com_yoga clamart_clamart_x1_1e88ce735a,new,0,,official activity page,Clamart,0.65,,,salle_bleue_maison_des_sports_clamart,92,"Site officiel d'une association/activité yoga à Clamart avec lieux de cours, mais aucune location de salle n'est proposée.","capacity, email, phone, price, rental_page_url","Site officiel d'une association/activité yoga à Clamart avec lieux de cours, mais aucune location de salle n'est proposée.",50,3/8,ai_adaptive_extracted,2026-06-20,official_activity_page,in_scope,no,2026-06-20,48.796102,2.25475,"capacity, email, phone, price, rental_page_url","Salle bleue, Maison des Sports",1,official_activity_page,0,,yes,"Site officiel d'une association/activité yoga à Clamart avec lieux de cours, mais aucune location de salle n'est proposée.",,,0.55,unclear,0.65,myoasso.com,S3,https://www.myoasso.com,,,https://www.myoasso.com
candidate,55,,Sceaux,,ai_classify_retry_chunk_1_0.jsonl,single,venue_venue_estellegouyer.wixsite.com_studio de danse association projet danse paris 20 et sceaux_sceaux,venue_venue_estellegouyer.wixsite.com_studio de danse association projet danse paris 20 et sceaux_sceaux,new,0,,official venue info page,Sceaux,0.75,,,association_projet_danse_studios_paris_20_et_sceaux_sceaux,92,Page officielle listant les studios/adresses de cours de l'association; elle décrit des lieux mais pas une location ouverte.,"capacity, capacité, conditions de location, contact, email, phone, postal_code, price, rental_page_url, surface, tarifs",Page officielle listant les studios/adresses de cours de l'association; elle décrit des lieux mais pas une location ouverte.,55,-3/8,ai_adaptive_extracted,2026-06-20,official_venue_info_page,in_scope,no,2026-06-20,48.778984,2.301794,"capacity, capacité, conditions de location, contact, email, phone, postal_code, price, rental_page_url, surface, tarifs",Association Projet Danse - studios Paris 20 et Sceaux,1,official_venue_info_page,0,,yes,Page officielle listant les studios/adresses de cours de l'association; elle décrit des lieux mais pas une location ouverte.,,,0.55,unclear,0.75,estellegouyer.wixsite.com,S3,https://estellegouyer.wixsite.com/projetdanse/notre-salle-de-danse,,,https://estellegouyer.wixsite.com/projetdanse/notre-salle-de-danse
candidate,50,,,,ai_classify_retry_chunk_1_0.jsonl,extracted_from_listing,venue_venue_estellegouyer.wixsite.com_studio de danse association projet danse paris 20 et sceaux_sceaux,venue_venue_estellegouyer.wixsite.com_studio de danse association projet danse paris 20 et sceaux_sceaux_x0_fbf200320b,new,0,,official venue info page,Paris,0.65,,,centre_momboye_studios_projet_danse_paris,75,Page officielle listant les studios/adresses de cours de l'association; elle décrit des lieux mais pas une location ouverte.,"capacity, email, phone, price, rental_page_url",Page officielle listant les studios/adresses de cours de l'association; elle décrit des lieux mais pas une location ouverte.,50,3/8,ai_adaptive_extracted,2026-06-20,official_venue_info_page,in_scope,no,2026-06-20,48.778984,2.301794,"capacity, email, phone, price, rental_page_url",Centre Momboye - studios Projet Danse,1,official_venue_info_page,0,,yes,Page officielle listant les studios/adresses de cours de l'association; elle décrit des lieux mais pas une location ouverte.,,,0.55,unclear,0.65,estellegouyer.wixsite.com,S3,https://estellegouyer.wixsite.com/projetdanse/notre-salle-de-danse,,,https://estellegouyer.wixsite.com/projetdanse/notre-salle-de-danse
candidate,50,,,,ai_classify_retry_chunk_1_0.jsonl,extracted_from_listing,venue_venue_estellegouyer.wixsite.com_studio de danse association projet danse paris 20 et sceaux_sceaux,venue_venue_estellegouyer.wixsite.com_studio de danse association projet danse paris 20 et sceaux_sceaux_x1_5ccba683ed,new,0,,official venue info page,Sceaux,0.65,,,espace_michel_voisin_studio_2_sceaux,92,Page officielle listant les studios/adresses de cours de l'association; elle décrit des lieux mais pas une location ouverte.,"capacity, email, phone, price, rental_page_url",Page officielle listant les studios/adresses de cours de l'association; elle décrit des lieux mais pas une location ouverte.,50,3/8,ai_adaptive_extracted,2026-06-20,official_venue_info_page,in_scope,no,2026-06-20,48.778984,2.301794,"capacity, email, phone, price, rental_page_url",Espace Michel Voisin - Studio 2,1,official_venue_info_page,0,,yes,Page officielle listant les studios/adresses de cours de l'association; elle décrit des lieux mais pas une location ouverte.,,,0.55,unclear,0.65,estellegouyer.wixsite.com,S3,https://estellegouyer.wixsite.com/projetdanse/notre-salle-de-danse,,,https://estellegouyer.wixsite.com/projetdanse/notre-salle-de-danse
candidate,75,,Sceaux,,ai_classify_retry_chunk_1_0.jsonl,single,venue_venue_rock4you.dance_studios rental_sceaux,venue_venue_rock4you.dance_studios rental_sceaux,to_contact,0,,official multi venue rental page,Sceaux,0.75,,,rock_4_you_studios_rental_sceaux,92,"Page officielle de location multi-studios avec adresses, surfaces, capacités, équipements et tarifs détaillés.","capacity, conditions contractuelles, disponibilités exactes, email, email/téléphone direct, phone, postal_code, price","Page officielle de location multi-studios avec adresses, surfaces, capacités, équipements et tarifs détaillés.",75,0/8,ai_adaptive_extracted,2026-06-20,official_multi_venue_rental_page,in_scope,no,2026-06-20,,,"capacity, conditions contractuelles, disponibilités exactes, email, email/téléphone direct, phone, postal_code, price",Rock 4 You Studios Rental,1,official_multi_venue_rental_page,0,,no,,,"Page officielle de location multi-studios avec adresses, surfaces, capacités, équipements et tarifs détaillés.",0.85,possible,0.75,rock4you.dance,S3,https://www.rock4you.dance/en/salles,,https://www.rock4you.dance/en/salles,https://www.rock4you.dance/en/salles
candidate,80,,,,ai_classify_retry_chunk_1_0.jsonl,extracted_from_listing,venue_venue_rock4you.dance_studios rental_sceaux,venue_venue_rock4you.dance_studios rental_sceaux_x0_5e23341a87,to_contact,0,up to 50 people,official multi venue rental page,Paris,0.65,,,danse_cadix_paris,75,"Page officielle de location multi-studios avec adresses, surfaces, capacités, équipements et tarifs détaillés.","email, phone","Page officielle de location multi-studios avec adresses, surfaces, capacités, équipements et tarifs détaillés.",80,6/8,ai_adaptive_extracted,2026-06-20,official_multi_venue_rental_page,in_scope,no,2026-06-20,,,"email, phone",Danse Cadix,1,official_multi_venue_rental_page,0,25€/h répétition jusqu'à 6 personnes; 40€/h plus de 6; fêtes 200€ à 500€ selon créneau.,no,,,"Page officielle de location multi-studios avec adresses, surfaces, capacités, équipements et tarifs détaillés.",0.85,possible,0.65,rock4you.dance,S3,https://www.rock4you.dance/en/salles,,https://www.rock4you.dance/en/salles,https://www.rock4you.dance/en/salles
candidate,80,,,,ai_classify_retry_chunk_1_0.jsonl,extracted_from_listing,venue_venue_rock4you.dance_studios rental_sceaux,venue_venue_rock4you.dance_studios rental_sceaux_x1_67e3220e60,to_contact,0,up to 100 people,official multi venue rental page,Paris,0.65,,,danse_volontaires_paris,75,"Page officielle de location multi-studios avec adresses, surfaces, capacités, équipements et tarifs détaillés.","email, phone","Page officielle de location multi-studios avec adresses, surfaces, capacités, équipements et tarifs détaillés.",80,6/8,ai_adaptive_extracted,2026-06-20,official_multi_venue_rental_page,in_scope,no,2026-06-20,,,"email, phone",Danse Volontaires,1,official_multi_venue_rental_page,0,15€/h cours particulier jusqu'à 6; 25€/h répétition jusqu'à 6; 50€/h location plus de 6 (main room only).,no,,,"Page officielle de location multi-studios avec adresses, surfaces, capacités, équipements et tarifs détaillés.",0.85,possible,0.65,rock4you.dance,S3,https://www.rock4you.dance/en/salles,,https://www.rock4you.dance/en/salles,https://www.rock4you.dance/en/salles
candidate,85,,,,ai_classify_retry_chunk_1_1.jsonl,single,venue_venue_namasteom.com_accepter_,venue_venue_namasteom.com_accepter_,to_contact,0,10-12 personnes allongées sur tapis; 25 personnes assises,official rental page,,0.75,,,centre_namast_om_,75,"La page décrit explicitement la location de la salle de yoga du Centre NamastéOm avec adresse, surface, capacité, équipements et tarifs. Le nom d'entrée 'Accepter' est un artefact de bannière cookies et non le nom du lieu.","city, email, phone","La page décrit explicitement la location de la salle de yoga du Centre NamastéOm avec adresse, surface, capacité, équipements et tarifs. Le nom d'entrée 'Accepter' est un artefact de bannière cookies et non le nom du lieu.",85,5/8,ai_adaptive_extracted,2026-06-20,official_rental_page,in_scope,no,2026-06-20,48.843487,2.408235,"city, email, phone",Centre NamastéOm,1,official_rental_page,0,"semaine 25 €/h heures creuses, 30 €/h heures pleines; week-end 125 € demi-journée, 250 € journée, 450 € week-end 2 jours, 170 € soirée; promotions ponctuelles 200 €/jour, 400 €/2 jours, 500 €/3 jours",no,,,"La page décrit explicitement la location de la salle de yoga du Centre NamastéOm avec adresse, surface, capacité, équipements et tarifs. Le nom d'entrée 'Accepter' est un artefact de bannière cookies et non le nom du lieu.",0.85,possible,0.75,namasteom.com,S3,https://www.namasteom.com/location-salle,,https://www.namasteom.com/location-salle,https://www.namasteom.com/location-salle
candidate,80,,,,ai_classify_retry_chunk_1_0.jsonl,extracted_from_listing,venue_venue_namasteom.com_location salle yoga_,venue_venue_namasteom.com_location salle yoga__x0_d71c893b64,to_contact,0,10-12 personnes allongées sur tapis; 25 personnes assises,official rental page,Paris,0.65,,,centre_namast_om_salle_de_yoga_paris,75,"Page officielle explicitement consacrée à la location de la salle de yoga NamastéOm avec adresse, surface, capacité et équipements.","email, phone","Page officielle explicitement consacrée à la location de la salle de yoga NamastéOm avec adresse, surface, capacité et équipements.",80,6/8,ai_adaptive_extracted,2026-06-20,official_rental_page,in_scope,no,2026-06-20,48.843487,2.408235,"email, phone",Centre NamastéOm - salle de yoga,1,official_rental_page,0,Tarifs indiqués plus bas sur la page; vidéo-projecteur 40€/jour ou 25€/demi-journée avec caution 300€.,no,,,"Page officielle explicitement consacrée à la location de la salle de yoga NamastéOm avec adresse, surface, capacité et équipements.",0.85,possible,0.65,namasteom.com,S4,https://www.namasteom.com/location-salle,,https://www.namasteom.com/location-salle,https://www.namasteom.com/location-salle
candidate,83,,,,ai_classify_retry_chunk_1_0.jsonl,extracted_from_listing,venue_venue_namasteom.com_infos et demande location de la salle_,venue_venue_namasteom.com_infos et demande location de la salle__x0_8b7e57af25,to_contact,0,10-12 tapis; 25 assis (from rental page),official contact rental inquiry page,Paris,0.65,,+33 7 56 90 20 16 — contact@namasteom.com,centre_namast_om_paris,75,Page officielle de contact du centre; elle mentionne explicitement les demandes de location de la salle et fournit adresse/téléphone/email.,price,Page officielle de contact du centre; elle mentionne explicitement les demandes de location de la salle et fournit adresse/téléphone/email.,83,7/8,ai_adaptive_extracted,2026-06-20,official_contact_rental_inquiry_page,in_scope,no,2026-06-20,48.843487,2.408235,price,Centre NamastéOm,1,official_contact_rental_inquiry_page,0,,no,,,Page officielle de contact du centre; elle mentionne explicitement les demandes de location de la salle et fournit adresse/téléphone/email.,0.85,possible,0.65,namasteom.com,S3,https://www.namasteom.com/contact,,https://www.namasteom.com/location-salle,https://www.namasteom.com/contact
candidate,75,,,,ai_classify_retry_chunk_1_0.jsonl,single,obs_legacy-source-records_6795e718fe,obs_legacy-source-records_6795e718fe,to_contact,0,,directory rental venue page,,0.75,,,metta_villa_,94,"Fiche individuelle YogMee marquée Lieu à louer avec coordonnées, site et adresse.","address, capacity, capacité, city, description détaillée, email, phone, postal_code, price, surface, tarifs","Fiche individuelle YogMee marquée Lieu à louer avec coordonnées, site et adresse.",75,-3/8,ai_adaptive_extracted,2026-06-20,directory_rental_venue_page,in_scope,no,2026-06-20,,,"address, capacity, capacité, city, description détaillée, email, phone, postal_code, price, surface, tarifs",METTA VILLA,1,directory_rental_venue_page,0,,no,,,"Fiche individuelle YogMee marquée Lieu à louer avec coordonnées, site et adresse.",0.85,possible,0.75,yogmee.fr,S3,https://www.yogmee.fr/salles/metta-villa,,https://www.yogmee.fr/salles/metta-villa,https://www.yogmee.fr/salles/metta-villa
candidate,78,,,,ai_classify_retry_chunk_1_0.jsonl,extracted_from_listing,obs_legacy-source-records_6795e718fe,obs_legacy-source-records_6795e718fe_x0_1af09de0c7,to_contact,0,,directory rental venue page,Salies de Béarn,0.65,,0685122381 — contact@mettavilla.fr,metta_villa_salies_de_b_arn,94,"Fiche individuelle YogMee marquée Lieu à louer avec coordonnées, site et adresse.","capacity, postal_code, price","Fiche individuelle YogMee marquée Lieu à louer avec coordonnées, site et adresse.",78,5/8,ai_adaptive_extracted,2026-06-20,directory_rental_venue_page,in_scope,no,2026-06-20,,,"capacity, postal_code, price",METTA VILLA,1,directory_rental_venue_page,0,,no,,,"Fiche individuelle YogMee marquée Lieu à louer avec coordonnées, site et adresse.",0.85,possible,0.65,yogmee.fr,S3,https://www.yogmee.fr/salles/metta-villa,,https://www.yogmee.fr/salles/metta-villa,https://www.yogmee.fr/salles/metta-villa
candidate,75,,,,ai_classify_retry_chunk_1_0.jsonl,single,obs_legacy-source-records_6c420dd07c,obs_legacy-source-records_6c420dd07c,to_contact,0,,directory rental venue page,,0.75,,,la_grange_de_la_montagne_vihan_,94,"Fiche YogMee Lieu à louer très détaillée avec salle, hébergement, tarif, adresse et contact.","address, capacity, city, email, phone, postal_code, price, site internet complet tronqué","Fiche YogMee Lieu à louer très détaillée avec salle, hébergement, tarif, adresse et contact.",75,0/8,ai_adaptive_extracted,2026-06-20,directory_rental_venue_page,in_scope,no,2026-06-20,,,"address, capacity, city, email, phone, postal_code, price, site internet complet tronqué",La Grange de la Montagne Vihan,1,directory_rental_venue_page,0,,no,,,"Fiche YogMee Lieu à louer très détaillée avec salle, hébergement, tarif, adresse et contact.",0.85,possible,0.75,yogmee.fr,S3,https://www.yogmee.fr/salles/salle-pour-stage-en-pleine-nature-au-centre-finistere,,https://www.yogmee.fr/salles/salle-pour-stage-en-pleine-nature-au-centre-finistere,https://www.yogmee.fr/salles/salle-pour-stage-en-pleine-nature-au-centre-finistere
candidate,88,,,,ai_classify_retry_chunk_1_0.jsonl,extracted_from_listing,obs_legacy-source-records_6c420dd07c,obs_legacy-source-records_6c420dd07c_x0_3ce0a67172,to_contact,0,gîte jusqu'à 8 personnes,directory rental venue page,Landeleau,0.65,,06.06.45.63.45 — ronan.guillou@neuf.fr,la_grange_de_la_montagne_vihan_landeleau,94,"Fiche YogMee Lieu à louer très détaillée avec salle, hébergement, tarif, adresse et contact.",postal_code,"Fiche YogMee Lieu à louer très détaillée avec salle, hébergement, tarif, adresse et contact.",88,7/8,ai_adaptive_extracted,2026-06-20,directory_rental_venue_page,in_scope,no,2026-06-20,,,postal_code,La Grange de la Montagne Vihan,1,directory_rental_venue_page,0,Salle: 100€/jour; chambre: forfait 20€ + 10€/personne.,no,,,"Fiche YogMee Lieu à louer très détaillée avec salle, hébergement, tarif, adresse et contact.",0.85,possible,0.65,yogmee.fr,S3,https://www.yogmee.fr/salles/salle-pour-stage-en-pleine-nature-au-centre-finistere,,https://www.yogmee.fr/salles/salle-pour-stage-en-pleine-nature-au-centre-finistere,https://www.yogmee.fr/salles/salle-pour-stage-en-pleine-nature-au-centre-finistere
candidate,75,,,,ai_classify_retry_chunk_1_0.jsonl,single,obs_legacy-source-records_56823f985b,obs_legacy-source-records_56823f985b,to_contact,0,,directory rental venue page,,0.75,,,eka_yoga_centre_de_yoga_de_85_m2_,94,"Fiche individuelle YogMee 'Lieu à louer' avec adresse, taille et coordonnées du gestionnaire.","capacity, capacité, city, description détaillée, email, phone, postal_code, price, tarifs","Fiche individuelle YogMee 'Lieu à louer' avec adresse, taille et coordonnées du gestionnaire.",75,-1/8,ai_adaptive_extracted,2026-06-20,directory_rental_venue_page,in_scope,no,2026-06-20,,,"capacity, capacité, city, description détaillée, email, phone, postal_code, price, tarifs",Eka Yoga - Centre de Yoga de 85 m2,1,directory_rental_venue_page,0,,no,,,"Fiche individuelle YogMee 'Lieu à louer' avec adresse, taille et coordonnées du gestionnaire.",0.85,possible,0.75,yogmee.fr,S3,https://www.yogmee.fr/salles/centre-de-yoga-de-85-m2-une-salle-daccueil-et-une-salle-denseignement,,https://www.yogmee.fr/salles/centre-de-yoga-de-85-m2-une-salle-daccueil-et-une-salle-denseignement,https://www.yogmee.fr/salles/centre-de-yoga-de-85-m2-une-salle-daccueil-et-une-salle-denseignement
candidate,83,,,,ai_classify_retry_chunk_1_0.jsonl,extracted_from_listing,obs_legacy-source-records_56823f985b,obs_legacy-source-records_56823f985b_x0_e1ee97a4a2,to_contact,0,85 m²,directory rental venue page,Toulouse,0.65,,0645995562 — contact@ekayoga.fr,eka_yoga_centre_de_yoga_de_85_m2_toulouse,94,"Fiche individuelle YogMee 'Lieu à louer' avec adresse, taille et coordonnées du gestionnaire.","postal_code, price","Fiche individuelle YogMee 'Lieu à louer' avec adresse, taille et coordonnées du gestionnaire.",83,6/8,ai_adaptive_extracted,2026-06-20,directory_rental_venue_page,in_scope,no,2026-06-20,,,"postal_code, price",Eka Yoga - Centre de Yoga de 85 m2,1,directory_rental_venue_page,0,,no,,,"Fiche individuelle YogMee 'Lieu à louer' avec adresse, taille et coordonnées du gestionnaire.",0.85,possible,0.65,yogmee.fr,S3,https://www.yogmee.fr/salles/centre-de-yoga-de-85-m2-une-salle-daccueil-et-une-salle-denseignement,,https://www.yogmee.fr/salles/centre-de-yoga-de-85-m2-une-salle-daccueil-et-une-salle-denseignement,https://www.yogmee.fr/salles/centre-de-yoga-de-85-m2-une-salle-daccueil-et-une-salle-denseignement
candidate,75,,,,ai_classify_retry_chunk_1_0.jsonl,single,obs_legacy-source-records_9b1a76276c,obs_legacy-source-records_9b1a76276c,to_contact,0,,directory rental venue page,,0.75,,,a_mare_corsica_seaside_small_resort_,94,Fiche YogMee Lieu à louer décrivant la privatisation d'un resort pour retraites avec adresse et contact.,"address, capacity, capacité participants exacte, city, email, phone, postal_code, price, surface salle intérieure, tarifs",Fiche YogMee Lieu à louer décrivant la privatisation d'un resort pour retraites avec adresse et contact.,75,-2/8,ai_adaptive_extracted,2026-06-20,directory_rental_venue_page,in_scope,no,2026-06-20,,,"address, capacity, capacité participants exacte, city, email, phone, postal_code, price, surface salle intérieure, tarifs",A’mare Corsica Seaside Small Resort,1,directory_rental_venue_page,0,,no,,,Fiche YogMee Lieu à louer décrivant la privatisation d'un resort pour retraites avec adresse et contact.,0.85,possible,0.75,yogmee.fr,S3,https://www.yogmee.fr/salles/amare-corsica-un-havre-de-paix-en-corse-pour-des-retraites-de-yoga-inoubliables,,https://www.yogmee.fr/salles/amare-corsica-un-havre-de-paix-en-corse-pour-des-retraites-de-yoga-inoubliables,https://www.yogmee.fr/salles/amare-corsica-un-havre-de-paix-en-corse-pour-des-retraites-de-yoga-inoubliables
candidate,83,,,,ai_classify_retry_chunk_1_0.jsonl,extracted_from_listing,obs_legacy-source-records_9b1a76276c,obs_legacy-source-records_9b1a76276c_x0_eb8251d98a,to_contact,0,27 chambres,directory rental venue page,Propriano,0.65,,0495760613 — marketing@amarecorsica.com,a_mare_corsica_seaside_small_resort_propriano,94,Fiche YogMee Lieu à louer décrivant la privatisation d'un resort pour retraites avec adresse et contact.,"postal_code, price",Fiche YogMee Lieu à louer décrivant la privatisation d'un resort pour retraites avec adresse et contact.,83,6/8,ai_adaptive_extracted,2026-06-20,directory_rental_venue_page,in_scope,no,2026-06-20,,,"postal_code, price",A’mare Corsica Seaside Small Resort,1,directory_rental_venue_page,0,,no,,,Fiche YogMee Lieu à louer décrivant la privatisation d'un resort pour retraites avec adresse et contact.,0.85,possible,0.65,yogmee.fr,S3,https://www.yogmee.fr/salles/amare-corsica-un-havre-de-paix-en-corse-pour-des-retraites-de-yoga-inoubliables,,https://www.yogmee.fr/salles/amare-corsica-un-havre-de-paix-en-corse-pour-des-retraites-de-yoga-inoubliables,https://www.yogmee.fr/salles/amare-corsica-un-havre-de-paix-en-corse-pour-des-retraites-de-yoga-inoubliables
candidate,75,,,,ai_classify_retry_chunk_1_0.jsonl,single,obs_legacy-source-records_dc6828ad5e,obs_legacy-source-records_dc6828ad5e,to_contact,0,,directory rental venue page,,0.75,,,domaine_du_pas_de_l_ane_,94,"Fiche YogMee Lieu à louer avec description de privatisation, capacité, surface, adresse et contact.","address, adresse communale précise, capacity, city, email, phone, postal_code, price, tarifs","Fiche YogMee Lieu à louer avec description de privatisation, capacité, surface, adresse et contact.",75,-1/8,ai_adaptive_extracted,2026-06-20,directory_rental_venue_page,in_scope,no,2026-06-20,,,"address, adresse communale précise, capacity, city, email, phone, postal_code, price, tarifs",Domaine du Pas de l'Ane,1,directory_rental_venue_page,0,,no,,,"Fiche YogMee Lieu à louer avec description de privatisation, capacité, surface, adresse et contact.",0.85,possible,0.75,yogmee.fr,S3,https://www.yogmee.fr/salles/domaine-du-pas-de-l-ane,,https://www.yogmee.fr/salles/domaine-du-pas-de-l-ane,https://www.yogmee.fr/salles/domaine-du-pas-de-l-ane
candidate,83,,,,ai_classify_retry_chunk_1_0.jsonl,extracted_from_listing,obs_legacy-source-records_dc6828ad5e,obs_legacy-source-records_dc6828ad5e_x0_2d29d93759,to_contact,0,maximum 11 people,directory rental venue page,Gironde,0.65,,0681710247 — isavolleprince@orange.fr,domaine_du_pas_de_l_ane_gironde,94,"Fiche YogMee Lieu à louer avec description de privatisation, capacité, surface, adresse et contact.","postal_code, price","Fiche YogMee Lieu à louer avec description de privatisation, capacité, surface, adresse et contact.",83,6/8,ai_adaptive_extracted,2026-06-20,directory_rental_venue_page,in_scope,no,2026-06-20,,,"postal_code, price",Domaine du Pas de l'Ane,1,directory_rental_venue_page,0,,no,,,"Fiche YogMee Lieu à louer avec description de privatisation, capacité, surface, adresse et contact.",0.85,possible,0.65,yogmee.fr,S3,https://www.yogmee.fr/salles/domaine-du-pas-de-l-ane,,https://www.yogmee.fr/salles/domaine-du-pas-de-l-ane,https://www.yogmee.fr/salles/domaine-du-pas-de-l-ane
candidate,75,,,,ai_classify_retry_chunk_1_0.jsonl,single,obs_legacy-source-records_a3298b1e88,obs_legacy-source-records_a3298b1e88,to_contact,0,,directory rental venue page,,0.75,,,ecolodge_la_belle_verte_,94,"Fiche YogMee Lieu à louer avec salle, capacité, hébergement, adresse et contact.","address, capacity, city, email, phone, postal_code, price, site complet tronqué, tarifs","Fiche YogMee Lieu à louer avec salle, capacité, hébergement, adresse et contact.",75,-1/8,ai_adaptive_extracted,2026-06-20,directory_rental_venue_page,in_scope,no,2026-06-20,,,"address, capacity, city, email, phone, postal_code, price, site complet tronqué, tarifs",Ecolodge la Belle Verte,1,directory_rental_venue_page,0,,no,,,"Fiche YogMee Lieu à louer avec salle, capacité, hébergement, adresse et contact.",0.85,possible,0.75,yogmee.fr,S3,https://www.yogmee.fr/salles/ecolodge-la-belle-verte-lieu-de-retraite-yoga-et-bien-etre,,https://www.yogmee.fr/salles/ecolodge-la-belle-verte-lieu-de-retraite-yoga-et-bien-etre,https://www.yogmee.fr/salles/ecolodge-la-belle-verte-lieu-de-retraite-yoga-et-bien-etre
candidate,83,,Saint-M'Hervé,,ai_classify_retry_chunk_1_0.jsonl,extracted_from_listing,obs_legacy-source-records_a3298b1e88,obs_legacy-source-records_a3298b1e88_x0_2cdec68f91,to_contact,0,Salle 10 à 15 personnes; hébergements 17 personnes maximum,directory rental venue page,Saint-M'Hervé,0.65,,0611309185 — contact@ecolodge-labelleverte.fr,ecolodge_la_belle_verte_saint_m_herv,94,"Fiche YogMee Lieu à louer avec salle, capacité, hébergement, adresse et contact.","postal_code, price","Fiche YogMee Lieu à louer avec salle, capacité, hébergement, adresse et contact.",83,6/8,ai_adaptive_extracted,2026-06-20,directory_rental_venue_page,in_scope,no,2026-06-20,,,"postal_code, price",Ecolodge la Belle Verte,1,directory_rental_venue_page,0,,no,,,"Fiche YogMee Lieu à louer avec salle, capacité, hébergement, adresse et contact.",0.85,possible,0.65,yogmee.fr,S3,https://www.yogmee.fr/salles/ecolodge-la-belle-verte-lieu-de-retraite-yoga-et-bien-etre,,https://www.yogmee.fr/salles/ecolodge-la-belle-verte-lieu-de-retraite-yoga-et-bien-etre,https://www.yogmee.fr/salles/ecolodge-la-belle-verte-lieu-de-retraite-yoga-et-bien-etre
candidate,75,,,,ai_classify_retry_chunk_1_0.jsonl,single,obs_legacy-source-records_ac6b694019,obs_legacy-source-records_ac6b694019,to_contact,0,,directory rental venue page,,0.75,,,domaine_mas_del_lum_,94,"Fiche YogMee Lieu à louer avec adresse et coordonnées, positionnée pour stages/retraites bien-être.","capacity, capacité, city, email, phone, postal_code, price, surface salle intérieure, tarifs","Fiche YogMee Lieu à louer avec adresse et coordonnées, positionnée pour stages/retraites bien-être.",75,-1/8,ai_adaptive_extracted,2026-06-20,directory_rental_venue_page,in_scope,no,2026-06-20,,,"capacity, capacité, city, email, phone, postal_code, price, surface salle intérieure, tarifs",Domaine Mas Del Lum,1,directory_rental_venue_page,0,,no,,,"Fiche YogMee Lieu à louer avec adresse et coordonnées, positionnée pour stages/retraites bien-être.",0.85,possible,0.75,yogmee.fr,S3,https://www.yogmee.fr/salles/domaine-mas-del-lum-0,,https://www.yogmee.fr/salles/domaine-mas-del-lum-0,https://www.yogmee.fr/salles/domaine-mas-del-lum-0
candidate,83,,,,ai_classify_retry_chunk_1_0.jsonl,extracted_from_listing,obs_legacy-source-records_ac6b694019,obs_legacy-source-records_ac6b694019_x0_fe126ca563,to_contact,0,4 hectares site,directory rental venue page,Boussac,0.65,,0648054684 — carinegerald6@gmail.com,domaine_mas_del_lum_boussac,94,"Fiche YogMee Lieu à louer avec adresse et coordonnées, positionnée pour stages/retraites bien-être.","postal_code, price","Fiche YogMee Lieu à louer avec adresse et coordonnées, positionnée pour stages/retraites bien-être.",83,6/8,ai_adaptive_extracted,2026-06-20,directory_rental_venue_page,in_scope,no,2026-06-20,,,"postal_code, price",Domaine Mas Del Lum,1,directory_rental_venue_page,0,,no,,,"Fiche YogMee Lieu à louer avec adresse et coordonnées, positionnée pour stages/retraites bien-être.",0.85,possible,0.65,yogmee.fr,S3,https://www.yogmee.fr/salles/domaine-mas-del-lum-0,,https://www.yogmee.fr/salles/domaine-mas-del-lum-0,https://www.yogmee.fr/salles/domaine-mas-del-lum-0
candidate,75,,,,ai_classify_retry_chunk_1_0.jsonl,single,obs_legacy-source-records_392a9a4bd4,obs_legacy-source-records_392a9a4bd4,to_contact,0,,directory rental venue page,,0.75,,,havre_de_paix_villa_au_bord_d_une_rivi_re_priv_e_,94,"Fiche YogMee Lieu à louer décrivant une villa/retraite avec capacité, surface listée, coordonnées et lien de location.","address, adresse postale complète, capacity, city, conditions de privatisation, email, phone, postal_code, price, tarifs","Fiche YogMee Lieu à louer décrivant une villa/retraite avec capacité, surface listée, coordonnées et lien de location.",75,-2/8,ai_adaptive_extracted,2026-06-20,directory_rental_venue_page,in_scope,no,2026-06-20,,,"address, adresse postale complète, capacity, city, conditions de privatisation, email, phone, postal_code, price, tarifs",Havre de paix / villa au bord d'une rivière privée,1,directory_rental_venue_page,0,,no,,,"Fiche YogMee Lieu à louer décrivant une villa/retraite avec capacité, surface listée, coordonnées et lien de location.",0.85,possible,0.75,yogmee.fr,S3,https://www.yogmee.fr/salles/havre-de-paix-pour-un-bien-etre-inoubliable-au-bord-dune-riviere-privee,,https://www.yogmee.fr/salles/havre-de-paix-pour-un-bien-etre-inoubliable-au-bord-dune-riviere-privee,https://www.yogmee.fr/salles/havre-de-paix-pour-un-bien-etre-inoubliable-au-bord-dune-riviere-privee
candidate,83,,Prémian / Olargues area,,ai_classify_retry_chunk_1_0.jsonl,extracted_from_listing,obs_legacy-source-records_392a9a4bd4,obs_legacy-source-records_392a9a4bd4_x0_e6160af4ae,to_contact,0,"5 chambres, jusqu'à 13 personnes",directory rental venue page,Prémian / Olargues area,0.65,,0652949386 — laurent.thomasonline@gmail.com,havre_de_paix_villa_au_bord_d_une_rivi_re_priv_e_pr_mian_olargues_area,94,"Fiche YogMee Lieu à louer décrivant une villa/retraite avec capacité, surface listée, coordonnées et lien de location.","address, postal_code, price","Fiche YogMee Lieu à louer décrivant une villa/retraite avec capacité, surface listée, coordonnées et lien de location.",83,5/8,ai_adaptive_extracted,2026-06-20,directory_rental_venue_page,in_scope,no,2026-06-20,,,"address, postal_code, price",Havre de paix / villa au bord d'une rivière privée,1,directory_rental_venue_page,0,,no,,,"Fiche YogMee Lieu à louer décrivant une villa/retraite avec capacité, surface listée, coordonnées et lien de location.",0.85,possible,0.65,yogmee.fr,S3,https://www.yogmee.fr/salles/havre-de-paix-pour-un-bien-etre-inoubliable-au-bord-dune-riviere-privee,,https://www.yogmee.fr/salles/havre-de-paix-pour-un-bien-etre-inoubliable-au-bord-dune-riviere-privee,https://www.yogmee.fr/salles/havre-de-paix-pour-un-bien-etre-inoubliable-au-bord-dune-riviere-privee
candidate,93,,,,ai_classify_retry_chunk_1_1.jsonl,single,venue_venue_lemagasin.org_location de salles_,venue_venue_lemagasin.org_location de salles_,to_contact,0,Le Plato: jauge 68 places,official rental page,,0.75,,01 49 65 49 52,le_magasin_vagabond_,75,"Page officielle de location de salles à Malakoff pour répétitions, théâtre, tournage et formations; elle détaille notamment la salle Le Plato, tarifs indicatifs et contact/devis.","city, email, postal_code","Page officielle de location de salles à Malakoff pour répétitions, théâtre, tournage et formations; elle détaille notamment la salle Le Plato, tarifs indicatifs et contact/devis.",93,5/8,ai_adaptive_extracted,2026-06-20,official_rental_page,in_scope,no,2026-06-20,,,"city, email, postal_code",Le Magasin / Vagabond,1,official_rental_page,0,"à partir de 25 €/heure, tarifs dégressifs et devis personnalisé",no,,,"Page officielle de location de salles à Malakoff pour répétitions, théâtre, tournage et formations; elle détaille notamment la salle Le Plato, tarifs indicatifs et contact/devis.",0.85,possible,0.75,lemagasin.org,S4,https://www.lemagasin.org/location-salle-repetition-theatre-paris,,https://www.lemagasin.org/location-salle-repetition-theatre-paris,https://www.lemagasin.org/location-salle-repetition-theatre-paris
candidate,65,,,,ai_classify_retry_chunk_1_1.jsonl,single,obs_legacy-source-records_692aae21fb,obs_legacy-source-records_692aae21fb,new,0,non indiqué,third party directory profile,,0.75,,,82_studio_,77,Fiche annuaire EasyZic pour un studio unique; elle décrit des services d'enregistrement/mixage mais ne présente pas une location de salle au public dans l'extrait.,"city, email, phone, postal_code, rental_page_url",Fiche annuaire EasyZic pour un studio unique; elle décrit des services d'enregistrement/mixage mais ne présente pas une location de salle au public dans l'extrait.,65,3/8,ai_adaptive_extracted,2026-06-20,third_party_directory_profile,in_scope,no,2026-06-20,48.945352,2.879354,"city, email, phone, postal_code, rental_page_url",82 Studio,1,third_party_directory_profile,0,non indiqué,yes,Fiche annuaire EasyZic pour un studio unique; elle décrit des services d'enregistrement/mixage mais ne présente pas une location de salle au public dans l'extrait.,,,0.55,unclear,0.75,easyzic.com,S3,"https://www.easyzic.com/annuaire/etablissements/82-studio,301647.html",,,"https://www.easyzic.com/annuaire/etablissements/82-studio,301647.html"
candidate,73,,,,ai_classify_retry_chunk_1_1.jsonl,single,obs_legacy-source-records_afc6798626,obs_legacy-source-records_afc6798626,new,0,non indiqué,third party directory profile,,0.75,,+33 1.64.33.31.01,82studio_,77,Fiche annuaire d'un établissement unique avec adresse et téléphone; aucune information de location de salle ou réservation d'espace n'est visible.,"city, email, rental_page_url",Fiche annuaire d'un établissement unique avec adresse et téléphone; aucune information de location de salle ou réservation d'espace n'est visible.,73,5/8,ai_adaptive_extracted,2026-06-20,third_party_directory_profile,in_scope,no,2026-06-20,48.945352,2.879354,"city, email, rental_page_url",82Studio,1,third_party_directory_profile,0,non indiqué,yes,Fiche annuaire d'un établissement unique avec adresse et téléphone; aucune information de location de salle ou réservation d'espace n'est visible.,,,0.55,unclear,0.75,easyzic.com,S3,"https://www.easyzic.com/annuaire/etablissements/82studio,385757.html",,,"https://www.easyzic.com/annuaire/etablissements/82studio,385757.html"
candidate,85,,,,ai_classify_retry_chunk_1_1.jsonl,single,obs_legacy-source-records_bfff00c83a,obs_legacy-source-records_bfff00c83a,to_contact,0,non indiqué,third party directory profile,,0.75,,,eightball_studios_,77,"Fiche annuaire d'un lieu unique qui mentionne explicitement des studios de répétition en location horaire et une salle de concert, mais sans adresse complète ni tarifs dans l'extrait.","city, email, phone, postal_code","Fiche annuaire d'un lieu unique qui mentionne explicitement des studios de répétition en location horaire et une salle de concert, mais sans adresse complète ni tarifs dans l'extrait.",85,4/8,ai_adaptive_extracted,2026-06-20,third_party_directory_profile,in_scope,no,2026-06-20,,,"city, email, phone, postal_code",Eightball-studios,1,third_party_directory_profile,0,non indiqué,no,,,"Fiche annuaire d'un lieu unique qui mentionne explicitement des studios de répétition en location horaire et une salle de concert, mais sans adresse complète ni tarifs dans l'extrait.",0.85,possible,0.75,easyzic.com,S3,"https://www.easyzic.com/annuaire/etablissements/eightball-studios,354697.html",,"https://www.easyzic.com/annuaire/etablissements/eightball-studios,354697.html","https://www.easyzic.com/annuaire/etablissements/eightball-studios,354697.html"
candidate,65,,,,ai_classify_retry_chunk_1_1.jsonl,single,obs_legacy-source-records_70ed5172d6,obs_legacy-source-records_70ed5172d6,new,0,non indiqué,third party directory profile,,0.75,,,studio_scotina_,77,Fiche annuaire pour un studio d'enregistrement unique; l'extrait décrit des prestations mais pas une location de salle.,"city, email, phone, postal_code, rental_page_url",Fiche annuaire pour un studio d'enregistrement unique; l'extrait décrit des prestations mais pas une location de salle.,65,3/8,ai_adaptive_extracted,2026-06-20,third_party_directory_profile,in_scope,no,2026-06-20,48.38119,2.94526,"city, email, phone, postal_code, rental_page_url",Studio scotina,1,third_party_directory_profile,0,non indiqué,yes,Fiche annuaire pour un studio d'enregistrement unique; l'extrait décrit des prestations mais pas une location de salle.,,,0.55,unclear,0.75,easyzic.com,S3,"https://www.easyzic.com/annuaire/etablissements/studio-scotina,307266.html",,,"https://www.easyzic.com/annuaire/etablissements/studio-scotina,307266.html"
candidate,73,,,,ai_classify_retry_chunk_1_1.jsonl,single,obs_legacy-source-records_4c48afa030,obs_legacy-source-records_4c48afa030,new,0,non indiqué,third party directory profile,,0.75,,+33 6.70.24.39.24,studio_la_voute_,77,Fiche annuaire avec adresse et téléphone pour un studio d'enregistrement; pas d'offre explicite de location de salle dans l'extrait.,"city, email, rental_page_url",Fiche annuaire avec adresse et téléphone pour un studio d'enregistrement; pas d'offre explicite de location de salle dans l'extrait.,73,5/8,ai_adaptive_extracted,2026-06-20,third_party_directory_profile,in_scope,no,2026-06-20,,,"city, email, rental_page_url",Studio la voute,1,third_party_directory_profile,0,non indiqué,yes,Fiche annuaire avec adresse et téléphone pour un studio d'enregistrement; pas d'offre explicite de location de salle dans l'extrait.,,,0.55,unclear,0.75,easyzic.com,S3,"https://www.easyzic.com/annuaire/etablissements/studio-la-voute,330864.html",,,"https://www.easyzic.com/annuaire/etablissements/studio-la-voute,330864.html"
candidate,65,,,,ai_classify_retry_chunk_1_1.jsonl,single,obs_legacy-source-records_049b74aeae,obs_legacy-source-records_049b74aeae,new,0,non indiqué,third party directory profile,,0.75,,,studio_1_song_,77,Fiche annuaire pour un studio d'enregistrement proposant une prestation d'enregistrement; pas une page de location de salle.,"city, email, phone, postal_code, rental_page_url",Fiche annuaire pour un studio d'enregistrement proposant une prestation d'enregistrement; pas une page de location de salle.,65,3/8,ai_adaptive_extracted,2026-06-20,third_party_directory_profile,in_scope,no,2026-06-20,,,"city, email, phone, postal_code, rental_page_url",Studio 1 Song,1,third_party_directory_profile,0,non indiqué,yes,Fiche annuaire pour un studio d'enregistrement proposant une prestation d'enregistrement; pas une page de location de salle.,,,0.55,unclear,0.75,easyzic.com,S3,"https://www.easyzic.com/annuaire/etablissements/studio-1-song,322940.html",,,"https://www.easyzic.com/annuaire/etablissements/studio-1-song,322940.html"
candidate,85,,,,ai_classify_retry_chunk_1_1.jsonl,single,obs_legacy-source-records_dff8259faf,obs_legacy-source-records_dff8259faf,to_contact,0,non indiqué,third party directory profile,,0.75,,,studio_d_enregistrement_age_of_sound_,77,Fiche annuaire d'un studio unique avec tarifs par journée/week-end pour l'utilisation/prestation studio; assimilable à une page locative bien que l'adresse/contact soient incomplets.,"city, email, phone, postal_code",Fiche annuaire d'un studio unique avec tarifs par journée/week-end pour l'utilisation/prestation studio; assimilable à une page locative bien que l'adresse/contact soient incomplets.,85,4/8,ai_adaptive_extracted,2026-06-20,third_party_directory_profile,in_scope,no,2026-06-20,48.691511,3.081852,"city, email, phone, postal_code",STUDIO d'ENREGISTREMENT AGE OF SOUND,1,third_party_directory_profile,0,"journée 300 €, 2 jours 500 €, 3 jours 700 €, 4 jours 900 €, 5 jours 1000 €, forfait week-end 500 €, mixage 75 €/titre ou 200 €/journée; devis sur demande",no,,,Fiche annuaire d'un studio unique avec tarifs par journée/week-end pour l'utilisation/prestation studio; assimilable à une page locative bien que l'adresse/contact soient incomplets.,0.85,possible,0.75,easyzic.com,S3,"https://www.easyzic.com/annuaire/etablissements/studio-d-enregistrement-age-of-sound,205133.html",,"https://www.easyzic.com/annuaire/etablissements/studio-d-enregistrement-age-of-sound,205133.html","https://www.easyzic.com/annuaire/etablissements/studio-d-enregistrement-age-of-sound,205133.html"
candidate,65,,,,ai_classify_retry_chunk_1_1.jsonl,single,obs_legacy-source-records_a121bb189e,obs_legacy-source-records_a121bb189e,new,0,non indiqué,third party directory profile,,0.75,,,everest_studio_group_,77,Fiche annuaire d'un établissement unique avec adresse; aucune information visible de location ou tarifs d'espace.,"city, email, phone, rental_page_url",Fiche annuaire d'un établissement unique avec adresse; aucune information visible de location ou tarifs d'espace.,65,4/8,ai_adaptive_extracted,2026-06-20,third_party_directory_profile,in_scope,no,2026-06-20,48.591189,2.593283,"city, email, phone, rental_page_url",Everest Studio Group,1,third_party_directory_profile,0,non indiqué,yes,Fiche annuaire d'un établissement unique avec adresse; aucune information visible de location ou tarifs d'espace.,,,0.55,unclear,0.75,easyzic.com,S3,"https://www.easyzic.com/annuaire/etablissements/everest-studio-group,385109.html",,,"https://www.easyzic.com/annuaire/etablissements/everest-studio-group,385109.html"
candidate,88,,,,ai_classify_retry_chunk_1_1.jsonl,single,venue_venue_letangpresent.fr_location pour ateliers et stages_,venue_venue_letangpresent.fr_location pour ateliers et stages_,to_contact,0,,official rental page multi space,,0.75,,contact@letangpresent.fr,l_tang_pr_sent_,92,"Page officielle de L’Étang Présent dédiée à la location d'espaces bien-être; elle décrit plusieurs espaces louables avec capacités, usages, réservation et contact.","capacity, city, phone, postal_code","Page officielle de L’Étang Présent dédiée à la location d'espaces bien-être; elle décrit plusieurs espaces louables avec capacités, usages, réservation et contact.",88,4/8,ai_adaptive_extracted,2026-06-20,official_rental_page_multi_space,in_scope,no,2026-06-20,,,"capacity, city, phone, postal_code",L’Étang Présent,1,official_rental_page_multi_space,0,tarifs/disponibilités via SimplyBook.me; devis personnalisé par mail,no,,,"Page officielle de L’Étang Présent dédiée à la location d'espaces bien-être; elle décrit plusieurs espaces louables avec capacités, usages, réservation et contact.",0.85,possible,0.75,letangpresent.fr,S3,https://letangpresent.fr/location-salle-bien-etre-hauts-de-france/,,https://letangpresent.fr/location-salle-bien-etre-hauts-de-france/,https://letangpresent.fr/location-salle-bien-etre-hauts-de-france/
candidate,75,,,,ai_classify_retry_chunk_1_1.jsonl,extracted_from_listing,venue_venue_letangpresent.fr_location pour ateliers et stages_,venue_venue_letangpresent.fr_location pour ateliers et stages__x0_060c31c215,to_contact,0,jusqu'à 9 personnes sur tapis; 12 personnes en cercle,official rental page multi space,,0.65,,,l_tang_pr_sent_grande_salle_,92,"Page officielle de L’Étang Présent dédiée à la location d'espaces bien-être; elle décrit plusieurs espaces louables avec capacités, usages, réservation et contact.","city, email, phone, postal_code, price","Page officielle de L’Étang Présent dédiée à la location d'espaces bien-être; elle décrit plusieurs espaces louables avec capacités, usages, réservation et contact.",75,3/8,ai_adaptive_extracted,2026-06-20,official_rental_page_multi_space,in_scope,no,2026-06-20,,,"city, email, phone, postal_code, price",L’Étang Présent - Grande Salle,1,official_rental_page_multi_space,0,,no,,,"Page officielle de L’Étang Présent dédiée à la location d'espaces bien-être; elle décrit plusieurs espaces louables avec capacités, usages, réservation et contact.",0.85,possible,0.65,letangpresent.fr,S3,https://letangpresent.fr/location-salle-bien-etre-hauts-de-france/,,https://letangpresent.fr/location-salle-bien-etre-hauts-de-france/,https://letangpresent.fr/location-salle-bien-etre-hauts-de-france/
candidate,75,,,,ai_classify_retry_chunk_1_1.jsonl,extracted_from_listing,venue_venue_letangpresent.fr_location pour ateliers et stages_,venue_venue_letangpresent.fr_location pour ateliers et stages__x1_2e4d20ff03,to_contact,0,jusqu'à 9 personnes sur tapis; nuitée possible pour 4 personnes en complément du gîte,official rental page multi space,,0.65,,,l_tang_pr_sent_yourte_traditionnelle_,92,"Page officielle de L’Étang Présent dédiée à la location d'espaces bien-être; elle décrit plusieurs espaces louables avec capacités, usages, réservation et contact.","city, email, phone, postal_code, price","Page officielle de L’Étang Présent dédiée à la location d'espaces bien-être; elle décrit plusieurs espaces louables avec capacités, usages, réservation et contact.",75,3/8,ai_adaptive_extracted,2026-06-20,official_rental_page_multi_space,in_scope,no,2026-06-20,,,"city, email, phone, postal_code, price",L’Étang Présent - Yourte traditionnelle,1,official_rental_page_multi_space,0,,no,,,"Page officielle de L’Étang Présent dédiée à la location d'espaces bien-être; elle décrit plusieurs espaces louables avec capacités, usages, réservation et contact.",0.85,possible,0.65,letangpresent.fr,S3,https://letangpresent.fr/location-salle-bien-etre-hauts-de-france/,,https://letangpresent.fr/location-salle-bien-etre-hauts-de-france/,https://letangpresent.fr/location-salle-bien-etre-hauts-de-france/
candidate,75,,,,ai_classify_retry_chunk_1_1.jsonl,extracted_from_listing,venue_venue_letangpresent.fr_location pour ateliers et stages_,venue_venue_letangpresent.fr_location pour ateliers et stages__x2_40688e6499,to_contact,0,jusqu'à 10 personnes,official rental page multi space,,0.65,,,l_tang_pr_sent_cuisine_commune_,92,"Page officielle de L’Étang Présent dédiée à la location d'espaces bien-être; elle décrit plusieurs espaces louables avec capacités, usages, réservation et contact.","city, email, phone, postal_code, price","Page officielle de L’Étang Présent dédiée à la location d'espaces bien-être; elle décrit plusieurs espaces louables avec capacités, usages, réservation et contact.",75,3/8,ai_adaptive_extracted,2026-06-20,official_rental_page_multi_space,in_scope,no,2026-06-20,,,"city, email, phone, postal_code, price",L’Étang Présent - Cuisine commune,1,official_rental_page_multi_space,0,,no,,,"Page officielle de L’Étang Présent dédiée à la location d'espaces bien-être; elle décrit plusieurs espaces louables avec capacités, usages, réservation et contact.",0.85,possible,0.65,letangpresent.fr,S3,https://letangpresent.fr/location-salle-bien-etre-hauts-de-france/,,https://letangpresent.fr/location-salle-bien-etre-hauts-de-france/,https://letangpresent.fr/location-salle-bien-etre-hauts-de-france/
candidate,75,,,,ai_classify_retry_chunk_1_1.jsonl,extracted_from_listing,venue_venue_letangpresent.fr_location pour ateliers et stages_,venue_venue_letangpresent.fr_location pour ateliers et stages__x3_13e031869b,to_contact,0,consultations individuelles,official rental page multi space,,0.65,,,l_tang_pr_sent_salle_zen_,92,"Page officielle de L’Étang Présent dédiée à la location d'espaces bien-être; elle décrit plusieurs espaces louables avec capacités, usages, réservation et contact.","city, email, phone, postal_code, price","Page officielle de L’Étang Présent dédiée à la location d'espaces bien-être; elle décrit plusieurs espaces louables avec capacités, usages, réservation et contact.",75,3/8,ai_adaptive_extracted,2026-06-20,official_rental_page_multi_space,in_scope,no,2026-06-20,,,"city, email, phone, postal_code, price",L’Étang Présent - Salle Zen,1,official_rental_page_multi_space,0,,no,,,"Page officielle de L’Étang Présent dédiée à la location d'espaces bien-être; elle décrit plusieurs espaces louables avec capacités, usages, réservation et contact.",0.85,possible,0.65,letangpresent.fr,S3,https://letangpresent.fr/location-salle-bien-etre-hauts-de-france/,,https://letangpresent.fr/location-salle-bien-etre-hauts-de-france/,https://letangpresent.fr/location-salle-bien-etre-hauts-de-france/
candidate,75,,,,ai_classify_retry_chunk_1_1.jsonl,extracted_from_listing,venue_venue_letangpresent.fr_location pour ateliers et stages_,venue_venue_letangpresent.fr_location pour ateliers et stages__x4_a90b0db933,to_contact,0,jusqu'à 6 personnes,official rental page multi space,,0.65,,,l_tang_pr_sent_co_g_te_,92,"Page officielle de L’Étang Présent dédiée à la location d'espaces bien-être; elle décrit plusieurs espaces louables avec capacités, usages, réservation et contact.","city, email, phone, postal_code, price","Page officielle de L’Étang Présent dédiée à la location d'espaces bien-être; elle décrit plusieurs espaces louables avec capacités, usages, réservation et contact.",75,3/8,ai_adaptive_extracted,2026-06-20,official_rental_page_multi_space,in_scope,no,2026-06-20,,,"city, email, phone, postal_code, price",L’Étang Présent - Éco-gîte,1,official_rental_page_multi_space,0,,no,,,"Page officielle de L’Étang Présent dédiée à la location d'espaces bien-être; elle décrit plusieurs espaces louables avec capacités, usages, réservation et contact.",0.85,possible,0.65,letangpresent.fr,S3,https://letangpresent.fr/location-salle-bien-etre-hauts-de-france/,,https://letangpresent.fr/location-salle-bien-etre-hauts-de-france/,https://letangpresent.fr/location-salle-bien-etre-hauts-de-france/
candidate,55,,,,ai_classify_retry_chunk_2.jsonl,single,venue_venue_yogamania.fr_les centres yogamania_,venue_venue_yogamania.fr_les centres yogamania_,new,0,,multi venue listing,,0.75,,,yogamania_,78,"Page listant les centres/cours Yogamania, pas des salles proposées à la location.","address, capacity, city, email, phone, postal_code, price, rental_page_url","Page listant les centres/cours Yogamania, pas des salles proposées à la location.",55,0/8,ai_adaptive_extracted,2026-06-20,multi_venue_listing,in_scope,no,2026-06-20,,,"address, capacity, city, email, phone, postal_code, price, rental_page_url",Yogamania,1,multi_venue_listing,0,,yes,"Page listant les centres/cours Yogamania, pas des salles proposées à la location.",,,0.55,unclear,0.75,yogamania.fr,S3,https://www.yogamania.fr/les-centres-yogamania/,,,https://www.yogamania.fr/les-centres-yogamania/
candidate,63,,,,ai_classify_retry_chunk_2.jsonl,extracted_from_listing,venue_venue_yogamania.fr_les centres yogamania_,venue_venue_yogamania.fr_les centres yogamania__x0_622f24b587,new,0,,multi venue listing,Paris,0.65,,contact@yogamania.fr,yogamania_paris_paris,75,"Page listant les centres/cours Yogamania, pas des salles proposées à la location.","capacity, phone, postal_code, rental_page_url","Page listant les centres/cours Yogamania, pas des salles proposées à la location.",63,4/8,ai_adaptive_extracted,2026-06-20,multi_venue_listing,in_scope,no,2026-06-20,,,"capacity, phone, postal_code, rental_page_url",Yogamania Paris,1,multi_venue_listing,0,abonnements cours,yes,"Page listant les centres/cours Yogamania, pas des salles proposées à la location.",,,0.55,unclear,0.65,yogamania.fr,S3,https://www.yogamania.fr/les-centres-yogamania/,,,https://www.yogamania.fr/les-centres-yogamania/
candidate,63,,Versailles,,ai_classify_retry_chunk_2.jsonl,extracted_from_listing,venue_venue_yogamania.fr_les centres yogamania_,venue_venue_yogamania.fr_les centres yogamania__x1_feb94759f7,new,0,,multi venue listing,Versailles,0.65,,contact@yogamania.fr,yogamania_versailles_studio_surya_versailles,78,"Page listant les centres/cours Yogamania, pas des salles proposées à la location.","capacity, phone, postal_code, rental_page_url","Page listant les centres/cours Yogamania, pas des salles proposées à la location.",63,4/8,ai_adaptive_extracted,2026-06-20,multi_venue_listing,in_scope,no,2026-06-20,,,"capacity, phone, postal_code, rental_page_url",Yogamania Versailles - Studio Surya,1,multi_venue_listing,0,abonnements cours,yes,"Page listant les centres/cours Yogamania, pas des salles proposées à la location.",,,0.55,unclear,0.65,yogamania.fr,S3,https://www.yogamania.fr/les-centres-yogamania/,,,https://www.yogamania.fr/les-centres-yogamania/
candidate,63,,Versailles,,ai_classify_retry_chunk_2.jsonl,extracted_from_listing,venue_venue_yogamania.fr_les centres yogamania_,venue_venue_yogamania.fr_les centres yogamania__x2_f94e745d12,new,0,,multi venue listing,Versailles,0.65,,contact@yogamania.fr,yogamania_versailles_studio_ananda_versailles,78,"Page listant les centres/cours Yogamania, pas des salles proposées à la location.","capacity, phone, postal_code, rental_page_url","Page listant les centres/cours Yogamania, pas des salles proposées à la location.",63,4/8,ai_adaptive_extracted,2026-06-20,multi_venue_listing,in_scope,no,2026-06-20,,,"capacity, phone, postal_code, rental_page_url",Yogamania Versailles - Studio Ananda,1,multi_venue_listing,0,abonnements cours,yes,"Page listant les centres/cours Yogamania, pas des salles proposées à la location.",,,0.55,unclear,0.65,yogamania.fr,S3,https://www.yogamania.fr/les-centres-yogamania/,,,https://www.yogamania.fr/les-centres-yogamania/
candidate,63,,Bordeaux,,ai_classify_retry_chunk_2.jsonl,extracted_from_listing,venue_venue_yogamania.fr_les centres yogamania_,venue_venue_yogamania.fr_les centres yogamania__x3_678c2b2c7b,new,0,,multi venue listing,Bordeaux,0.65,,contact@yogamania.fr,yogamania_bordeaux_bordeaux,78,"Page listant les centres/cours Yogamania, pas des salles proposées à la location.","capacity, phone, postal_code, rental_page_url","Page listant les centres/cours Yogamania, pas des salles proposées à la location.",63,4/8,ai_adaptive_extracted,2026-06-20,multi_venue_listing,in_scope,no,2026-06-20,,,"capacity, phone, postal_code, rental_page_url",Yogamania Bordeaux,1,multi_venue_listing,0,abonnements cours,yes,"Page listant les centres/cours Yogamania, pas des salles proposées à la location.",,,0.55,unclear,0.65,yogamania.fr,S3,https://www.yogamania.fr/les-centres-yogamania/,,,https://www.yogamania.fr/les-centres-yogamania/
candidate,55,,,,ai_classify_retry_chunk_2.jsonl,single,venue_venue_yogamania.fr_paris_,venue_venue_yogamania.fr_paris_,new,0,,venue no rental info,,0.75,,,yogamania_paris_,78,Page de cours dans plusieurs salles parisiennes; adresses présentes mais aucune offre de location privative.,"capacity, city, email, phone, postal_code, price, rental_page_url",Page de cours dans plusieurs salles parisiennes; adresses présentes mais aucune offre de location privative.,55,1/8,ai_adaptive_extracted,2026-06-20,venue_no_rental_info,in_scope,no,2026-06-20,,,"capacity, city, email, phone, postal_code, price, rental_page_url",Yogamania Paris,1,venue_no_rental_info,0,,yes,Page de cours dans plusieurs salles parisiennes; adresses présentes mais aucune offre de location privative.,,,0.55,unclear,0.75,yogamania.fr,S3,https://www.yogamania.fr/paris/,,,https://www.yogamania.fr/paris/
candidate,63,,Paris,,ai_classify_retry_chunk_2.jsonl,extracted_from_listing,venue_venue_yogamania.fr_paris_,venue_venue_yogamania.fr_paris__x0_bd65ec4051,new,0,,venue no rental info,Paris,0.65,,contact@yogamania.fr,salle_modigliani_mouchotte_paris,75,Page de cours dans plusieurs salles parisiennes; adresses présentes mais aucune offre de location privative.,"capacity, phone, postal_code, rental_page_url",Page de cours dans plusieurs salles parisiennes; adresses présentes mais aucune offre de location privative.,63,4/8,ai_adaptive_extracted,2026-06-20,venue_no_rental_info,in_scope,no,2026-06-20,,,"capacity, phone, postal_code, rental_page_url",Salle Modigliani - Mouchotte,1,venue_no_rental_info,0,cours d’essai 15 €; cartes de cours,yes,Page de cours dans plusieurs salles parisiennes; adresses présentes mais aucune offre de location privative.,,,0.55,unclear,0.65,yogamania.fr,S3,https://www.yogamania.fr/paris/,,,https://www.yogamania.fr/paris/
candidate,63,,Paris,,ai_classify_retry_chunk_2.jsonl,extracted_from_listing,venue_venue_yogamania.fr_paris_,venue_venue_yogamania.fr_paris__x1_e9366399a7,new,0,,venue no rental info,Paris,0.65,,contact@yogamania.fr,salle_dansomania_sarrette_paris,75,Page de cours dans plusieurs salles parisiennes; adresses présentes mais aucune offre de location privative.,"capacity, phone, postal_code, rental_page_url",Page de cours dans plusieurs salles parisiennes; adresses présentes mais aucune offre de location privative.,63,4/8,ai_adaptive_extracted,2026-06-20,venue_no_rental_info,in_scope,no,2026-06-20,,,"capacity, phone, postal_code, rental_page_url",Salle Dansomania - Sarrette,1,venue_no_rental_info,0,cours d’essai 15 €; cartes de cours,yes,Page de cours dans plusieurs salles parisiennes; adresses présentes mais aucune offre de location privative.,,,0.55,unclear,0.65,yogamania.fr,S3,https://www.yogamania.fr/paris/,,,https://www.yogamania.fr/paris/
candidate,63,,Paris,,ai_classify_retry_chunk_2.jsonl,extracted_from_listing,venue_venue_yogamania.fr_paris_,venue_venue_yogamania.fr_paris__x2_95d420e2a2,new,0,,venue no rental info,Paris,0.65,,contact@yogamania.fr,salle_chateaubriand_paris,75,Page de cours dans plusieurs salles parisiennes; adresses présentes mais aucune offre de location privative.,"capacity, phone, postal_code, rental_page_url",Page de cours dans plusieurs salles parisiennes; adresses présentes mais aucune offre de location privative.,63,4/8,ai_adaptive_extracted,2026-06-20,venue_no_rental_info,in_scope,no,2026-06-20,,,"capacity, phone, postal_code, rental_page_url",Salle Chateaubriand,1,venue_no_rental_info,0,cours d’essai 15 €; cartes de cours,yes,Page de cours dans plusieurs salles parisiennes; adresses présentes mais aucune offre de location privative.,,,0.55,unclear,0.65,yogamania.fr,S3,https://www.yogamania.fr/paris/,,,https://www.yogamania.fr/paris/
candidate,63,,Paris,,ai_classify_retry_chunk_2.jsonl,extracted_from_listing,venue_venue_yogamania.fr_paris_,venue_venue_yogamania.fr_paris__x3_4f1cbeaec3,new,0,,venue no rental info,Paris,0.65,,contact@yogamania.fr,salle_massard_paris,75,Page de cours dans plusieurs salles parisiennes; adresses présentes mais aucune offre de location privative.,"capacity, phone, postal_code, rental_page_url",Page de cours dans plusieurs salles parisiennes; adresses présentes mais aucune offre de location privative.,63,4/8,ai_adaptive_extracted,2026-06-20,venue_no_rental_info,in_scope,no,2026-06-20,,,"capacity, phone, postal_code, rental_page_url",Salle Massard,1,venue_no_rental_info,0,cours d’essai 15 €; cartes de cours,yes,Page de cours dans plusieurs salles parisiennes; adresses présentes mais aucune offre de location privative.,,,0.55,unclear,0.65,yogamania.fr,S3,https://www.yogamania.fr/paris/,,,https://www.yogamania.fr/paris/
candidate,63,,Paris,,ai_classify_retry_chunk_2.jsonl,extracted_from_listing,venue_venue_yogamania.fr_paris_,venue_venue_yogamania.fr_paris__x4_98d4152319,new,0,,venue no rental info,Paris,0.65,,contact@yogamania.fr,galerie_kervreizh_paris,75,Page de cours dans plusieurs salles parisiennes; adresses présentes mais aucune offre de location privative.,"capacity, phone, postal_code, rental_page_url",Page de cours dans plusieurs salles parisiennes; adresses présentes mais aucune offre de location privative.,63,4/8,ai_adaptive_extracted,2026-06-20,venue_no_rental_info,in_scope,no,2026-06-20,,,"capacity, phone, postal_code, rental_page_url",Galerie Kervreizh,1,venue_no_rental_info,0,cours d’essai 15 €; cartes de cours,yes,Page de cours dans plusieurs salles parisiennes; adresses présentes mais aucune offre de location privative.,,,0.55,unclear,0.65,yogamania.fr,S3,https://www.yogamania.fr/paris/,,,https://www.yogamania.fr/paris/
candidate,75,,,,ai_classify_retry_chunk_2.jsonl,single,venue_venue_seineetmarne.cci.fr_telecharger notre brochure_,venue_venue_seineetmarne.cci.fr_telecharger notre brochure_,to_contact,0,,multi venue listing,,0.75,,,cci_seine_et_marne_serris_,77,"Brochure PDF officielle de location de salles CCI à Serris avec espaces, contacts, capacités et tarifs.","address, capacity, city, email, phone, postal_code, price","Brochure PDF officielle de location de salles CCI à Serris avec espaces, contacts, capacités et tarifs.",75,1/8,ai_adaptive_extracted,2026-06-20,multi_venue_listing,in_scope,no,2026-06-20,,,"address, capacity, city, email, phone, postal_code, price",CCI Seine-et-Marne Serris,1,multi_venue_listing,0,,no,,,"Brochure PDF officielle de location de salles CCI à Serris avec espaces, contacts, capacités et tarifs.",0.85,possible,0.75,seineetmarne.cci.fr,S4,https://www.seineetmarne.cci.fr/sites/default/files/2026-06/Brochure%20-%20Espace%20Location%20Salles.pdf,,https://www.seineetmarne.cci.fr/sites/default/files/2026-06/Brochure%20-%20Espace%20Location%20Salles.pdf,https://www.seineetmarne.cci.fr/sites/default/files/2026-06/Brochure%20-%20Espace%20Location%20Salles.pdf
candidate,88,,Serris,,ai_classify_retry_chunk_2.jsonl,extracted_from_listing,venue_venue_seineetmarne.cci.fr_telecharger notre brochure_,venue_venue_seineetmarne.cci.fr_telecharger notre brochure__x0_e8838d49c6,to_contact,0,218 personnes,multi venue listing,Serris,0.65,,06 59 87 52 30; 06 59 85 82 45 — djemila.gare@seineetmarne.cci.fr; fsabiaux@seineetmarne.cci.fr,cci_seine_et_marne_amphith_tre_serris,77,"Brochure PDF officielle de location de salles CCI à Serris avec espaces, contacts, capacités et tarifs.",postal_code,"Brochure PDF officielle de location de salles CCI à Serris avec espaces, contacts, capacités et tarifs.",88,7/8,ai_adaptive_extracted,2026-06-20,multi_venue_listing,in_scope,no,2026-06-20,,,postal_code,CCI Seine-et-Marne - Amphithéâtre,1,multi_venue_listing,0,1 300 € HT demi-journée; 1 950 € HT journée; 1 475 € HT soirée,no,,,"Brochure PDF officielle de location de salles CCI à Serris avec espaces, contacts, capacités et tarifs.",0.85,possible,0.65,seineetmarne.cci.fr,S4,https://www.seineetmarne.cci.fr/sites/default/files/2026-06/Brochure%20-%20Espace%20Location%20Salles.pdf,,https://www.seineetmarne.cci.fr/sites/default/files/2026-06/Brochure%20-%20Espace%20Location%20Salles.pdf,https://www.seineetmarne.cci.fr/sites/default/files/2026-06/Brochure%20-%20Espace%20Location%20Salles.pdf
candidate,88,,Serris,,ai_classify_retry_chunk_2.jsonl,extracted_from_listing,venue_venue_seineetmarne.cci.fr_telecharger notre brochure_,venue_venue_seineetmarne.cci.fr_telecharger notre brochure__x1_46b89bcb83,to_contact,0,12-50 personnes,multi venue listing,Serris,0.65,,06 59 87 52 30; 06 59 85 82 45 — djemila.gare@seineetmarne.cci.fr; fsabiaux@seineetmarne.cci.fr,cci_seine_et_marne_salles_de_r_union_serris,77,"Brochure PDF officielle de location de salles CCI à Serris avec espaces, contacts, capacités et tarifs.",postal_code,"Brochure PDF officielle de location de salles CCI à Serris avec espaces, contacts, capacités et tarifs.",88,7/8,ai_adaptive_extracted,2026-06-20,multi_venue_listing,in_scope,no,2026-06-20,,,postal_code,CCI Seine-et-Marne - Salles de réunion,1,multi_venue_listing,0,475 € HT demi-journée; 710 € HT journée; 525 € HT soirée,no,,,"Brochure PDF officielle de location de salles CCI à Serris avec espaces, contacts, capacités et tarifs.",0.85,possible,0.65,seineetmarne.cci.fr,S4,https://www.seineetmarne.cci.fr/sites/default/files/2026-06/Brochure%20-%20Espace%20Location%20Salles.pdf,,https://www.seineetmarne.cci.fr/sites/default/files/2026-06/Brochure%20-%20Espace%20Location%20Salles.pdf,https://www.seineetmarne.cci.fr/sites/default/files/2026-06/Brochure%20-%20Espace%20Location%20Salles.pdf
candidate,88,,Serris,,ai_classify_retry_chunk_2.jsonl,extracted_from_listing,venue_venue_seineetmarne.cci.fr_telecharger notre brochure_,venue_venue_seineetmarne.cci.fr_telecharger notre brochure__x2_0da57b5165,to_contact,0,12 personnes,multi venue listing,Serris,0.65,,06 59 87 52 30; 06 59 85 82 45 — djemila.gare@seineetmarne.cci.fr; fsabiaux@seineetmarne.cci.fr,cci_seine_et_marne_espace_collaboratif_serris,77,"Brochure PDF officielle de location de salles CCI à Serris avec espaces, contacts, capacités et tarifs.",postal_code,"Brochure PDF officielle de location de salles CCI à Serris avec espaces, contacts, capacités et tarifs.",88,7/8,ai_adaptive_extracted,2026-06-20,multi_venue_listing,in_scope,no,2026-06-20,,,postal_code,CCI Seine-et-Marne - Espace collaboratif,1,multi_venue_listing,0,235 € HT demi-journée; 350 € HT journée; 260 € HT soirée,no,,,"Brochure PDF officielle de location de salles CCI à Serris avec espaces, contacts, capacités et tarifs.",0.85,possible,0.65,seineetmarne.cci.fr,S4,https://www.seineetmarne.cci.fr/sites/default/files/2026-06/Brochure%20-%20Espace%20Location%20Salles.pdf,,https://www.seineetmarne.cci.fr/sites/default/files/2026-06/Brochure%20-%20Espace%20Location%20Salles.pdf,https://www.seineetmarne.cci.fr/sites/default/files/2026-06/Brochure%20-%20Espace%20Location%20Salles.pdf
candidate,88,,Serris,,ai_classify_retry_chunk_2.jsonl,extracted_from_listing,venue_venue_seineetmarne.cci.fr_telecharger notre brochure_,venue_venue_seineetmarne.cci.fr_telecharger notre brochure__x3_de72c41b9c,to_contact,0,100 personnes,multi venue listing,Serris,0.65,,06 59 87 52 30; 06 59 85 82 45 — djemila.gare@seineetmarne.cci.fr; fsabiaux@seineetmarne.cci.fr,cci_seine_et_marne_hall_ext_rieurs_serris,77,"Brochure PDF officielle de location de salles CCI à Serris avec espaces, contacts, capacités et tarifs.",postal_code,"Brochure PDF officielle de location de salles CCI à Serris avec espaces, contacts, capacités et tarifs.",88,7/8,ai_adaptive_extracted,2026-06-20,multi_venue_listing,in_scope,no,2026-06-20,,,postal_code,CCI Seine-et-Marne - Hall & extérieurs,1,multi_venue_listing,0,Hall 1 150 € HT journée; extérieurs 2 € HT/m²/jour,no,,,"Brochure PDF officielle de location de salles CCI à Serris avec espaces, contacts, capacités et tarifs.",0.85,possible,0.65,seineetmarne.cci.fr,S4,https://www.seineetmarne.cci.fr/sites/default/files/2026-06/Brochure%20-%20Espace%20Location%20Salles.pdf,,https://www.seineetmarne.cci.fr/sites/default/files/2026-06/Brochure%20-%20Espace%20Location%20Salles.pdf,https://www.seineetmarne.cci.fr/sites/default/files/2026-06/Brochure%20-%20Espace%20Location%20Salles.pdf
candidate,80,,Serris,,ai_classify_retry_chunk_2.jsonl,extracted_from_listing,venue_venue_seineetmarne.cci.fr_contacteznous pour reserver_,venue_venue_seineetmarne.cci.fr_contacteznous pour reserver__x1_fdf5bf8387,to_contact,0,jusqu’à 50 places,venue with rental page,Serris,0.65,,,cci_seine_et_marne_salles_partenaires_a_b_serris,77,Page officielle CCI dédiée à la location de salles à Serris avec tarifs et capacités.,"email, phone, postal_code",Page officielle CCI dédiée à la location de salles à Serris avec tarifs et capacités.,80,5/8,ai_adaptive_extracted,2026-06-20,venue_with_rental_page,in_scope,no,2026-06-20,48.837035,2.795776,"email, phone, postal_code",CCI Seine-et-Marne - Salles partenaires A & B,1,venue_with_rental_page,0,710 € HT journée; 475 € HT demi-journée,no,,,Page officielle CCI dédiée à la location de salles à Serris avec tarifs et capacités.,0.85,possible,0.65,seineetmarne.cci.fr,S3,https://www.seineetmarne.cci.fr/location-de-salles-serris,,https://www.seineetmarne.cci.fr/location-de-salles-serris,https://www.seineetmarne.cci.fr/location-de-salles-serris
candidate,75,,Serris,,ai_classify_retry_chunk_2.jsonl,extracted_from_listing,venue_venue_seineetmarne.cci.fr_contacteznous pour reserver_,venue_venue_seineetmarne.cci.fr_contacteznous pour reserver__x3_4525b36c61,to_contact,0,,venue with rental page,Serris,0.65,,,cci_seine_et_marne_hall_d_accueil_ext_rieurs_serris,77,Page officielle CCI dédiée à la location de salles à Serris avec tarifs et capacités.,"capacity, email, phone, postal_code",Page officielle CCI dédiée à la location de salles à Serris avec tarifs et capacités.,75,4/8,ai_adaptive_extracted,2026-06-20,venue_with_rental_page,in_scope,no,2026-06-20,48.837035,2.795776,"capacity, email, phone, postal_code",CCI Seine-et-Marne - Hall d’accueil & extérieurs,1,venue_with_rental_page,0,Hall 1 150 € HT journée; extérieurs 2 € HT/m²/jour,no,,,Page officielle CCI dédiée à la location de salles à Serris avec tarifs et capacités.,0.85,possible,0.65,seineetmarne.cci.fr,S3,https://www.seineetmarne.cci.fr/location-de-salles-serris,,https://www.seineetmarne.cci.fr/location-de-salles-serris,https://www.seineetmarne.cci.fr/location-de-salles-serris
candidate,55,,,,ai_classify_retry_chunk_2.jsonl,single,venue_venue_tourisme-valdemarne.com_restaurant 28_,venue_venue_tourisme-valdemarne.com_restaurant 28_,new,0,,multi venue listing,,0.75,,,location_de_salles_et_r_ception_restaurants_val_de_marne_,94,Catalogue touristique filtré restaurants avec plusieurs lieux de réception mais sans détails complets dans l’extrait.,"address, capacity, city, email, phone, postal_code, price, rental_page_url",Catalogue touristique filtré restaurants avec plusieurs lieux de réception mais sans détails complets dans l’extrait.,55,0/8,ai_adaptive_extracted,2026-06-20,multi_venue_listing,in_scope,no,2026-06-20,,,"address, capacity, city, email, phone, postal_code, price, rental_page_url",Location de salles et réception - restaurants Val-de-Marne,1,multi_venue_listing,0,,yes,Catalogue touristique filtré restaurants avec plusieurs lieux de réception mais sans détails complets dans l’extrait.,,,0.55,unclear,0.75,tourisme-valdemarne.com,S3,https://www.tourisme-valdemarne.com/cote-pratique/restaurants-et-lieux-de-receptions/location-de-salles-et-reception/irisit/activites/restaurant/,,,https://www.tourisme-valdemarne.com/cote-pratique/restaurants-et-lieux-de-receptions/location-de-salles-et-reception/irisit/activites/restaurant/
candidate,50,,Paris,,ai_classify_retry_chunk_2.jsonl,extracted_from_listing,venue_venue_tourisme-valdemarne.com_restaurant 28_,venue_venue_tourisme-valdemarne.com_restaurant 28__x0_09ebc84cfa,new,0,,multi venue listing,Paris,0.65,,,canauxrama_paris,75,Catalogue touristique filtré restaurants avec plusieurs lieux de réception mais sans détails complets dans l’extrait.,"capacity, email, phone, postal_code, price, rental_page_url",Catalogue touristique filtré restaurants avec plusieurs lieux de réception mais sans détails complets dans l’extrait.,50,2/8,ai_adaptive_extracted,2026-06-20,multi_venue_listing,in_scope,no,2026-06-20,,,"capacity, email, phone, postal_code, price, rental_page_url",Canauxrama,1,multi_venue_listing,0,,yes,Catalogue touristique filtré restaurants avec plusieurs lieux de réception mais sans détails complets dans l’extrait.,,,0.55,unclear,0.65,tourisme-valdemarne.com,S3,https://www.tourisme-valdemarne.com/cote-pratique/restaurants-et-lieux-de-receptions/location-de-salles-et-reception/irisit/activites/restaurant/,,,https://www.tourisme-valdemarne.com/cote-pratique/restaurants-et-lieux-de-receptions/location-de-salles-et-reception/irisit/activites/restaurant/
candidate,50,,,,ai_classify_retry_chunk_2.jsonl,extracted_from_listing,venue_venue_tourisme-valdemarne.com_restaurant 28_,venue_venue_tourisme-valdemarne.com_restaurant 28__x1_6832e84ddd,new,0,,multi venue listing,,0.65,,,le_saint_charles_,94,Catalogue touristique filtré restaurants avec plusieurs lieux de réception mais sans détails complets dans l’extrait.,"capacity, city, email, phone, postal_code, price, rental_page_url",Catalogue touristique filtré restaurants avec plusieurs lieux de réception mais sans détails complets dans l’extrait.,50,1/8,ai_adaptive_extracted,2026-06-20,multi_venue_listing,in_scope,no,2026-06-20,,,"capacity, city, email, phone, postal_code, price, rental_page_url",Le Saint Charles,1,multi_venue_listing,0,,yes,Catalogue touristique filtré restaurants avec plusieurs lieux de réception mais sans détails complets dans l’extrait.,,,0.55,unclear,0.65,tourisme-valdemarne.com,S3,https://www.tourisme-valdemarne.com/cote-pratique/restaurants-et-lieux-de-receptions/location-de-salles-et-reception/irisit/activites/restaurant/,,,https://www.tourisme-valdemarne.com/cote-pratique/restaurants-et-lieux-de-receptions/location-de-salles-et-reception/irisit/activites/restaurant/
candidate,50,,,,ai_classify_retry_chunk_2.jsonl,extracted_from_listing,venue_venue_tourisme-valdemarne.com_restaurant 28_,venue_venue_tourisme-valdemarne.com_restaurant 28__x2_af90239e84,new,0,,multi venue listing,,0.65,,,l_ecu_de_france_,94,Catalogue touristique filtré restaurants avec plusieurs lieux de réception mais sans détails complets dans l’extrait.,"capacity, city, email, phone, postal_code, price, rental_page_url",Catalogue touristique filtré restaurants avec plusieurs lieux de réception mais sans détails complets dans l’extrait.,50,1/8,ai_adaptive_extracted,2026-06-20,multi_venue_listing,in_scope,no,2026-06-20,,,"capacity, city, email, phone, postal_code, price, rental_page_url",L’Ecu de France,1,multi_venue_listing,0,,yes,Catalogue touristique filtré restaurants avec plusieurs lieux de réception mais sans détails complets dans l’extrait.,,,0.55,unclear,0.65,tourisme-valdemarne.com,S3,https://www.tourisme-valdemarne.com/cote-pratique/restaurants-et-lieux-de-receptions/location-de-salles-et-reception/irisit/activites/restaurant/,,,https://www.tourisme-valdemarne.com/cote-pratique/restaurants-et-lieux-de-receptions/location-de-salles-et-reception/irisit/activites/restaurant/
candidate,50,,Nogent-sur-Marne,,ai_classify_retry_chunk_2.jsonl,extracted_from_listing,venue_venue_tourisme-valdemarne.com_restaurant 28_,venue_venue_tourisme-valdemarne.com_restaurant 28__x3_8559534d49,new,0,,multi venue listing,Nogent-sur-Marne,0.65,,,h_tel_du_port_ex_nogentel_nogent_sur_marne,94,Catalogue touristique filtré restaurants avec plusieurs lieux de réception mais sans détails complets dans l’extrait.,"capacity, email, phone, postal_code, price, rental_page_url",Catalogue touristique filtré restaurants avec plusieurs lieux de réception mais sans détails complets dans l’extrait.,50,2/8,ai_adaptive_extracted,2026-06-20,multi_venue_listing,in_scope,no,2026-06-20,,,"capacity, email, phone, postal_code, price, rental_page_url",Hôtel du Port - ex Nogentel,1,multi_venue_listing,0,,yes,Catalogue touristique filtré restaurants avec plusieurs lieux de réception mais sans détails complets dans l’extrait.,,,0.55,unclear,0.65,tourisme-valdemarne.com,S3,https://www.tourisme-valdemarne.com/cote-pratique/restaurants-et-lieux-de-receptions/location-de-salles-et-reception/irisit/activites/restaurant/,,,https://www.tourisme-valdemarne.com/cote-pratique/restaurants-et-lieux-de-receptions/location-de-salles-et-reception/irisit/activites/restaurant/
candidate,50,,Paris,,ai_classify_retry_chunk_2.jsonl,extracted_from_listing,venue_venue_tourisme-valdemarne.com_restaurant 28_,venue_venue_tourisme-valdemarne.com_restaurant 28__x4_64641e7d49,new,0,,multi venue listing,Paris,0.65,,,petit_bain_paris,75,Catalogue touristique filtré restaurants avec plusieurs lieux de réception mais sans détails complets dans l’extrait.,"capacity, email, phone, postal_code, price, rental_page_url",Catalogue touristique filtré restaurants avec plusieurs lieux de réception mais sans détails complets dans l’extrait.,50,2/8,ai_adaptive_extracted,2026-06-20,multi_venue_listing,in_scope,no,2026-06-20,,,"capacity, email, phone, postal_code, price, rental_page_url",Petit Bain,1,multi_venue_listing,0,,yes,Catalogue touristique filtré restaurants avec plusieurs lieux de réception mais sans détails complets dans l’extrait.,,,0.55,unclear,0.65,tourisme-valdemarne.com,S3,https://www.tourisme-valdemarne.com/cote-pratique/restaurants-et-lieux-de-receptions/location-de-salles-et-reception/irisit/activites/restaurant/,,,https://www.tourisme-valdemarne.com/cote-pratique/restaurants-et-lieux-de-receptions/location-de-salles-et-reception/irisit/activites/restaurant/
candidate,50,,Joinville-le-Pont,,ai_classify_retry_chunk_2.jsonl,extracted_from_listing,venue_venue_tourisme-valdemarne.com_restaurant 28_,venue_venue_tourisme-valdemarne.com_restaurant 28__x5_47c12a24c7,new,0,,multi venue listing,Joinville-le-Pont,0.65,,,bodega_feria_joinville_le_pont,94,Catalogue touristique filtré restaurants avec plusieurs lieux de réception mais sans détails complets dans l’extrait.,"capacity, email, phone, postal_code, price, rental_page_url",Catalogue touristique filtré restaurants avec plusieurs lieux de réception mais sans détails complets dans l’extrait.,50,2/8,ai_adaptive_extracted,2026-06-20,multi_venue_listing,in_scope,no,2026-06-20,,,"capacity, email, phone, postal_code, price, rental_page_url",Bodega Feria,1,multi_venue_listing,0,,yes,Catalogue touristique filtré restaurants avec plusieurs lieux de réception mais sans détails complets dans l’extrait.,,,0.55,unclear,0.65,tourisme-valdemarne.com,S3,https://www.tourisme-valdemarne.com/cote-pratique/restaurants-et-lieux-de-receptions/location-de-salles-et-reception/irisit/activites/restaurant/,,,https://www.tourisme-valdemarne.com/cote-pratique/restaurants-et-lieux-de-receptions/location-de-salles-et-reception/irisit/activites/restaurant/
candidate,50,,Créteil,,ai_classify_retry_chunk_2.jsonl,extracted_from_listing,venue_venue_tourisme-valdemarne.com_restaurant 28_,venue_venue_tourisme-valdemarne.com_restaurant 28__x6_8401f20178,new,0,,multi venue listing,Créteil,0.65,,,novotel_cr_teil_le_lac_cr_teil,94,Catalogue touristique filtré restaurants avec plusieurs lieux de réception mais sans détails complets dans l’extrait.,"capacity, email, phone, postal_code, price, rental_page_url",Catalogue touristique filtré restaurants avec plusieurs lieux de réception mais sans détails complets dans l’extrait.,50,2/8,ai_adaptive_extracted,2026-06-20,multi_venue_listing,in_scope,no,2026-06-20,,,"capacity, email, phone, postal_code, price, rental_page_url",Novotel Créteil Le Lac,1,multi_venue_listing,0,,yes,Catalogue touristique filtré restaurants avec plusieurs lieux de réception mais sans détails complets dans l’extrait.,,,0.55,unclear,0.65,tourisme-valdemarne.com,S3,https://www.tourisme-valdemarne.com/cote-pratique/restaurants-et-lieux-de-receptions/location-de-salles-et-reception/irisit/activites/restaurant/,,,https://www.tourisme-valdemarne.com/cote-pratique/restaurants-et-lieux-de-receptions/location-de-salles-et-reception/irisit/activites/restaurant/
candidate,50,,Saint-Maur-Créteil,,ai_classify_retry_chunk_2.jsonl,extracted_from_listing,venue_venue_tourisme-valdemarne.com_restaurant 28_,venue_venue_tourisme-valdemarne.com_restaurant 28__x7_685397af19,new,0,,multi venue listing,Saint-Maur-Créteil,0.65,,,le_gourmet_saint_maur_cr_teil,94,Catalogue touristique filtré restaurants avec plusieurs lieux de réception mais sans détails complets dans l’extrait.,"capacity, email, phone, postal_code, price, rental_page_url",Catalogue touristique filtré restaurants avec plusieurs lieux de réception mais sans détails complets dans l’extrait.,50,2/8,ai_adaptive_extracted,2026-06-20,multi_venue_listing,in_scope,no,2026-06-20,,,"capacity, email, phone, postal_code, price, rental_page_url",Le Gourmet,1,multi_venue_listing,0,,yes,Catalogue touristique filtré restaurants avec plusieurs lieux de réception mais sans détails complets dans l’extrait.,,,0.55,unclear,0.65,tourisme-valdemarne.com,S3,https://www.tourisme-valdemarne.com/cote-pratique/restaurants-et-lieux-de-receptions/location-de-salles-et-reception/irisit/activites/restaurant/,,,https://www.tourisme-valdemarne.com/cote-pratique/restaurants-et-lieux-de-receptions/location-de-salles-et-reception/irisit/activites/restaurant/
candidate,55,,,,ai_classify_retry_chunk_2.jsonl,single,venue_venue_tourisme-valdemarne.com_animations musicales 21_,venue_venue_tourisme-valdemarne.com_animations musicales 21_,new,0,,multi venue listing,,0.75,,,location_de_salles_et_r_ception_animations_musicales_val_de_marne_,94,Catalogue filtré de lieux de réception avec animations musicales; liste d’offres sans coordonnées ni tarifs détaillés.,"address, capacity, city, email, phone, postal_code, price, rental_page_url",Catalogue filtré de lieux de réception avec animations musicales; liste d’offres sans coordonnées ni tarifs détaillés.,55,0/8,ai_adaptive_extracted,2026-06-20,multi_venue_listing,in_scope,no,2026-06-20,,,"address, capacity, city, email, phone, postal_code, price, rental_page_url",Location de salles et réception - animations musicales Val-de-Marne,1,multi_venue_listing,0,,yes,Catalogue filtré de lieux de réception avec animations musicales; liste d’offres sans coordonnées ni tarifs détaillés.,,,0.55,unclear,0.75,tourisme-valdemarne.com,S3,https://www.tourisme-valdemarne.com/cote-pratique/restaurants-et-lieux-de-receptions/location-de-salles-et-reception/irisit/activites/animations-musicales/,,,https://www.tourisme-valdemarne.com/cote-pratique/restaurants-et-lieux-de-receptions/location-de-salles-et-reception/irisit/activites/animations-musicales/
candidate,50,,,,ai_classify_retry_chunk_2.jsonl,extracted_from_listing,venue_venue_tourisme-valdemarne.com_animations musicales 21_,venue_venue_tourisme-valdemarne.com_animations musicales 21__x0_bb11266a2b,new,0,,multi venue listing,,0.65,,,bateau_le_francilien_au_fil_de_l_eau_,94,Catalogue filtré de lieux de réception avec animations musicales; liste d’offres sans coordonnées ni tarifs détaillés.,"capacity, city, email, phone, postal_code, price, rental_page_url",Catalogue filtré de lieux de réception avec animations musicales; liste d’offres sans coordonnées ni tarifs détaillés.,50,1/8,ai_adaptive_extracted,2026-06-20,multi_venue_listing,in_scope,no,2026-06-20,,,"capacity, city, email, phone, postal_code, price, rental_page_url",Bateau Le Francilien - Au Fil de l’Eau,1,multi_venue_listing,0,,yes,Catalogue filtré de lieux de réception avec animations musicales; liste d’offres sans coordonnées ni tarifs détaillés.,,,0.55,unclear,0.65,tourisme-valdemarne.com,S3,https://www.tourisme-valdemarne.com/cote-pratique/restaurants-et-lieux-de-receptions/location-de-salles-et-reception/irisit/activites/animations-musicales/,,,https://www.tourisme-valdemarne.com/cote-pratique/restaurants-et-lieux-de-receptions/location-de-salles-et-reception/irisit/activites/animations-musicales/
candidate,50,,Vitry-sur-Seine,,ai_classify_retry_chunk_2.jsonl,extracted_from_listing,venue_venue_tourisme-valdemarne.com_animations musicales 21_,venue_venue_tourisme-valdemarne.com_animations musicales 21__x1_15941a2135,new,0,,multi venue listing,Vitry-sur-Seine,0.65,,,le_kilowatt_vitry_sur_seine,94,Catalogue filtré de lieux de réception avec animations musicales; liste d’offres sans coordonnées ni tarifs détaillés.,"capacity, email, phone, postal_code, price, rental_page_url",Catalogue filtré de lieux de réception avec animations musicales; liste d’offres sans coordonnées ni tarifs détaillés.,50,2/8,ai_adaptive_extracted,2026-06-20,multi_venue_listing,in_scope,no,2026-06-20,,,"capacity, email, phone, postal_code, price, rental_page_url",Le Kilowatt,1,multi_venue_listing,0,,yes,Catalogue filtré de lieux de réception avec animations musicales; liste d’offres sans coordonnées ni tarifs détaillés.,,,0.55,unclear,0.65,tourisme-valdemarne.com,S3,https://www.tourisme-valdemarne.com/cote-pratique/restaurants-et-lieux-de-receptions/location-de-salles-et-reception/irisit/activites/animations-musicales/,,,https://www.tourisme-valdemarne.com/cote-pratique/restaurants-et-lieux-de-receptions/location-de-salles-et-reception/irisit/activites/animations-musicales/
candidate,50,,Kremlin-Bicêtre,,ai_classify_retry_chunk_2.jsonl,extracted_from_listing,venue_venue_tourisme-valdemarne.com_animations musicales 21_,venue_venue_tourisme-valdemarne.com_animations musicales 21__x3_9c4f61230b,new,0,,multi venue listing,Kremlin-Bicêtre,0.65,,,la_maison_fantastique_kremlin_bic_tre,94,Catalogue filtré de lieux de réception avec animations musicales; liste d’offres sans coordonnées ni tarifs détaillés.,"capacity, email, phone, postal_code, price, rental_page_url",Catalogue filtré de lieux de réception avec animations musicales; liste d’offres sans coordonnées ni tarifs détaillés.,50,2/8,ai_adaptive_extracted,2026-06-20,multi_venue_listing,in_scope,no,2026-06-20,,,"capacity, email, phone, postal_code, price, rental_page_url",La Maison Fantastique,1,multi_venue_listing,0,,yes,Catalogue filtré de lieux de réception avec animations musicales; liste d’offres sans coordonnées ni tarifs détaillés.,,,0.55,unclear,0.65,tourisme-valdemarne.com,S3,https://www.tourisme-valdemarne.com/cote-pratique/restaurants-et-lieux-de-receptions/location-de-salles-et-reception/irisit/activites/animations-musicales/,,,https://www.tourisme-valdemarne.com/cote-pratique/restaurants-et-lieux-de-receptions/location-de-salles-et-reception/irisit/activites/animations-musicales/
candidate,50,,,,ai_classify_retry_chunk_2.jsonl,extracted_from_listing,venue_venue_tourisme-valdemarne.com_animations musicales 21_,venue_venue_tourisme-valdemarne.com_animations musicales 21__x4_05a385c36f,new,0,,multi venue listing,,0.65,,,pavillon_des_lions_,94,Catalogue filtré de lieux de réception avec animations musicales; liste d’offres sans coordonnées ni tarifs détaillés.,"capacity, city, email, phone, postal_code, price, rental_page_url",Catalogue filtré de lieux de réception avec animations musicales; liste d’offres sans coordonnées ni tarifs détaillés.,50,1/8,ai_adaptive_extracted,2026-06-20,multi_venue_listing,in_scope,no,2026-06-20,,,"capacity, city, email, phone, postal_code, price, rental_page_url",Pavillon des Lions,1,multi_venue_listing,0,,yes,Catalogue filtré de lieux de réception avec animations musicales; liste d’offres sans coordonnées ni tarifs détaillés.,,,0.55,unclear,0.65,tourisme-valdemarne.com,S3,https://www.tourisme-valdemarne.com/cote-pratique/restaurants-et-lieux-de-receptions/location-de-salles-et-reception/irisit/activites/animations-musicales/,,,https://www.tourisme-valdemarne.com/cote-pratique/restaurants-et-lieux-de-receptions/location-de-salles-et-reception/irisit/activites/animations-musicales/
candidate,50,,Villeneuve-Saint-Georges,,ai_classify_retry_chunk_2.jsonl,extracted_from_listing,venue_venue_tourisme-valdemarne.com_animations musicales 21_,venue_venue_tourisme-valdemarne.com_animations musicales 21__x5_eec61f0b65,new,0,,multi venue listing,Villeneuve-Saint-Georges,0.65,,,la_guinguette_auvergnate_villeneuve_saint_georges,94,Catalogue filtré de lieux de réception avec animations musicales; liste d’offres sans coordonnées ni tarifs détaillés.,"capacity, email, phone, postal_code, price, rental_page_url",Catalogue filtré de lieux de réception avec animations musicales; liste d’offres sans coordonnées ni tarifs détaillés.,50,2/8,ai_adaptive_extracted,2026-06-20,multi_venue_listing,in_scope,no,2026-06-20,,,"capacity, email, phone, postal_code, price, rental_page_url",La Guinguette Auvergnate,1,multi_venue_listing,0,,yes,Catalogue filtré de lieux de réception avec animations musicales; liste d’offres sans coordonnées ni tarifs détaillés.,,,0.55,unclear,0.65,tourisme-valdemarne.com,S3,https://www.tourisme-valdemarne.com/cote-pratique/restaurants-et-lieux-de-receptions/location-de-salles-et-reception/irisit/activites/animations-musicales/,,,https://www.tourisme-valdemarne.com/cote-pratique/restaurants-et-lieux-de-receptions/location-de-salles-et-reception/irisit/activites/animations-musicales/
candidate,50,,Paris,,ai_classify_retry_chunk_2.jsonl,extracted_from_listing,venue_venue_tourisme-valdemarne.com_animations musicales 21_,venue_venue_tourisme-valdemarne.com_animations musicales 21__x6_6b4f889d10,new,0,,multi venue listing,Paris,0.65,,,dame_de_canton_paris,75,Catalogue filtré de lieux de réception avec animations musicales; liste d’offres sans coordonnées ni tarifs détaillés.,"capacity, email, phone, postal_code, price, rental_page_url",Catalogue filtré de lieux de réception avec animations musicales; liste d’offres sans coordonnées ni tarifs détaillés.,50,2/8,ai_adaptive_extracted,2026-06-20,multi_venue_listing,in_scope,no,2026-06-20,,,"capacity, email, phone, postal_code, price, rental_page_url",Dame de Canton,1,multi_venue_listing,0,,yes,Catalogue filtré de lieux de réception avec animations musicales; liste d’offres sans coordonnées ni tarifs détaillés.,,,0.55,unclear,0.65,tourisme-valdemarne.com,S3,https://www.tourisme-valdemarne.com/cote-pratique/restaurants-et-lieux-de-receptions/location-de-salles-et-reception/irisit/activites/animations-musicales/,,,https://www.tourisme-valdemarne.com/cote-pratique/restaurants-et-lieux-de-receptions/location-de-salles-et-reception/irisit/activites/animations-musicales/
candidate,50,,Créteil,,ai_classify_retry_chunk_2.jsonl,extracted_from_listing,venue_venue_tourisme-valdemarne.com_animations musicales 21_,venue_venue_tourisme-valdemarne.com_animations musicales 21__x7_4489877e29,new,0,,multi venue listing,Créteil,0.65,,,ugc_cin_cit_cr_teil_cr_teil,94,Catalogue filtré de lieux de réception avec animations musicales; liste d’offres sans coordonnées ni tarifs détaillés.,"capacity, email, phone, postal_code, price, rental_page_url",Catalogue filtré de lieux de réception avec animations musicales; liste d’offres sans coordonnées ni tarifs détaillés.,50,2/8,ai_adaptive_extracted,2026-06-20,multi_venue_listing,in_scope,no,2026-06-20,,,"capacity, email, phone, postal_code, price, rental_page_url",UGC Ciné Cité Créteil,1,multi_venue_listing,0,,yes,Catalogue filtré de lieux de réception avec animations musicales; liste d’offres sans coordonnées ni tarifs détaillés.,,,0.55,unclear,0.65,tourisme-valdemarne.com,S3,https://www.tourisme-valdemarne.com/cote-pratique/restaurants-et-lieux-de-receptions/location-de-salles-et-reception/irisit/activites/animations-musicales/,,,https://www.tourisme-valdemarne.com/cote-pratique/restaurants-et-lieux-de-receptions/location-de-salles-et-reception/irisit/activites/animations-musicales/
candidate,55,,,,ai_classify_retry_chunk_2.jsonl,single,venue_venue_tourisme-valdemarne.com_partager ma recherche_,venue_venue_tourisme-valdemarne.com_partager ma recherche_,new,0,,multi venue listing,,0.75,,,location_de_salles_et_r_ception_val_de_marne_,94,"Catalogue Val-de-Marne de 70 lieux de réception; page de listing, pas une fiche officielle unique.","address, capacity, city, email, phone, postal_code, price, rental_page_url","Catalogue Val-de-Marne de 70 lieux de réception; page de listing, pas une fiche officielle unique.",55,0/8,ai_adaptive_extracted,2026-06-20,multi_venue_listing,in_scope,no,2026-06-20,,,"address, capacity, city, email, phone, postal_code, price, rental_page_url",Location de Salles et Réception Val-de-Marne,1,multi_venue_listing,0,,yes,"Catalogue Val-de-Marne de 70 lieux de réception; page de listing, pas une fiche officielle unique.",,,0.55,unclear,0.75,tourisme-valdemarne.com,S3,https://www.tourisme-valdemarne.com/cote-pratique/restaurants-et-lieux-de-receptions/location-de-salles-et-reception,,,https://www.tourisme-valdemarne.com/cote-pratique/restaurants-et-lieux-de-receptions/location-de-salles-et-reception
candidate,50,,Joinville-le-Pont,,ai_classify_retry_chunk_2.jsonl,extracted_from_listing,venue_venue_tourisme-valdemarne.com_partager ma recherche_,venue_venue_tourisme-valdemarne.com_partager ma recherche__x0_f68abc0886,new,0,,multi venue listing,Joinville-le-Pont,0.65,,,tulip_residences_joinville_le_pont_joinville_le_pont,94,"Catalogue Val-de-Marne de 70 lieux de réception; page de listing, pas une fiche officielle unique.","capacity, email, phone, postal_code, price, rental_page_url","Catalogue Val-de-Marne de 70 lieux de réception; page de listing, pas une fiche officielle unique.",50,2/8,ai_adaptive_extracted,2026-06-20,multi_venue_listing,in_scope,no,2026-06-20,,,"capacity, email, phone, postal_code, price, rental_page_url",Tulip Residences Joinville-le-Pont,1,multi_venue_listing,0,,yes,"Catalogue Val-de-Marne de 70 lieux de réception; page de listing, pas une fiche officielle unique.",,,0.55,unclear,0.65,tourisme-valdemarne.com,S3,https://www.tourisme-valdemarne.com/cote-pratique/restaurants-et-lieux-de-receptions/location-de-salles-et-reception,,,https://www.tourisme-valdemarne.com/cote-pratique/restaurants-et-lieux-de-receptions/location-de-salles-et-reception
candidate,50,,Rungis,,ai_classify_retry_chunk_2.jsonl,extracted_from_listing,venue_venue_tourisme-valdemarne.com_partager ma recherche_,venue_venue_tourisme-valdemarne.com_partager ma recherche__x1_511c76466f,new,0,,multi venue listing,Rungis,0.65,,,rungis_ev_nements_march_international_de_rungis_rungis,94,"Catalogue Val-de-Marne de 70 lieux de réception; page de listing, pas une fiche officielle unique.","capacity, email, phone, postal_code, price, rental_page_url","Catalogue Val-de-Marne de 70 lieux de réception; page de listing, pas une fiche officielle unique.",50,2/8,ai_adaptive_extracted,2026-06-20,multi_venue_listing,in_scope,no,2026-06-20,,,"capacity, email, phone, postal_code, price, rental_page_url",Rungis Evénements - Marché International de Rungis,1,multi_venue_listing,0,,yes,"Catalogue Val-de-Marne de 70 lieux de réception; page de listing, pas une fiche officielle unique.",,,0.55,unclear,0.65,tourisme-valdemarne.com,S3,https://www.tourisme-valdemarne.com/cote-pratique/restaurants-et-lieux-de-receptions/location-de-salles-et-reception,,,https://www.tourisme-valdemarne.com/cote-pratique/restaurants-et-lieux-de-receptions/location-de-salles-et-reception
candidate,50,,Ivry-sur-Seine,,ai_classify_retry_chunk_2.jsonl,extracted_from_listing,venue_venue_tourisme-valdemarne.com_partager ma recherche_,venue_venue_tourisme-valdemarne.com_partager ma recherche__x2_5c0ff57a0b,new,0,,multi venue listing,Ivry-sur-Seine,0.65,,,bato_restaurant_le_libertalia_ivry_sur_seine,94,"Catalogue Val-de-Marne de 70 lieux de réception; page de listing, pas une fiche officielle unique.","capacity, email, phone, postal_code, price, rental_page_url","Catalogue Val-de-Marne de 70 lieux de réception; page de listing, pas une fiche officielle unique.",50,2/8,ai_adaptive_extracted,2026-06-20,multi_venue_listing,in_scope,no,2026-06-20,,,"capacity, email, phone, postal_code, price, rental_page_url",Bato Restaurant Le Libertalia,1,multi_venue_listing,0,,yes,"Catalogue Val-de-Marne de 70 lieux de réception; page de listing, pas une fiche officielle unique.",,,0.55,unclear,0.65,tourisme-valdemarne.com,S3,https://www.tourisme-valdemarne.com/cote-pratique/restaurants-et-lieux-de-receptions/location-de-salles-et-reception,,,https://www.tourisme-valdemarne.com/cote-pratique/restaurants-et-lieux-de-receptions/location-de-salles-et-reception
candidate,50,,Nogent-sur-Marne,,ai_classify_retry_chunk_2.jsonl,extracted_from_listing,venue_venue_tourisme-valdemarne.com_partager ma recherche_,venue_venue_tourisme-valdemarne.com_partager ma recherche__x3_bf935dba21,new,0,,multi venue listing,Nogent-sur-Marne,0.65,,,le_manoir_de_l_ile_aux_loups_nogent_sur_marne,94,"Catalogue Val-de-Marne de 70 lieux de réception; page de listing, pas une fiche officielle unique.","capacity, email, phone, postal_code, price, rental_page_url","Catalogue Val-de-Marne de 70 lieux de réception; page de listing, pas une fiche officielle unique.",50,2/8,ai_adaptive_extracted,2026-06-20,multi_venue_listing,in_scope,no,2026-06-20,,,"capacity, email, phone, postal_code, price, rental_page_url",Le Manoir de l’Ile aux Loups,1,multi_venue_listing,0,,yes,"Catalogue Val-de-Marne de 70 lieux de réception; page de listing, pas une fiche officielle unique.",,,0.55,unclear,0.65,tourisme-valdemarne.com,S3,https://www.tourisme-valdemarne.com/cote-pratique/restaurants-et-lieux-de-receptions/location-de-salles-et-reception,,,https://www.tourisme-valdemarne.com/cote-pratique/restaurants-et-lieux-de-receptions/location-de-salles-et-reception
candidate,50,,Fontenay-sous-Bois,,ai_classify_retry_chunk_2.jsonl,extracted_from_listing,venue_venue_tourisme-valdemarne.com_partager ma recherche_,venue_venue_tourisme-valdemarne.com_partager ma recherche__x4_f5549174d0,new,0,,multi venue listing,Fontenay-sous-Bois,0.65,,,rosa_bonheur_est_fontenay_sous_bois,94,"Catalogue Val-de-Marne de 70 lieux de réception; page de listing, pas une fiche officielle unique.","capacity, email, phone, postal_code, price, rental_page_url","Catalogue Val-de-Marne de 70 lieux de réception; page de listing, pas une fiche officielle unique.",50,2/8,ai_adaptive_extracted,2026-06-20,multi_venue_listing,in_scope,no,2026-06-20,,,"capacity, email, phone, postal_code, price, rental_page_url",Rosa Bonheur Est,1,multi_venue_listing,0,,yes,"Catalogue Val-de-Marne de 70 lieux de réception; page de listing, pas une fiche officielle unique.",,,0.55,unclear,0.65,tourisme-valdemarne.com,S3,https://www.tourisme-valdemarne.com/cote-pratique/restaurants-et-lieux-de-receptions/location-de-salles-et-reception,,,https://www.tourisme-valdemarne.com/cote-pratique/restaurants-et-lieux-de-receptions/location-de-salles-et-reception
candidate,50,,Vitry-sur-Seine,,ai_classify_retry_chunk_2.jsonl,extracted_from_listing,venue_venue_tourisme-valdemarne.com_partager ma recherche_,venue_venue_tourisme-valdemarne.com_partager ma recherche__x5_bb45af4ff0,new,0,,multi venue listing,Vitry-sur-Seine,0.65,,,vytree_vitry_sur_seine,94,"Catalogue Val-de-Marne de 70 lieux de réception; page de listing, pas une fiche officielle unique.","capacity, email, phone, postal_code, price, rental_page_url","Catalogue Val-de-Marne de 70 lieux de réception; page de listing, pas une fiche officielle unique.",50,2/8,ai_adaptive_extracted,2026-06-20,multi_venue_listing,in_scope,no,2026-06-20,,,"capacity, email, phone, postal_code, price, rental_page_url",Vytree,1,multi_venue_listing,0,,yes,"Catalogue Val-de-Marne de 70 lieux de réception; page de listing, pas une fiche officielle unique.",,,0.55,unclear,0.65,tourisme-valdemarne.com,S3,https://www.tourisme-valdemarne.com/cote-pratique/restaurants-et-lieux-de-receptions/location-de-salles-et-reception,,,https://www.tourisme-valdemarne.com/cote-pratique/restaurants-et-lieux-de-receptions/location-de-salles-et-reception
candidate,50,,Santeny,,ai_classify_retry_chunk_2.jsonl,extracted_from_listing,venue_venue_tourisme-valdemarne.com_partager ma recherche_,venue_venue_tourisme-valdemarne.com_partager ma recherche__x6_cacf1b7c0d,new,0,,multi venue listing,Santeny,0.65,,,ch_teau_de_santeny_santeny,94,"Catalogue Val-de-Marne de 70 lieux de réception; page de listing, pas une fiche officielle unique.","capacity, email, phone, postal_code, price, rental_page_url","Catalogue Val-de-Marne de 70 lieux de réception; page de listing, pas une fiche officielle unique.",50,2/8,ai_adaptive_extracted,2026-06-20,multi_venue_listing,in_scope,no,2026-06-20,,,"capacity, email, phone, postal_code, price, rental_page_url",Château de Santeny,1,multi_venue_listing,0,,yes,"Catalogue Val-de-Marne de 70 lieux de réception; page de listing, pas une fiche officielle unique.",,,0.55,unclear,0.65,tourisme-valdemarne.com,S3,https://www.tourisme-valdemarne.com/cote-pratique/restaurants-et-lieux-de-receptions/location-de-salles-et-reception,,,https://www.tourisme-valdemarne.com/cote-pratique/restaurants-et-lieux-de-receptions/location-de-salles-et-reception
candidate,55,,,,ai_classify_retry_chunk_2.jsonl,single,venue_venue_tourisme-valdemarne.com_traiteur 12_,venue_venue_tourisme-valdemarne.com_traiteur 12_,new,0,,multi venue listing,,0.75,,,location_de_salles_et_r_ception_traiteur_val_de_marne_,94,Catalogue filtré traiteur listant plusieurs lieux de réception; détails incomplets dans la page de résultats.,"address, capacity, city, email, phone, postal_code, price, rental_page_url",Catalogue filtré traiteur listant plusieurs lieux de réception; détails incomplets dans la page de résultats.,55,0/8,ai_adaptive_extracted,2026-06-20,multi_venue_listing,in_scope,no,2026-06-20,,,"address, capacity, city, email, phone, postal_code, price, rental_page_url",Location de salles et réception - traiteur Val-de-Marne,1,multi_venue_listing,0,,yes,Catalogue filtré traiteur listant plusieurs lieux de réception; détails incomplets dans la page de résultats.,,,0.55,unclear,0.75,tourisme-valdemarne.com,S3,https://www.tourisme-valdemarne.com/cote-pratique/restaurants-et-lieux-de-receptions/location-de-salles-et-reception/irisit/activites/traiteur/,,,https://www.tourisme-valdemarne.com/cote-pratique/restaurants-et-lieux-de-receptions/location-de-salles-et-reception/irisit/activites/traiteur/
candidate,50,,Boissy-Saint-Léger,,ai_classify_retry_chunk_2.jsonl,extracted_from_listing,venue_venue_tourisme-valdemarne.com_traiteur 12_,venue_venue_tourisme-valdemarne.com_traiteur 12__x0_d8941be6bf,new,0,,multi venue listing,Boissy-Saint-Léger,0.65,,,domaine_de_grosbois_boissy_saint_l_ger,94,Catalogue filtré traiteur listant plusieurs lieux de réception; détails incomplets dans la page de résultats.,"capacity, email, phone, postal_code, price, rental_page_url",Catalogue filtré traiteur listant plusieurs lieux de réception; détails incomplets dans la page de résultats.,50,2/8,ai_adaptive_extracted,2026-06-20,multi_venue_listing,in_scope,no,2026-06-20,,,"capacity, email, phone, postal_code, price, rental_page_url",Domaine de Grosbois,1,multi_venue_listing,0,,yes,Catalogue filtré traiteur listant plusieurs lieux de réception; détails incomplets dans la page de résultats.,,,0.55,unclear,0.65,tourisme-valdemarne.com,S3,https://www.tourisme-valdemarne.com/cote-pratique/restaurants-et-lieux-de-receptions/location-de-salles-et-reception/irisit/activites/traiteur/,,,https://www.tourisme-valdemarne.com/cote-pratique/restaurants-et-lieux-de-receptions/location-de-salles-et-reception/irisit/activites/traiteur/
candidate,50,,Créteil,,ai_classify_retry_chunk_2.jsonl,extracted_from_listing,venue_venue_tourisme-valdemarne.com_traiteur 12_,venue_venue_tourisme-valdemarne.com_traiteur 12__x3_c938ca5a2f,new,0,,multi venue listing,Créteil,0.65,,,maison_du_handball_cr_teil,94,Catalogue filtré traiteur listant plusieurs lieux de réception; détails incomplets dans la page de résultats.,"capacity, email, phone, postal_code, price, rental_page_url",Catalogue filtré traiteur listant plusieurs lieux de réception; détails incomplets dans la page de résultats.,50,2/8,ai_adaptive_extracted,2026-06-20,multi_venue_listing,in_scope,no,2026-06-20,,,"capacity, email, phone, postal_code, price, rental_page_url",Maison du Handball,1,multi_venue_listing,0,,yes,Catalogue filtré traiteur listant plusieurs lieux de réception; détails incomplets dans la page de résultats.,,,0.55,unclear,0.65,tourisme-valdemarne.com,S3,https://www.tourisme-valdemarne.com/cote-pratique/restaurants-et-lieux-de-receptions/location-de-salles-et-reception/irisit/activites/traiteur/,,,https://www.tourisme-valdemarne.com/cote-pratique/restaurants-et-lieux-de-receptions/location-de-salles-et-reception/irisit/activites/traiteur/
candidate,50,,Joinville-le-Pont,,ai_classify_retry_chunk_2.jsonl,extracted_from_listing,venue_venue_tourisme-valdemarne.com_traiteur 12_,venue_venue_tourisme-valdemarne.com_traiteur 12__x4_a510b94564,new,0,,multi venue listing,Joinville-le-Pont,0.65,,,les_salons_de_la_tourelle_joinville_le_pont,94,Catalogue filtré traiteur listant plusieurs lieux de réception; détails incomplets dans la page de résultats.,"capacity, email, phone, postal_code, price, rental_page_url",Catalogue filtré traiteur listant plusieurs lieux de réception; détails incomplets dans la page de résultats.,50,2/8,ai_adaptive_extracted,2026-06-20,multi_venue_listing,in_scope,no,2026-06-20,,,"capacity, email, phone, postal_code, price, rental_page_url",Les Salons de la Tourelle,1,multi_venue_listing,0,,yes,Catalogue filtré traiteur listant plusieurs lieux de réception; détails incomplets dans la page de résultats.,,,0.55,unclear,0.65,tourisme-valdemarne.com,S3,https://www.tourisme-valdemarne.com/cote-pratique/restaurants-et-lieux-de-receptions/location-de-salles-et-reception/irisit/activites/traiteur/,,,https://www.tourisme-valdemarne.com/cote-pratique/restaurants-et-lieux-de-receptions/location-de-salles-et-reception/irisit/activites/traiteur/
candidate,50,,Saint-Mandé,,ai_classify_retry_chunk_2.jsonl,extracted_from_listing,venue_venue_tourisme-valdemarne.com_traiteur 12_,venue_venue_tourisme-valdemarne.com_traiteur 12__x5_69cbdf08d5,new,0,,multi venue listing,Saint-Mandé,0.65,,,nouveau_chalet_du_lac_saint_mand,94,Catalogue filtré traiteur listant plusieurs lieux de réception; détails incomplets dans la page de résultats.,"capacity, email, phone, postal_code, price, rental_page_url",Catalogue filtré traiteur listant plusieurs lieux de réception; détails incomplets dans la page de résultats.,50,2/8,ai_adaptive_extracted,2026-06-20,multi_venue_listing,in_scope,no,2026-06-20,,,"capacity, email, phone, postal_code, price, rental_page_url",Nouveau Chalet du Lac,1,multi_venue_listing,0,,yes,Catalogue filtré traiteur listant plusieurs lieux de réception; détails incomplets dans la page de résultats.,,,0.55,unclear,0.65,tourisme-valdemarne.com,S3,https://www.tourisme-valdemarne.com/cote-pratique/restaurants-et-lieux-de-receptions/location-de-salles-et-reception/irisit/activites/traiteur/,,,https://www.tourisme-valdemarne.com/cote-pratique/restaurants-et-lieux-de-receptions/location-de-salles-et-reception/irisit/activites/traiteur/
candidate,50,,Paris,,ai_classify_retry_chunk_2.jsonl,extracted_from_listing,venue_venue_tourisme-valdemarne.com_traiteur 12_,venue_venue_tourisme-valdemarne.com_traiteur 12__x7_e69233d397,new,0,,multi venue listing,Paris,0.65,,,insep_paris,75,Catalogue filtré traiteur listant plusieurs lieux de réception; détails incomplets dans la page de résultats.,"capacity, email, phone, postal_code, price, rental_page_url",Catalogue filtré traiteur listant plusieurs lieux de réception; détails incomplets dans la page de résultats.,50,2/8,ai_adaptive_extracted,2026-06-20,multi_venue_listing,in_scope,no,2026-06-20,,,"capacity, email, phone, postal_code, price, rental_page_url",INSEP,1,multi_venue_listing,0,,yes,Catalogue filtré traiteur listant plusieurs lieux de réception; détails incomplets dans la page de résultats.,,,0.55,unclear,0.65,tourisme-valdemarne.com,S3,https://www.tourisme-valdemarne.com/cote-pratique/restaurants-et-lieux-de-receptions/location-de-salles-et-reception/irisit/activites/traiteur/,,,https://www.tourisme-valdemarne.com/cote-pratique/restaurants-et-lieux-de-receptions/location-de-salles-et-reception/irisit/activites/traiteur/
candidate,55,,,,ai_classify_retry_chunk_2.jsonl,single,venue_venue_tourisme-valdemarne.com_tennis 5_,venue_venue_tourisme-valdemarne.com_tennis 5_,new,0,,multi venue listing,,0.75,,,location_de_salles_et_r_ception_tennis_val_de_marne_,94,"Catalogue filtré tennis listant cinq lieux de réception, sans détails complets.","address, capacity, city, email, phone, postal_code, price, rental_page_url","Catalogue filtré tennis listant cinq lieux de réception, sans détails complets.",55,0/8,ai_adaptive_extracted,2026-06-20,multi_venue_listing,in_scope,no,2026-06-20,,,"address, capacity, city, email, phone, postal_code, price, rental_page_url",Location de salles et réception - tennis Val-de-Marne,1,multi_venue_listing,0,,yes,"Catalogue filtré tennis listant cinq lieux de réception, sans détails complets.",,,0.55,unclear,0.75,tourisme-valdemarne.com,S3,https://www.tourisme-valdemarne.com/cote-pratique/restaurants-et-lieux-de-receptions/location-de-salles-et-reception/irisit/activites/tennis/,,,https://www.tourisme-valdemarne.com/cote-pratique/restaurants-et-lieux-de-receptions/location-de-salles-et-reception/irisit/activites/tennis/
candidate,50,,Sucy-en-Brie,,ai_classify_retry_chunk_2.jsonl,extracted_from_listing,venue_venue_tourisme-valdemarne.com_tennis 5_,venue_venue_tourisme-valdemarne.com_tennis 5__x1_c25389214e,new,0,,multi venue listing,Sucy-en-Brie,0.65,,,la_terrasse_fleurie_sucy_en_brie,94,"Catalogue filtré tennis listant cinq lieux de réception, sans détails complets.","capacity, email, phone, postal_code, price, rental_page_url","Catalogue filtré tennis listant cinq lieux de réception, sans détails complets.",50,2/8,ai_adaptive_extracted,2026-06-20,multi_venue_listing,in_scope,no,2026-06-20,,,"capacity, email, phone, postal_code, price, rental_page_url",La Terrasse Fleurie,1,multi_venue_listing,0,,yes,"Catalogue filtré tennis listant cinq lieux de réception, sans détails complets.",,,0.55,unclear,0.65,tourisme-valdemarne.com,S3,https://www.tourisme-valdemarne.com/cote-pratique/restaurants-et-lieux-de-receptions/location-de-salles-et-reception/irisit/activites/tennis/,,,https://www.tourisme-valdemarne.com/cote-pratique/restaurants-et-lieux-de-receptions/location-de-salles-et-reception/irisit/activites/tennis/
candidate,50,,Boissy-Saint-Léger,,ai_classify_retry_chunk_2.jsonl,extracted_from_listing,venue_venue_tourisme-valdemarne.com_tennis 5_,venue_venue_tourisme-valdemarne.com_tennis 5__x2_de8f2cc0e0,new,0,,multi venue listing,Boissy-Saint-Léger,0.65,,,cl_rence_restauration_boissy_saint_l_ger,94,"Catalogue filtré tennis listant cinq lieux de réception, sans détails complets.","capacity, email, phone, postal_code, price, rental_page_url","Catalogue filtré tennis listant cinq lieux de réception, sans détails complets.",50,2/8,ai_adaptive_extracted,2026-06-20,multi_venue_listing,in_scope,no,2026-06-20,,,"capacity, email, phone, postal_code, price, rental_page_url",Clérence Restauration,1,multi_venue_listing,0,,yes,"Catalogue filtré tennis listant cinq lieux de réception, sans détails complets.",,,0.55,unclear,0.65,tourisme-valdemarne.com,S3,https://www.tourisme-valdemarne.com/cote-pratique/restaurants-et-lieux-de-receptions/location-de-salles-et-reception/irisit/activites/tennis/,,,https://www.tourisme-valdemarne.com/cote-pratique/restaurants-et-lieux-de-receptions/location-de-salles-et-reception/irisit/activites/tennis/
candidate,50,,,,ai_classify_retry_chunk_2.jsonl,extracted_from_listing,venue_venue_tourisme-valdemarne.com_tennis 5_,venue_venue_tourisme-valdemarne.com_tennis 5__x4_a56dff833e,new,0,,multi venue listing,,0.65,,,quai_est_,94,"Catalogue filtré tennis listant cinq lieux de réception, sans détails complets.","capacity, city, email, phone, postal_code, price, rental_page_url","Catalogue filtré tennis listant cinq lieux de réception, sans détails complets.",50,1/8,ai_adaptive_extracted,2026-06-20,multi_venue_listing,in_scope,no,2026-06-20,,,"capacity, city, email, phone, postal_code, price, rental_page_url",Quai Est,1,multi_venue_listing,0,,yes,"Catalogue filtré tennis listant cinq lieux de réception, sans détails complets.",,,0.55,unclear,0.65,tourisme-valdemarne.com,S3,https://www.tourisme-valdemarne.com/cote-pratique/restaurants-et-lieux-de-receptions/location-de-salles-et-reception/irisit/activites/tennis/,,,https://www.tourisme-valdemarne.com/cote-pratique/restaurants-et-lieux-de-receptions/location-de-salles-et-reception/irisit/activites/tennis/
candidate,55,,,,ai_classify_retry_chunk_2.jsonl,single,venue_venue_tourisme-valdemarne.com_piscine 4_,venue_venue_tourisme-valdemarne.com_piscine 4_,new,0,,multi venue listing,,0.75,,,location_de_salles_et_r_ception_piscine_val_de_marne_,94,"Catalogue filtré piscine listant quatre lieux de réception, sans coordonnées ni tarifs détaillés.","address, capacity, city, email, phone, postal_code, price, rental_page_url","Catalogue filtré piscine listant quatre lieux de réception, sans coordonnées ni tarifs détaillés.",55,0/8,ai_adaptive_extracted,2026-06-20,multi_venue_listing,in_scope,no,2026-06-20,,,"address, capacity, city, email, phone, postal_code, price, rental_page_url",Location de salles et réception - piscine Val-de-Marne,1,multi_venue_listing,0,,yes,"Catalogue filtré piscine listant quatre lieux de réception, sans coordonnées ni tarifs détaillés.",,,0.55,unclear,0.75,tourisme-valdemarne.com,S3,https://www.tourisme-valdemarne.com/cote-pratique/restaurants-et-lieux-de-receptions/location-de-salles-et-reception/irisit/activites/piscine/,,,https://www.tourisme-valdemarne.com/cote-pratique/restaurants-et-lieux-de-receptions/location-de-salles-et-reception/irisit/activites/piscine/
candidate,50,,Rungis,,ai_classify_retry_chunk_2.jsonl,extracted_from_listing,venue_venue_tourisme-valdemarne.com_piscine 4_,venue_venue_tourisme-valdemarne.com_piscine 4__x0_e1828698ee,new,0,,multi venue listing,Rungis,0.65,,,novotel_paris_orly_rungis_rungis,94,"Catalogue filtré piscine listant quatre lieux de réception, sans coordonnées ni tarifs détaillés.","capacity, email, phone, postal_code, price, rental_page_url","Catalogue filtré piscine listant quatre lieux de réception, sans coordonnées ni tarifs détaillés.",50,2/8,ai_adaptive_extracted,2026-06-20,multi_venue_listing,in_scope,no,2026-06-20,,,"capacity, email, phone, postal_code, price, rental_page_url",Novotel Paris Orly Rungis,1,multi_venue_listing,0,,yes,"Catalogue filtré piscine listant quatre lieux de réception, sans coordonnées ni tarifs détaillés.",,,0.55,unclear,0.65,tourisme-valdemarne.com,S3,https://www.tourisme-valdemarne.com/cote-pratique/restaurants-et-lieux-de-receptions/location-de-salles-et-reception/irisit/activites/piscine/,,,https://www.tourisme-valdemarne.com/cote-pratique/restaurants-et-lieux-de-receptions/location-de-salles-et-reception/irisit/activites/piscine/
candidate,55,,,,ai_classify_retry_chunk_2.jsonl,single,venue_venue_tourisme-valdemarne.com_suivant_,venue_venue_tourisme-valdemarne.com_suivant_,new,0,,multi venue listing,,0.75,,,location_de_salles_et_r_ception_val_de_marne_page_2_,94,Deuxième page du catalogue de 70 lieux de réception du Val-de-Marne; extraction limitée aux offres visibles.,"address, capacity, city, email, phone, postal_code, price, rental_page_url",Deuxième page du catalogue de 70 lieux de réception du Val-de-Marne; extraction limitée aux offres visibles.,55,0/8,ai_adaptive_extracted,2026-06-20,multi_venue_listing,in_scope,no,2026-06-20,,,"address, capacity, city, email, phone, postal_code, price, rental_page_url",Location de Salles et Réception Val-de-Marne - page 2,1,multi_venue_listing,0,,yes,Deuxième page du catalogue de 70 lieux de réception du Val-de-Marne; extraction limitée aux offres visibles.,,,0.55,unclear,0.75,tourisme-valdemarne.com,S3,https://www.tourisme-valdemarne.com/cote-pratique/restaurants-et-lieux-de-receptions/location-de-salles-et-reception/page/2/,,,https://www.tourisme-valdemarne.com/cote-pratique/restaurants-et-lieux-de-receptions/location-de-salles-et-reception/page/2/
candidate,50,,La Varenne-Chennevières,,ai_classify_retry_chunk_2.jsonl,extracted_from_listing,venue_venue_tourisme-valdemarne.com_suivant_,venue_venue_tourisme-valdemarne.com_suivant__x0_a38ca85a5b,new,0,,multi venue listing,La Varenne-Chennevières,0.65,,,le_ch_teau_des_iles_la_varenne_chennevi_res,94,Deuxième page du catalogue de 70 lieux de réception du Val-de-Marne; extraction limitée aux offres visibles.,"capacity, email, phone, postal_code, price, rental_page_url",Deuxième page du catalogue de 70 lieux de réception du Val-de-Marne; extraction limitée aux offres visibles.,50,2/8,ai_adaptive_extracted,2026-06-20,multi_venue_listing,in_scope,no,2026-06-20,,,"capacity, email, phone, postal_code, price, rental_page_url",Le Château des Iles,1,multi_venue_listing,0,,yes,Deuxième page du catalogue de 70 lieux de réception du Val-de-Marne; extraction limitée aux offres visibles.,,,0.55,unclear,0.65,tourisme-valdemarne.com,S3,https://www.tourisme-valdemarne.com/cote-pratique/restaurants-et-lieux-de-receptions/location-de-salles-et-reception/page/2/,,,https://www.tourisme-valdemarne.com/cote-pratique/restaurants-et-lieux-de-receptions/location-de-salles-et-reception/page/2/
candidate,50,,,,ai_classify_retry_chunk_2.jsonl,extracted_from_listing,venue_venue_tourisme-valdemarne.com_suivant_,venue_venue_tourisme-valdemarne.com_suivant__x1_d7367b2d68,new,0,,multi venue listing,,0.65,,,ecole_len_tre_,94,Deuxième page du catalogue de 70 lieux de réception du Val-de-Marne; extraction limitée aux offres visibles.,"capacity, city, email, phone, postal_code, price, rental_page_url",Deuxième page du catalogue de 70 lieux de réception du Val-de-Marne; extraction limitée aux offres visibles.,50,1/8,ai_adaptive_extracted,2026-06-20,multi_venue_listing,in_scope,no,2026-06-20,,,"capacity, city, email, phone, postal_code, price, rental_page_url",Ecole Lenôtre,1,multi_venue_listing,0,,yes,Deuxième page du catalogue de 70 lieux de réception du Val-de-Marne; extraction limitée aux offres visibles.,,,0.55,unclear,0.65,tourisme-valdemarne.com,S3,https://www.tourisme-valdemarne.com/cote-pratique/restaurants-et-lieux-de-receptions/location-de-salles-et-reception/page/2/,,,https://www.tourisme-valdemarne.com/cote-pratique/restaurants-et-lieux-de-receptions/location-de-salles-et-reception/page/2/
candidate,50,,Le Kremlin-Bicêtre,,ai_classify_retry_chunk_2.jsonl,extracted_from_listing,venue_venue_tourisme-valdemarne.com_suivant_,venue_venue_tourisme-valdemarne.com_suivant__x2_ebff763f70,new,0,,multi venue listing,Le Kremlin-Bicêtre,0.65,,,espace_congr_s_les_esseli_res_le_kremlin_bic_tre,94,Deuxième page du catalogue de 70 lieux de réception du Val-de-Marne; extraction limitée aux offres visibles.,"capacity, email, phone, postal_code, price, rental_page_url",Deuxième page du catalogue de 70 lieux de réception du Val-de-Marne; extraction limitée aux offres visibles.,50,2/8,ai_adaptive_extracted,2026-06-20,multi_venue_listing,in_scope,no,2026-06-20,,,"capacity, email, phone, postal_code, price, rental_page_url",Espace Congrès Les Esselières,1,multi_venue_listing,0,,yes,Deuxième page du catalogue de 70 lieux de réception du Val-de-Marne; extraction limitée aux offres visibles.,,,0.55,unclear,0.65,tourisme-valdemarne.com,S3,https://www.tourisme-valdemarne.com/cote-pratique/restaurants-et-lieux-de-receptions/location-de-salles-et-reception/page/2/,,,https://www.tourisme-valdemarne.com/cote-pratique/restaurants-et-lieux-de-receptions/location-de-salles-et-reception/page/2/
candidate,50,,,,ai_classify_retry_chunk_2.jsonl,extracted_from_listing,venue_venue_tourisme-valdemarne.com_suivant_,venue_venue_tourisme-valdemarne.com_suivant__x3_4ee667d0bc,new,0,,multi venue listing,,0.65,,,borda_,94,Deuxième page du catalogue de 70 lieux de réception du Val-de-Marne; extraction limitée aux offres visibles.,"capacity, city, email, phone, postal_code, price, rental_page_url",Deuxième page du catalogue de 70 lieux de réception du Val-de-Marne; extraction limitée aux offres visibles.,50,1/8,ai_adaptive_extracted,2026-06-20,multi_venue_listing,in_scope,no,2026-06-20,,,"capacity, city, email, phone, postal_code, price, rental_page_url",Borda,1,multi_venue_listing,0,,yes,Deuxième page du catalogue de 70 lieux de réception du Val-de-Marne; extraction limitée aux offres visibles.,,,0.55,unclear,0.65,tourisme-valdemarne.com,S3,https://www.tourisme-valdemarne.com/cote-pratique/restaurants-et-lieux-de-receptions/location-de-salles-et-reception/page/2/,,,https://www.tourisme-valdemarne.com/cote-pratique/restaurants-et-lieux-de-receptions/location-de-salles-et-reception/page/2/
candidate,50,,,,ai_classify_retry_chunk_2.jsonl,extracted_from_listing,venue_venue_tourisme-valdemarne.com_suivant_,venue_venue_tourisme-valdemarne.com_suivant__x5_fa749c8d10,new,0,,multi venue listing,,0.65,,,le_lavoir_num_rique_,94,Deuxième page du catalogue de 70 lieux de réception du Val-de-Marne; extraction limitée aux offres visibles.,"capacity, city, email, phone, postal_code, price, rental_page_url",Deuxième page du catalogue de 70 lieux de réception du Val-de-Marne; extraction limitée aux offres visibles.,50,1/8,ai_adaptive_extracted,2026-06-20,multi_venue_listing,in_scope,no,2026-06-20,,,"capacity, city, email, phone, postal_code, price, rental_page_url",Le Lavoir Numérique,1,multi_venue_listing,0,,yes,Deuxième page du catalogue de 70 lieux de réception du Val-de-Marne; extraction limitée aux offres visibles.,,,0.55,unclear,0.65,tourisme-valdemarne.com,S3,https://www.tourisme-valdemarne.com/cote-pratique/restaurants-et-lieux-de-receptions/location-de-salles-et-reception/page/2/,,,https://www.tourisme-valdemarne.com/cote-pratique/restaurants-et-lieux-de-receptions/location-de-salles-et-reception/page/2/
candidate,50,,Joinville-le-Pont,,ai_classify_retry_chunk_2.jsonl,extracted_from_listing,venue_venue_tourisme-valdemarne.com_suivant_,venue_venue_tourisme-valdemarne.com_suivant__x7_b30764ea77,new,0,,multi venue listing,Joinville-le-Pont,0.65,,,le_dancefloor_joinville_le_pont,94,Deuxième page du catalogue de 70 lieux de réception du Val-de-Marne; extraction limitée aux offres visibles.,"capacity, email, phone, postal_code, price, rental_page_url",Deuxième page du catalogue de 70 lieux de réception du Val-de-Marne; extraction limitée aux offres visibles.,50,2/8,ai_adaptive_extracted,2026-06-20,multi_venue_listing,in_scope,no,2026-06-20,,,"capacity, email, phone, postal_code, price, rental_page_url",Le Dancefloor,1,multi_venue_listing,0,,yes,Deuxième page du catalogue de 70 lieux de réception du Val-de-Marne; extraction limitée aux offres visibles.,,,0.55,unclear,0.65,tourisme-valdemarne.com,S3,https://www.tourisme-valdemarne.com/cote-pratique/restaurants-et-lieux-de-receptions/location-de-salles-et-reception/page/2/,,,https://www.tourisme-valdemarne.com/cote-pratique/restaurants-et-lieux-de-receptions/location-de-salles-et-reception/page/2/
candidate,75,,,,ai_classify_retry_chunk_2.jsonl,single,venue_venue_le8petion.com_activites de bienetre_,venue_venue_le8petion.com_activites de bienetre_,to_contact,0,,venue with rental page,,0.75,,,le_8_p_tion_,75,"Page dédiée à la location d’une salle bien-être/loisirs à Paris 11 avec adresse, contact, capacité et liens de disponibilité/réservation.","address, capacity, city, email, phone, postal_code, price","Page dédiée à la location d’une salle bien-être/loisirs à Paris 11 avec adresse, contact, capacité et liens de disponibilité/réservation.",75,1/8,ai_adaptive_extracted,2026-06-20,venue_with_rental_page,in_scope,no,2026-06-20,,,"address, capacity, city, email, phone, postal_code, price",Le 8 Pétion,1,venue_with_rental_page,0,,no,,,"Page dédiée à la location d’une salle bien-être/loisirs à Paris 11 avec adresse, contact, capacité et liens de disponibilité/réservation.",0.85,possible,0.75,le8petion.com,S3,https://le8petion.com/location-salle-loisir-paris/,,https://le8petion.com/reserver/,https://le8petion.com/location-salle-loisir-paris/
candidate,88,,,,ai_classify_retry_chunk_2.jsonl,extracted_from_listing,venue_venue_le8petion.com_activites de bienetre_,venue_venue_le8petion.com_activites de bienetre__x0_f3d73e02ea,to_contact,0,28 m²; environ 8 à 15 personnes,venue with rental page,Paris,0.65,,06 02 72 85 02 — contact@le8petion.fr,le_8_p_tion_paris,75,"Page dédiée à la location d’une salle bien-être/loisirs à Paris 11 avec adresse, contact, capacité et liens de disponibilité/réservation.",,"Page dédiée à la location d’une salle bien-être/loisirs à Paris 11 avec adresse, contact, capacité et liens de disponibilité/réservation.",88,8/8,ai_adaptive_extracted,2026-06-20,venue_with_rental_page,in_scope,no,2026-06-20,,,,Le 8 Pétion,1,venue_with_rental_page,0,voir tarifs/disponibilités; tarifs sur page dédiée,no,,,"Page dédiée à la location d’une salle bien-être/loisirs à Paris 11 avec adresse, contact, capacité et liens de disponibilité/réservation.",0.85,possible,0.65,le8petion.com,S3,https://le8petion.com/location-salle-loisir-paris/,,https://le8petion.com/reserver/,https://le8petion.com/location-salle-loisir-paris/
candidate,75,,,,ai_classify_retry_chunk_2.jsonl,single,venue_venue_pavillon-napoleon.fr_photos_,venue_venue_pavillon-napoleon.fr_photos_,to_contact,0,,venue gallery page,,0.75,,,pavillon_napol_on_,95,Galerie photos d’une salle à louer avec adresse et téléphone; le devis/contact est la page utile pour demande de location.,"capacity, city, email, phone, price",Galerie photos d’une salle à louer avec adresse et téléphone; le devis/contact est la page utile pour demande de location.,75,3/8,ai_adaptive_extracted,2026-06-20,venue_gallery_page,in_scope,no,2026-06-20,49.005489,2.251049,"capacity, city, email, phone, price",Pavillon Napoléon,1,venue_gallery_page,0,,no,,,Galerie photos d’une salle à louer avec adresse et téléphone; le devis/contact est la page utile pour demande de location.,0.85,possible,0.75,pavillon-napoleon.fr,S3,https://www.pavillon-napoleon.fr/photos-salle-a-louer-a-saint-leu-la-foret.html,,https://www.pavillon-napoleon.fr/devis-location-salle-a-saint-leu-la-foret.html,https://www.pavillon-napoleon.fr/photos-salle-a-louer-a-saint-leu-la-foret.html
candidate,88,,,,ai_classify_retry_chunk_2.jsonl,extracted_from_listing,venue_venue_pavillon-napoleon.fr_tarifs_,venue_venue_pavillon-napoleon.fr_tarifs__x0_5dc849ed70,to_contact,0,"deux salles de 100 m²; 70 à 130 assises, jusqu’à 150 debout",venue with rental page,Saint-Leu-la-Forêt,0.65,,06 29 67 78 23,pavillon_napol_on_saint_leu_la_for_t,95,Page tarifs de location de salle du Pavillon Napoléon avec formule sur devis et lien/contact pour demande.,email,Page tarifs de location de salle du Pavillon Napoléon avec formule sur devis et lien/contact pour demande.,88,7/8,ai_adaptive_extracted,2026-06-20,venue_with_rental_page,in_scope,no,2026-06-20,49.005489,2.251049,email,Pavillon Napoléon,1,venue_with_rental_page,0,formules sur mesure; forfait ménage 100 €; devis personnalisé,no,,,Page tarifs de location de salle du Pavillon Napoléon avec formule sur devis et lien/contact pour demande.,0.85,possible,0.65,pavillon-napoleon.fr,S4,https://www.pavillon-napoleon.fr/tarifs-location-a-salle-saint-leu-la-foret.html,,https://www.pavillon-napoleon.fr/devis-location-salle-a-saint-leu-la-foret.html,https://www.pavillon-napoleon.fr/tarifs-location-a-salle-saint-leu-la-foret.html
candidate,75,,,,ai_classify_retry_chunk_3.jsonl,single,venue_venue_ymca-paris.fr_consulter les tarifs_,venue_venue_ymca-paris.fr_consulter les tarifs_,to_contact,0,,official rental page,,0.75,,,ucjg_paris_,75,Page officielle de location de salles UCJG Paris avec détails des espaces et conditions; elle signale toutefois une fermeture pour travaux depuis le 31/01/2023 et tarifs sur contact.,"address, capacity, city, current_reopening_status, email, exact_prices, phone, postal_code, price, street_address",Page officielle de location de salles UCJG Paris avec détails des espaces et conditions; elle signale toutefois une fermeture pour travaux depuis le 31/01/2023 et tarifs sur contact.,75,-2/8,ai_adaptive_extracted,2026-06-20,official_rental_page,in_scope,no,2026-06-20,,,"address, capacity, city, current_reopening_status, email, exact_prices, phone, postal_code, price, street_address",UCJG Paris,1,official_rental_page,0,,no,,,Page officielle de location de salles UCJG Paris avec détails des espaces et conditions; elle signale toutefois une fermeture pour travaux depuis le 31/01/2023 et tarifs sur contact.,0.85,possible,0.75,ymca-paris.fr,S4,http://ymca-paris.fr/le-centre/location-de-salles/,,http://ymca-paris.fr/le-centre/location-de-salles/,http://ymca-paris.fr/le-centre/location-de-salles/
candidate,75,,,,ai_classify_retry_chunk_3.jsonl,extracted_from_listing,venue_venue_ymca-paris.fr_consulter les tarifs_,venue_venue_ymca-paris.fr_consulter les tarifs__x0_52446b8683,to_contact,0,222 m²,official rental page,,0.65,,,ucjg_paris_gymnase_,75,Page officielle de location de salles UCJG Paris avec détails des espaces et conditions; elle signale toutefois une fermeture pour travaux depuis le 31/01/2023 et tarifs sur contact.,"address, city, email, phone, postal_code, price",Page officielle de location de salles UCJG Paris avec détails des espaces et conditions; elle signale toutefois une fermeture pour travaux depuis le 31/01/2023 et tarifs sur contact.,75,2/8,ai_adaptive_extracted,2026-06-20,official_rental_page,in_scope,no,2026-06-20,,,"address, city, email, phone, postal_code, price",UCJG Paris - Gymnase,1,official_rental_page,0,,no,,,Page officielle de location de salles UCJG Paris avec détails des espaces et conditions; elle signale toutefois une fermeture pour travaux depuis le 31/01/2023 et tarifs sur contact.,0.85,possible,0.65,ymca-paris.fr,S4,http://ymca-paris.fr/le-centre/location-de-salles/,,http://ymca-paris.fr/le-centre/location-de-salles/,http://ymca-paris.fr/le-centre/location-de-salles/
candidate,75,,,,ai_classify_retry_chunk_3.jsonl,extracted_from_listing,venue_venue_ymca-paris.fr_consulter les tarifs_,venue_venue_ymca-paris.fr_consulter les tarifs__x1_7669c75c35,to_contact,0,96 m²,official rental page,,0.65,,,ucjg_paris_salon_andr_,75,Page officielle de location de salles UCJG Paris avec détails des espaces et conditions; elle signale toutefois une fermeture pour travaux depuis le 31/01/2023 et tarifs sur contact.,"address, city, email, phone, postal_code, price",Page officielle de location de salles UCJG Paris avec détails des espaces et conditions; elle signale toutefois une fermeture pour travaux depuis le 31/01/2023 et tarifs sur contact.,75,2/8,ai_adaptive_extracted,2026-06-20,official_rental_page,in_scope,no,2026-06-20,,,"address, city, email, phone, postal_code, price",UCJG Paris - Salon André,1,official_rental_page,0,,no,,,Page officielle de location de salles UCJG Paris avec détails des espaces et conditions; elle signale toutefois une fermeture pour travaux depuis le 31/01/2023 et tarifs sur contact.,0.85,possible,0.65,ymca-paris.fr,S4,http://ymca-paris.fr/le-centre/location-de-salles/,,http://ymca-paris.fr/le-centre/location-de-salles/,http://ymca-paris.fr/le-centre/location-de-salles/
candidate,75,,,,ai_classify_retry_chunk_3.jsonl,extracted_from_listing,venue_venue_ymca-paris.fr_consulter les tarifs_,venue_venue_ymca-paris.fr_consulter les tarifs__x2_9523f6ec39,to_contact,0,32 m²,official rental page,,0.65,,,ucjg_paris_salle_bleue_,75,Page officielle de location de salles UCJG Paris avec détails des espaces et conditions; elle signale toutefois une fermeture pour travaux depuis le 31/01/2023 et tarifs sur contact.,"address, city, email, phone, postal_code, price",Page officielle de location de salles UCJG Paris avec détails des espaces et conditions; elle signale toutefois une fermeture pour travaux depuis le 31/01/2023 et tarifs sur contact.,75,2/8,ai_adaptive_extracted,2026-06-20,official_rental_page,in_scope,no,2026-06-20,,,"address, city, email, phone, postal_code, price",UCJG Paris - Salle bleue,1,official_rental_page,0,,no,,,Page officielle de location de salles UCJG Paris avec détails des espaces et conditions; elle signale toutefois une fermeture pour travaux depuis le 31/01/2023 et tarifs sur contact.,0.85,possible,0.65,ymca-paris.fr,S4,http://ymca-paris.fr/le-centre/location-de-salles/,,http://ymca-paris.fr/le-centre/location-de-salles/,http://ymca-paris.fr/le-centre/location-de-salles/
candidate,75,,,,ai_classify_retry_chunk_3.jsonl,extracted_from_listing,venue_venue_ymca-paris.fr_consulter les tarifs_,venue_venue_ymca-paris.fr_consulter les tarifs__x3_ed8aa9d19d,to_contact,0,60 m²,official rental page,,0.65,,,ucjg_paris_salle_2_,75,Page officielle de location de salles UCJG Paris avec détails des espaces et conditions; elle signale toutefois une fermeture pour travaux depuis le 31/01/2023 et tarifs sur contact.,"address, city, email, phone, postal_code, price",Page officielle de location de salles UCJG Paris avec détails des espaces et conditions; elle signale toutefois une fermeture pour travaux depuis le 31/01/2023 et tarifs sur contact.,75,2/8,ai_adaptive_extracted,2026-06-20,official_rental_page,in_scope,no,2026-06-20,,,"address, city, email, phone, postal_code, price",UCJG Paris - Salle 2,1,official_rental_page,0,,no,,,Page officielle de location de salles UCJG Paris avec détails des espaces et conditions; elle signale toutefois une fermeture pour travaux depuis le 31/01/2023 et tarifs sur contact.,0.85,possible,0.65,ymca-paris.fr,S4,http://ymca-paris.fr/le-centre/location-de-salles/,,http://ymca-paris.fr/le-centre/location-de-salles/,http://ymca-paris.fr/le-centre/location-de-salles/
candidate,75,,,,ai_classify_retry_chunk_3.jsonl,extracted_from_listing,venue_venue_ymca-paris.fr_consulter les tarifs_,venue_venue_ymca-paris.fr_consulter les tarifs__x4_a2f34b84cc,to_contact,0,73 m²,official rental page,,0.65,,,ucjg_paris_salle_3_,75,Page officielle de location de salles UCJG Paris avec détails des espaces et conditions; elle signale toutefois une fermeture pour travaux depuis le 31/01/2023 et tarifs sur contact.,"address, city, email, phone, postal_code, price",Page officielle de location de salles UCJG Paris avec détails des espaces et conditions; elle signale toutefois une fermeture pour travaux depuis le 31/01/2023 et tarifs sur contact.,75,2/8,ai_adaptive_extracted,2026-06-20,official_rental_page,in_scope,no,2026-06-20,,,"address, city, email, phone, postal_code, price",UCJG Paris - Salle 3,1,official_rental_page,0,,no,,,Page officielle de location de salles UCJG Paris avec détails des espaces et conditions; elle signale toutefois une fermeture pour travaux depuis le 31/01/2023 et tarifs sur contact.,0.85,possible,0.65,ymca-paris.fr,S4,http://ymca-paris.fr/le-centre/location-de-salles/,,http://ymca-paris.fr/le-centre/location-de-salles/,http://ymca-paris.fr/le-centre/location-de-salles/
candidate,75,,,,ai_classify_retry_chunk_3.jsonl,extracted_from_listing,venue_venue_ymca-paris.fr_consulter les tarifs_,venue_venue_ymca-paris.fr_consulter les tarifs__x5_41f2870e35,to_contact,0,143 m²,official rental page,,0.65,,,ucjg_paris_grande_salle_,75,Page officielle de location de salles UCJG Paris avec détails des espaces et conditions; elle signale toutefois une fermeture pour travaux depuis le 31/01/2023 et tarifs sur contact.,"address, city, email, phone, postal_code, price",Page officielle de location de salles UCJG Paris avec détails des espaces et conditions; elle signale toutefois une fermeture pour travaux depuis le 31/01/2023 et tarifs sur contact.,75,2/8,ai_adaptive_extracted,2026-06-20,official_rental_page,in_scope,no,2026-06-20,,,"address, city, email, phone, postal_code, price",UCJG Paris - Grande Salle,1,official_rental_page,0,,no,,,Page officielle de location de salles UCJG Paris avec détails des espaces et conditions; elle signale toutefois une fermeture pour travaux depuis le 31/01/2023 et tarifs sur contact.,0.85,possible,0.65,ymca-paris.fr,S4,http://ymca-paris.fr/le-centre/location-de-salles/,,http://ymca-paris.fr/le-centre/location-de-salles/,http://ymca-paris.fr/le-centre/location-de-salles/
candidate,75,,,,ai_classify_retry_chunk_3.jsonl,extracted_from_listing,venue_venue_ymca-paris.fr_consulter les tarifs_,venue_venue_ymca-paris.fr_consulter les tarifs__x6_db7e84126b,to_contact,0,50 m²,official rental page,,0.65,,,ucjg_paris_salle_4_,75,Page officielle de location de salles UCJG Paris avec détails des espaces et conditions; elle signale toutefois une fermeture pour travaux depuis le 31/01/2023 et tarifs sur contact.,"address, city, email, phone, postal_code, price",Page officielle de location de salles UCJG Paris avec détails des espaces et conditions; elle signale toutefois une fermeture pour travaux depuis le 31/01/2023 et tarifs sur contact.,75,2/8,ai_adaptive_extracted,2026-06-20,official_rental_page,in_scope,no,2026-06-20,,,"address, city, email, phone, postal_code, price",UCJG Paris - Salle 4,1,official_rental_page,0,,no,,,Page officielle de location de salles UCJG Paris avec détails des espaces et conditions; elle signale toutefois une fermeture pour travaux depuis le 31/01/2023 et tarifs sur contact.,0.85,possible,0.65,ymca-paris.fr,S4,http://ymca-paris.fr/le-centre/location-de-salles/,,http://ymca-paris.fr/le-centre/location-de-salles/,http://ymca-paris.fr/le-centre/location-de-salles/
candidate,75,,,,ai_classify_retry_chunk_3.jsonl,single,venue_venue_larivieredoree.com_location salle_,venue_venue_larivieredoree.com_location salle_,to_contact,0,,official rental page,,0.75,,,camping_la_rivi_re_dor_e_,77,"Page officielle de location d'une salle/chapiteau au camping La Rivière Dorée, avec capacité, surface, équipements et usages événementiels.","capacity, city, direct_contact, email, exact_address, phone, price, prices","Page officielle de location d'une salle/chapiteau au camping La Rivière Dorée, avec capacité, surface, équipements et usages événementiels.",75,0/8,ai_adaptive_extracted,2026-06-20,official_rental_page,in_scope,no,2026-06-20,48.239952,2.704516,"capacity, city, direct_contact, email, exact_address, phone, price, prices",Camping La Rivière Dorée,1,official_rental_page,0,,no,,,"Page officielle de location d'une salle/chapiteau au camping La Rivière Dorée, avec capacité, surface, équipements et usages événementiels.",0.85,possible,0.75,larivieredoree.com,S4,https://www.larivieredoree.com/fr/location-salle/,,https://www.larivieredoree.com/fr/location-salle/,https://www.larivieredoree.com/fr/location-salle/
candidate,75,,,,ai_classify_retry_chunk_3.jsonl,extracted_from_listing,venue_venue_larivieredoree.com_location salle_,venue_venue_larivieredoree.com_location salle__x0_85de64ec34,to_contact,0,168 personnes,official rental page,,0.65,,,la_rivi_re_dor_e_chapiteau_de_r_ception_,77,"Page officielle de location d'une salle/chapiteau au camping La Rivière Dorée, avec capacité, surface, équipements et usages événementiels.","city, email, phone, price","Page officielle de location d'une salle/chapiteau au camping La Rivière Dorée, avec capacité, surface, équipements et usages événementiels.",75,4/8,ai_adaptive_extracted,2026-06-20,official_rental_page,in_scope,no,2026-06-20,48.239952,2.704516,"city, email, phone, price",La Rivière Dorée - chapiteau de réception,1,official_rental_page,0,,no,,,"Page officielle de location d'une salle/chapiteau au camping La Rivière Dorée, avec capacité, surface, équipements et usages événementiels.",0.85,possible,0.65,larivieredoree.com,S4,https://www.larivieredoree.com/fr/location-salle/,,https://www.larivieredoree.com/fr/location-salle/,https://www.larivieredoree.com/fr/location-salle/
candidate,75,,,,ai_classify_retry_chunk_3.jsonl,single,venue_venue_lesmolieres.fr_location de salles_,venue_venue_lesmolieres.fr_location de salles_,to_contact,0,,official rental page multi space,,0.75,,,commune_des_moli_res_salles_communales_,91,"Page municipale officielle listant les salles communales à louer, documents de tarifs/règlements et contact de réservation.","Paradou_address, address, capacities, capacity, city, email, phone, postal_code, price, prices_inline","Page municipale officielle listant les salles communales à louer, documents de tarifs/règlements et contact de réservation.",75,-2/8,ai_adaptive_extracted,2026-06-20,official_rental_page_multi_space,in_scope,no,2026-06-20,,,"Paradou_address, address, capacities, capacity, city, email, phone, postal_code, price, prices_inline",Commune des Molières - salles communales,1,official_rental_page_multi_space,0,,no,,,"Page municipale officielle listant les salles communales à louer, documents de tarifs/règlements et contact de réservation.",0.85,possible,0.75,lesmolieres.fr,S4,https://www.lesmolieres.fr/location-de-salles/,,https://www.lesmolieres.fr/location-de-salles/,https://www.lesmolieres.fr/location-de-salles/
candidate,75,,,,ai_classify_retry_chunk_3.jsonl,single,venue_venue_lesmolieres.fr_reglement_,venue_venue_lesmolieres.fr_reglement_,to_contact,0,,rental regulation pdf fetch failed,,0.75,,,salle_du_paradou_,91,"PDF de règlement lié depuis la page officielle Location de salles, mais web_extract n'a pas pu récupérer le contenu du PDF; classification déduite du libellé et de la page parente extraite.","address, capacity, city, email, pdf_content, phone, postal_code, price, prices","PDF de règlement lié depuis la page officielle Location de salles, mais web_extract n'a pas pu récupérer le contenu du PDF; classification déduite du libellé et de la page parente extraite.",75,-1/8,ai_adaptive_extracted,2026-06-20,rental_regulation_pdf_fetch_failed,in_scope,no,2026-06-20,,,"address, capacity, city, email, pdf_content, phone, postal_code, price, prices",Salle du Paradou,2,rental_regulation_pdf_fetch_failed,0,,no,,,"PDF de règlement lié depuis la page officielle Location de salles, mais web_extract n'a pas pu récupérer le contenu du PDF; classification déduite du libellé et de la page parente extraite.",0.85,possible,0.75,lesmolieres.fr,S4,https://www.lesmolieres.fr/wp-content/uploads/2025/10/Reglement-de-la-salle-du-Paradou-Version-8-septembre-2025.pdf,,https://www.lesmolieres.fr/location-de-salles/,https://www.lesmolieres.fr/wp-content/uploads/2025/10/Reglement-de-la-salle-du-Paradou-Version-8-septembre-2025.pdf
candidate,70,,,,ai_classify_retry_chunk_3.jsonl,extracted_from_listing,venue_venue_lesmolieres.fr_location de salles_,venue_venue_lesmolieres.fr_location de salles__x1_c363652b2d,to_contact,0,,official rental page multi space,,0.65,,,espace_culturel_associatif_guy_jean_baptiste_target_salle_d_expositions_,91,"Page municipale officielle listant les salles communales à louer, documents de tarifs/règlements et contact de réservation.","capacity, city, email, phone, postal_code, price","Page municipale officielle listant les salles communales à louer, documents de tarifs/règlements et contact de réservation.",70,2/8,ai_adaptive_extracted,2026-06-20,official_rental_page_multi_space,in_scope,no,2026-06-20,,,"capacity, city, email, phone, postal_code, price",Espace culturel & associatif Guy Jean-Baptiste Target - salle d'expositions,1,official_rental_page_multi_space,0,,no,,,"Page municipale officielle listant les salles communales à louer, documents de tarifs/règlements et contact de réservation.",0.85,possible,0.65,lesmolieres.fr,S4,https://www.lesmolieres.fr/location-de-salles/,,https://www.lesmolieres.fr/location-de-salles/,https://www.lesmolieres.fr/location-de-salles/
candidate,70,,,,ai_classify_retry_chunk_3.jsonl,extracted_from_listing,venue_venue_lesmolieres.fr_location de salles_,venue_venue_lesmolieres.fr_location de salles__x2_f948a34f13,to_contact,0,,official rental page multi space,,0.65,,,espace_culturel_associatif_guy_jean_baptiste_target_maison_du_citoyen_,91,"Page municipale officielle listant les salles communales à louer, documents de tarifs/règlements et contact de réservation.","capacity, city, email, phone, postal_code, price","Page municipale officielle listant les salles communales à louer, documents de tarifs/règlements et contact de réservation.",70,2/8,ai_adaptive_extracted,2026-06-20,official_rental_page_multi_space,in_scope,no,2026-06-20,,,"capacity, city, email, phone, postal_code, price",Espace culturel & associatif Guy Jean-Baptiste Target - Maison du Citoyen,1,official_rental_page_multi_space,0,,no,,,"Page municipale officielle listant les salles communales à louer, documents de tarifs/règlements et contact de réservation.",0.85,possible,0.65,lesmolieres.fr,S4,https://www.lesmolieres.fr/location-de-salles/,,https://www.lesmolieres.fr/location-de-salles/,https://www.lesmolieres.fr/location-de-salles/
candidate,70,,Les Molières,,ai_classify_retry_chunk_3.jsonl,extracted_from_listing,venue_venue_lesmolieres.fr_reglement_,venue_venue_lesmolieres.fr_reglement__x0_c846274c56,to_contact,0,,rental regulation pdf fetch failed,Les Molières,0.65,,,salle_du_paradou_les_moli_res,91,"PDF de règlement lié depuis la page officielle Location de salles, mais web_extract n'a pas pu récupérer le contenu du PDF; classification déduite du libellé et de la page parente extraite.","address, capacity, email, phone, postal_code, price","PDF de règlement lié depuis la page officielle Location de salles, mais web_extract n'a pas pu récupérer le contenu du PDF; classification déduite du libellé et de la page parente extraite.",70,2/8,ai_adaptive_extracted,2026-06-20,rental_regulation_pdf_fetch_failed,in_scope,no,2026-06-20,,,"address, capacity, email, phone, postal_code, price",Salle du Paradou,2,rental_regulation_pdf_fetch_failed,0,,no,,,"PDF de règlement lié depuis la page officielle Location de salles, mais web_extract n'a pas pu récupérer le contenu du PDF; classification déduite du libellé et de la page parente extraite.",0.85,possible,0.65,lesmolieres.fr,S4,https://www.lesmolieres.fr/wp-content/uploads/2025/10/Reglement-de-la-salle-du-Paradou-Version-8-septembre-2025.pdf,,https://www.lesmolieres.fr/location-de-salles/,https://www.lesmolieres.fr/wp-content/uploads/2025/10/Reglement-de-la-salle-du-Paradou-Version-8-septembre-2025.pdf
candidate,75,,,,ai_classify_retry_chunk_3.jsonl,single,venue_venue_lesmolieres.fr_lespace culturel associatif_,venue_venue_lesmolieres.fr_lespace culturel associatif_,to_contact,0,,official venue page,,0.75,,,espace_culturel_associatif_guy_jean_baptiste_target_,91,Page de présentation de l'espace culturel municipal; la location est documentée sur une autre page officielle.,"address, capacity, city, email, phone, postal_code, price, prices, rental_conditions_on_page",Page de présentation de l'espace culturel municipal; la location est documentée sur une autre page officielle.,75,-1/8,ai_adaptive_extracted,2026-06-20,official_venue_page,in_scope,no,2026-06-20,,,"address, capacity, city, email, phone, postal_code, price, prices, rental_conditions_on_page",Espace culturel & associatif Guy Jean-Baptiste Target,1,official_venue_page,0,,no,,,Page de présentation de l'espace culturel municipal; la location est documentée sur une autre page officielle.,0.85,possible,0.75,lesmolieres.fr,S3,https://www.lesmolieres.fr/lespace-culturel-associatif-guy-jean-baptiste-target/,,https://www.lesmolieres.fr/location-de-salles/,https://www.lesmolieres.fr/lespace-culturel-associatif-guy-jean-baptiste-target/
candidate,70,,,,ai_classify_retry_chunk_3.jsonl,extracted_from_listing,venue_venue_lesmolieres.fr_lespace culturel associatif_,venue_venue_lesmolieres.fr_lespace culturel associatif__x0_c367a02ab2,to_contact,0,,official venue page,,0.65,,,salle_d_exposition_,91,Page de présentation de l'espace culturel municipal; la location est documentée sur une autre page officielle.,"capacity, city, email, phone, postal_code, price",Page de présentation de l'espace culturel municipal; la location est documentée sur une autre page officielle.,70,2/8,ai_adaptive_extracted,2026-06-20,official_venue_page,in_scope,no,2026-06-20,,,"capacity, city, email, phone, postal_code, price",Salle d'exposition,1,official_venue_page,0,,no,,,Page de présentation de l'espace culturel municipal; la location est documentée sur une autre page officielle.,0.85,possible,0.65,lesmolieres.fr,S3,https://www.lesmolieres.fr/lespace-culturel-associatif-guy-jean-baptiste-target/,,https://www.lesmolieres.fr/location-de-salles/,https://www.lesmolieres.fr/lespace-culturel-associatif-guy-jean-baptiste-target/
candidate,70,,,,ai_classify_retry_chunk_3.jsonl,extracted_from_listing,venue_venue_lesmolieres.fr_lespace culturel associatif_,venue_venue_lesmolieres.fr_lespace culturel associatif__x1_1a332fb991,to_contact,0,,official venue page,,0.65,,,maison_du_citoyen_,91,Page de présentation de l'espace culturel municipal; la location est documentée sur une autre page officielle.,"capacity, city, email, phone, postal_code, price",Page de présentation de l'espace culturel municipal; la location est documentée sur une autre page officielle.,70,2/8,ai_adaptive_extracted,2026-06-20,official_venue_page,in_scope,no,2026-06-20,,,"capacity, city, email, phone, postal_code, price",Maison du Citoyen,1,official_venue_page,0,,no,,,Page de présentation de l'espace culturel municipal; la location est documentée sur une autre page officielle.,0.85,possible,0.65,lesmolieres.fr,S3,https://www.lesmolieres.fr/lespace-culturel-associatif-guy-jean-baptiste-target/,,https://www.lesmolieres.fr/location-de-salles/,https://www.lesmolieres.fr/lespace-culturel-associatif-guy-jean-baptiste-target/
candidate,70,,,,ai_classify_retry_chunk_3.jsonl,extracted_from_listing,venue_venue_lesmolieres.fr_lespace culturel associatif_,venue_venue_lesmolieres.fr_lespace culturel associatif__x2_225fd05e30,to_contact,0,,official venue page,,0.65,,,m_diath_que_,91,Page de présentation de l'espace culturel municipal; la location est documentée sur une autre page officielle.,"capacity, city, email, phone, postal_code, price",Page de présentation de l'espace culturel municipal; la location est documentée sur une autre page officielle.,70,2/8,ai_adaptive_extracted,2026-06-20,official_venue_page,in_scope,no,2026-06-20,,,"capacity, city, email, phone, postal_code, price",Médiathèque,1,official_venue_page,0,,no,,,Page de présentation de l'espace culturel municipal; la location est documentée sur une autre page officielle.,0.85,possible,0.65,lesmolieres.fr,S3,https://www.lesmolieres.fr/lespace-culturel-associatif-guy-jean-baptiste-target/,,https://www.lesmolieres.fr/location-de-salles/,https://www.lesmolieres.fr/lespace-culturel-associatif-guy-jean-baptiste-target/
candidate,70,,,,ai_classify_retry_chunk_3.jsonl,extracted_from_listing,venue_venue_lesmolieres.fr_page load link_,venue_venue_lesmolieres.fr_page load link__x1_9ed485f3fd,to_contact,0,,official rental page multi space,,0.65,,,salle_d_expositions_,91,"Même page municipale de location de salles, récupérée sans slash final; le libellé source est un faux lien de chargement.","capacity, city, email, phone, postal_code, price","Même page municipale de location de salles, récupérée sans slash final; le libellé source est un faux lien de chargement.",70,2/8,ai_adaptive_extracted,2026-06-20,official_rental_page_multi_space,in_scope,no,2026-06-20,,,"capacity, city, email, phone, postal_code, price",Salle d'expositions,1,official_rental_page_multi_space,0,,no,,,"Même page municipale de location de salles, récupérée sans slash final; le libellé source est un faux lien de chargement.",0.85,possible,0.65,lesmolieres.fr,S3,https://www.lesmolieres.fr/location-de-salles,,https://www.lesmolieres.fr/location-de-salles,https://www.lesmolieres.fr/location-de-salles
candidate,78,,,,ai_classify_retry_chunk_3.jsonl,extracted_from_listing,venue_venue_espace-jules-cesar.fr_guide dacces_,venue_venue_espace-jules-cesar.fr_guide dacces__x0_0e3114967a,to_contact,0,,access guide pdf,,0.65,,01 84 24 42 18,espace_jules_c_sar_,95,"PDF d'accès officiel indiquant entrée, bâtiment et téléphone; ce n'est pas une page de location mais confirme l'adresse du venue.","capacity, city, email, price","PDF d'accès officiel indiquant entrée, bâtiment et téléphone; ce n'est pas une page de location mais confirme l'adresse du venue.",78,4/8,ai_adaptive_extracted,2026-06-20,access_guide_pdf,in_scope,no,2026-06-20,,,"capacity, city, email, price",Espace Jules César,1,access_guide_pdf,0,,no,,,"PDF d'accès officiel indiquant entrée, bâtiment et téléphone; ce n'est pas une page de location mais confirme l'adresse du venue.",0.85,possible,0.65,espace-jules-cesar.fr,S4,https://espace-jules-cesar.fr/wp-content/uploads/2026/03/Guide-pratique-Ou-trouver-lEspace-Jules-Cesar.pdf,,https://espace-jules-cesar.fr/reservation/,https://espace-jules-cesar.fr/wp-content/uploads/2026/03/Guide-pratique-Ou-trouver-lEspace-Jules-Cesar.pdf
candidate,70,,,,ai_classify_retry_chunk_3.jsonl,extracted_from_listing,venue_venue_espace-jules-cesar.fr_options et services complementaires_,venue_venue_espace-jules-cesar.fr_options et services complementaires__x0_a19b03a4bd,to_contact,0,,rental services page,,0.65,,,espace_jules_c_sar_salles_de_r_union_,95,Page officielle détaillant les services/options associés à la location de salle à Osny; complète l'offre de réservation.,"address, capacity, city, email, phone, postal_code, price",Page officielle détaillant les services/options associés à la location de salle à Osny; complète l'offre de réservation.,70,1/8,ai_adaptive_extracted,2026-06-20,rental_services_page,in_scope,no,2026-06-20,,,"address, capacity, city, email, phone, postal_code, price",Espace Jules César - salles de réunion,1,rental_services_page,0,,no,,,Page officielle détaillant les services/options associés à la location de salle à Osny; complète l'offre de réservation.,0.85,possible,0.65,espace-jules-cesar.fr,S3,https://espace-jules-cesar.fr/options-services-location-salle-osny/,,https://espace-jules-cesar.fr/reservation/,https://espace-jules-cesar.fr/options-services-location-salle-osny/
candidate,80,,,,ai_classify_retry_chunk_3.jsonl,extracted_from_listing,venue_venue_espace-jules-cesar.fr_reservation_,venue_venue_espace-jules-cesar.fr_reservation__x0_48d0948f7f,to_contact,0,10 à 20 personnes,official rental page multi space,,0.65,,,salle_de_r_union_10_20_personnes_,95,"Page officielle de réservation de l'Espace Jules César avec adresse, téléphone, tarifs et plusieurs espaces louables.","address, city, email, phone, postal_code","Page officielle de réservation de l'Espace Jules César avec adresse, téléphone, tarifs et plusieurs espaces louables.",80,3/8,ai_adaptive_extracted,2026-06-20,official_rental_page_multi_space,in_scope,no,2026-06-20,,,"address, city, email, phone, postal_code",Salle de réunion 10-20 personnes,1,official_rental_page_multi_space,0,145€ demi-journée / 245€ journée,no,,,"Page officielle de réservation de l'Espace Jules César avec adresse, téléphone, tarifs et plusieurs espaces louables.",0.85,possible,0.65,espace-jules-cesar.fr,S4,https://espace-jules-cesar.fr/reservation/,,https://espace-jules-cesar.fr/reservation/,https://espace-jules-cesar.fr/reservation/
candidate,80,,,,ai_classify_retry_chunk_3.jsonl,extracted_from_listing,venue_venue_espace-jules-cesar.fr_reservation_,venue_venue_espace-jules-cesar.fr_reservation__x1_f80665bb19,to_contact,0,20 à 30 personnes,official rental page multi space,,0.65,,,salle_de_r_union_20_30_personnes_,95,"Page officielle de réservation de l'Espace Jules César avec adresse, téléphone, tarifs et plusieurs espaces louables.","address, city, email, phone, postal_code","Page officielle de réservation de l'Espace Jules César avec adresse, téléphone, tarifs et plusieurs espaces louables.",80,3/8,ai_adaptive_extracted,2026-06-20,official_rental_page_multi_space,in_scope,no,2026-06-20,,,"address, city, email, phone, postal_code",Salle de réunion 20-30 personnes,1,official_rental_page_multi_space,0,195€ demi-journée / 345€ journée,no,,,"Page officielle de réservation de l'Espace Jules César avec adresse, téléphone, tarifs et plusieurs espaces louables.",0.85,possible,0.65,espace-jules-cesar.fr,S4,https://espace-jules-cesar.fr/reservation/,,https://espace-jules-cesar.fr/reservation/,https://espace-jules-cesar.fr/reservation/
candidate,80,,,,ai_classify_retry_chunk_3.jsonl,extracted_from_listing,venue_venue_espace-jules-cesar.fr_reservation_,venue_venue_espace-jules-cesar.fr_reservation__x2_cc38b9c1c1,to_contact,0,25 m²,official rental page multi space,,0.65,,,bureau_individuel_25m_,95,"Page officielle de réservation de l'Espace Jules César avec adresse, téléphone, tarifs et plusieurs espaces louables.","address, city, email, phone, postal_code","Page officielle de réservation de l'Espace Jules César avec adresse, téléphone, tarifs et plusieurs espaces louables.",80,3/8,ai_adaptive_extracted,2026-06-20,official_rental_page_multi_space,in_scope,no,2026-06-20,,,"address, city, email, phone, postal_code",Bureau individuel 25m²,1,official_rental_page_multi_space,0,60€ journée / 860€ mois,no,,,"Page officielle de réservation de l'Espace Jules César avec adresse, téléphone, tarifs et plusieurs espaces louables.",0.85,possible,0.65,espace-jules-cesar.fr,S4,https://espace-jules-cesar.fr/reservation/,,https://espace-jules-cesar.fr/reservation/,https://espace-jules-cesar.fr/reservation/
candidate,75,,,,ai_classify_retry_chunk_3.jsonl,single,venue_venue_espace-jules-cesar.fr_bureau individuel_,venue_venue_espace-jules-cesar.fr_bureau individuel_,to_contact,0,,official rental page single space,,0.75,,,espace_jules_c_sar_bureau_privatif_25m_,95,Page officielle de location du bureau privatif de l'Espace Jules César avec tarifs et équipements.,"address, capacity, city, email, exact_address_in_summary, phone, postal_code, price",Page officielle de location du bureau privatif de l'Espace Jules César avec tarifs et équipements.,75,0/8,ai_adaptive_extracted,2026-06-20,official_rental_page_single_space,in_scope,no,2026-06-20,,,"address, capacity, city, email, exact_address_in_summary, phone, postal_code, price",Espace Jules César - bureau privatif 25m²,1,official_rental_page_single_space,0,,no,,,Page officielle de location du bureau privatif de l'Espace Jules César avec tarifs et équipements.,0.85,possible,0.75,espace-jules-cesar.fr,S3,https://espace-jules-cesar.fr/location-bureau-privatif-25m2-cergy-pontoise/,,https://espace-jules-cesar.fr/location-bureau-privatif-25m2-cergy-pontoise/,https://espace-jules-cesar.fr/location-bureau-privatif-25m2-cergy-pontoise/
candidate,80,,,,ai_classify_retry_chunk_3.jsonl,extracted_from_listing,venue_venue_espace-jules-cesar.fr_bureau individuel_,venue_venue_espace-jules-cesar.fr_bureau individuel__x0_2a161cae23,to_contact,0,2 à 4 postes,official rental page single space,,0.65,,,bureau_privatif_25m_,95,Page officielle de location du bureau privatif de l'Espace Jules César avec tarifs et équipements.,"address, city, email, phone, postal_code",Page officielle de location du bureau privatif de l'Espace Jules César avec tarifs et équipements.,80,3/8,ai_adaptive_extracted,2026-06-20,official_rental_page_single_space,in_scope,no,2026-06-20,,,"address, city, email, phone, postal_code",Bureau privatif 25m²,1,official_rental_page_single_space,0,140€ HT/jour ou 860€ HT/mois,no,,,Page officielle de location du bureau privatif de l'Espace Jules César avec tarifs et équipements.,0.85,possible,0.65,espace-jules-cesar.fr,S3,https://espace-jules-cesar.fr/location-bureau-privatif-25m2-cergy-pontoise/,,https://espace-jules-cesar.fr/location-bureau-privatif-25m2-cergy-pontoise/,https://espace-jules-cesar.fr/location-bureau-privatif-25m2-cergy-pontoise/
candidate,75,,,,ai_classify_retry_chunk_3.jsonl,single,venue_venue_espace-jules-cesar.fr_salle 28 personnes_,venue_venue_espace-jules-cesar.fr_salle 28 personnes_,to_contact,0,,official rental page single space,,0.75,,,espace_jules_c_sar_salle_de_r_union_2_8_personnes_,95,"Fiche officielle très précise pour une petite salle de réunion louable à Osny, avec capacité, adresse, tarifs et contact.","address, capacity, city, email, phone, postal_code, price","Fiche officielle très précise pour une petite salle de réunion louable à Osny, avec capacité, adresse, tarifs et contact.",75,1/8,ai_adaptive_extracted,2026-06-20,official_rental_page_single_space,in_scope,no,2026-06-20,,,"address, capacity, city, email, phone, postal_code, price",Espace Jules César - salle de réunion 2 à 8 personnes,1,official_rental_page_single_space,0,,no,,,"Fiche officielle très précise pour une petite salle de réunion louable à Osny, avec capacité, adresse, tarifs et contact.",0.85,possible,0.75,espace-jules-cesar.fr,S3,https://espace-jules-cesar.fr/location-salle-reunion-2-8-personnes-cergy-pontoise/,,https://espace-jules-cesar.fr/location-salle-reunion-2-8-personnes-cergy-pontoise/,https://espace-jules-cesar.fr/location-salle-reunion-2-8-personnes-cergy-pontoise/
candidate,88,,,,ai_classify_retry_chunk_3.jsonl,extracted_from_listing,venue_venue_espace-jules-cesar.fr_salle 28 personnes_,venue_venue_espace-jules-cesar.fr_salle 28 personnes__x0_bf18ccbc8b,to_contact,0,2 à 8 personnes,official rental page single space,,0.65,,01 84 24 42 18,salle_de_r_union_2_8_personnes_,95,"Fiche officielle très précise pour une petite salle de réunion louable à Osny, avec capacité, adresse, tarifs et contact.","city, email","Fiche officielle très précise pour une petite salle de réunion louable à Osny, avec capacité, adresse, tarifs et contact.",88,6/8,ai_adaptive_extracted,2026-06-20,official_rental_page_single_space,in_scope,no,2026-06-20,,,"city, email",Salle de réunion 2 à 8 personnes,1,official_rental_page_single_space,0,80€ HT demi-journée / 140€ HT journée,no,,,"Fiche officielle très précise pour une petite salle de réunion louable à Osny, avec capacité, adresse, tarifs et contact.",0.85,possible,0.65,espace-jules-cesar.fr,S3,https://espace-jules-cesar.fr/location-salle-reunion-2-8-personnes-cergy-pontoise/,,https://espace-jules-cesar.fr/location-salle-reunion-2-8-personnes-cergy-pontoise/,https://espace-jules-cesar.fr/location-salle-reunion-2-8-personnes-cergy-pontoise/
candidate,55,,,,ai_classify_retry_chunk_3.jsonl,single,venue_venue_bagneux92.fr_espace seniors_bagneux,venue_venue_bagneux92.fr_espace seniors_bagneux,new,0,,public service venue page,Bagneux,0.75,,,espace_seniors_du_ccas_de_bagneux_bagneux,92,Page de service public pour seniors à Bagneux; lieu/service identifié mais pas une page de location de salle.,"capacity, email, phone, price, public_hire_prices, rental_information, rental_page_url, room_capacity",Page de service public pour seniors à Bagneux; lieu/service identifié mais pas une page de location de salle.,55,0/8,ai_adaptive_extracted,2026-06-20,public_service_venue_page,in_scope,no,2026-06-20,48.798591,2.304322,"capacity, email, phone, price, public_hire_prices, rental_information, rental_page_url, room_capacity",Espace seniors du CCAS de Bagneux,1,public_service_venue_page,0,,yes,Page de service public pour seniors à Bagneux; lieu/service identifié mais pas une page de location de salle.,,,0.55,unclear,0.75,bagneux92.fr,S4,https://www.bagneux92.fr/140/a-tout-age/senior/espace-seniors.htm,,,https://www.bagneux92.fr/140/a-tout-age/senior/espace-seniors.htm
candidate,58,,Bagneux,,ai_classify_retry_chunk_3.jsonl,extracted_from_listing,venue_venue_bagneux92.fr_espace seniors_bagneux,venue_venue_bagneux92.fr_espace seniors_bagneux_x1_a00cb662e5,new,0,,public service venue page,Bagneux,0.65,,01 45 47 62 00,mairie_annexe_bagneux,92,Page de service public pour seniors à Bagneux; lieu/service identifié mais pas une page de location de salle.,"capacity, email, postal_code, price, rental_page_url",Page de service public pour seniors à Bagneux; lieu/service identifié mais pas une page de location de salle.,58,3/8,ai_adaptive_extracted,2026-06-20,public_service_venue_page,in_scope,no,2026-06-20,48.798591,2.304322,"capacity, email, postal_code, price, rental_page_url",Mairie annexe,1,public_service_venue_page,0,,yes,Page de service public pour seniors à Bagneux; lieu/service identifié mais pas une page de location de salle.,,,0.55,unclear,0.65,bagneux92.fr,S4,https://www.bagneux92.fr/140/a-tout-age/senior/espace-seniors.htm,,,https://www.bagneux92.fr/140/a-tout-age/senior/espace-seniors.htm
candidate,50,,,,ai_classify_retry_chunk_3.jsonl,extracted_from_listing,venue_venue_bagneux92.fr_espace seniors_bagneux,venue_venue_bagneux92.fr_espace seniors_bagneux_x2_a19db83cde,new,0,,public service venue page,Bagneux,0.65,,,r_sidence_du_clos_lapaume_bagneux,92,Page de service public pour seniors à Bagneux; lieu/service identifié mais pas une page de location de salle.,"capacity, email, phone, price, rental_page_url",Page de service public pour seniors à Bagneux; lieu/service identifié mais pas une page de location de salle.,50,3/8,ai_adaptive_extracted,2026-06-20,public_service_venue_page,in_scope,no,2026-06-20,48.798591,2.304322,"capacity, email, phone, price, rental_page_url",Résidence du Clos Lapaume,1,public_service_venue_page,0,,yes,Page de service public pour seniors à Bagneux; lieu/service identifié mais pas une page de location de salle.,,,0.55,unclear,0.65,bagneux92.fr,S4,https://www.bagneux92.fr/140/a-tout-age/senior/espace-seniors.htm,,,https://www.bagneux92.fr/140/a-tout-age/senior/espace-seniors.htm
candidate,75,,Montrouge,,ai_classify_retry_chunk_3.jsonl,single,venue_venue_studiolenvol.com_location_montrouge,venue_venue_studiolenvol.com_location_montrouge,to_contact,0,,official rental page multi space,Montrouge,0.75,,,studio_l_envol_montrouge,92,Page officielle de tarifs et conditions de location des deux studios de danse/théâtre/yoga du Studio l'Envol.,"availability_calendar, capacity, email, phone, postal_code, price",Page officielle de tarifs et conditions de location des deux studios de danse/théâtre/yoga du Studio l'Envol.,75,2/8,ai_adaptive_extracted,2026-06-20,official_rental_page_multi_space,in_scope,no,2026-06-20,48.848044,2.348449,"availability_calendar, capacity, email, phone, postal_code, price",Studio l'Envol,1,official_rental_page_multi_space,0,,no,,,Page officielle de tarifs et conditions de location des deux studios de danse/théâtre/yoga du Studio l'Envol.,0.85,possible,0.75,studiolenvol.com,S4,https://www.studiolenvol.com/location-salle-paris.html,,https://www.studiolenvol.com/location-salle-paris.html,https://www.studiolenvol.com/location-salle-paris.html
candidate,80,,Montrouge,,ai_classify_retry_chunk_3.jsonl,extracted_from_listing,venue_venue_studiolenvol.com_location_montrouge,venue_venue_studiolenvol.com_location_montrouge_x0_744752fe8c,to_contact,0,jusqu'à 20 selon activité,official rental page multi space,Montrouge,0.65,,,studio_l_envol_grand_studio_montrouge,75,Page officielle de tarifs et conditions de location des deux studios de danse/théâtre/yoga du Studio l'Envol.,"email, phone",Page officielle de tarifs et conditions de location des deux studios de danse/théâtre/yoga du Studio l'Envol.,80,6/8,ai_adaptive_extracted,2026-06-20,official_rental_page_multi_space,in_scope,no,2026-06-20,48.848044,2.348449,"email, phone",Studio l'Envol - Grand studio,1,official_rental_page_multi_space,0,16.50€ à 55€ TTC/h selon usage et horaire,no,,,Page officielle de tarifs et conditions de location des deux studios de danse/théâtre/yoga du Studio l'Envol.,0.85,possible,0.65,studiolenvol.com,S4,https://www.studiolenvol.com/location-salle-paris.html,,https://www.studiolenvol.com/location-salle-paris.html,https://www.studiolenvol.com/location-salle-paris.html
candidate,80,,Montrouge,,ai_classify_retry_chunk_3.jsonl,extracted_from_listing,venue_venue_studiolenvol.com_location_montrouge,venue_venue_studiolenvol.com_location_montrouge_x1_26b136ec4e,to_contact,0,jusqu'à 12 selon activité,official rental page multi space,Montrouge,0.65,,,studio_l_envol_petit_studio_montrouge,75,Page officielle de tarifs et conditions de location des deux studios de danse/théâtre/yoga du Studio l'Envol.,"email, phone",Page officielle de tarifs et conditions de location des deux studios de danse/théâtre/yoga du Studio l'Envol.,80,6/8,ai_adaptive_extracted,2026-06-20,official_rental_page_multi_space,in_scope,no,2026-06-20,48.848044,2.348449,"email, phone",Studio l'Envol - Petit studio,1,official_rental_page_multi_space,0,15€ à 30€ TTC/h selon usage et horaire,no,,,Page officielle de tarifs et conditions de location des deux studios de danse/théâtre/yoga du Studio l'Envol.,0.85,possible,0.65,studiolenvol.com,S4,https://www.studiolenvol.com/location-salle-paris.html,,https://www.studiolenvol.com/location-salle-paris.html,https://www.studiolenvol.com/location-salle-paris.html
candidate,70,,Montrouge,,ai_classify_retry_chunk_3.jsonl,extracted_from_listing,venue_venue_studiolenvol.com_accueil_montrouge,venue_venue_studiolenvol.com_accueil_montrouge_x0_0678c52757,to_contact,0,,official homepage with rental offer,Montrouge,0.65,,,studio_l_envol_salle_35_m_montrouge,75,Accueil officiel du Studio l'Envol mentionnant clairement deux salles en location ponctuelle ou régulière et liens vers la page de location.,"capacity, email, phone, price",Accueil officiel du Studio l'Envol mentionnant clairement deux salles en location ponctuelle ou régulière et liens vers la page de location.,70,4/8,ai_adaptive_extracted,2026-06-20,official_homepage_with_rental_offer,in_scope,no,2026-06-20,48.848044,2.348449,"capacity, email, phone, price",Studio l'Envol - salle 35 m²,1,official_homepage_with_rental_offer,0,,no,,,Accueil officiel du Studio l'Envol mentionnant clairement deux salles en location ponctuelle ou régulière et liens vers la page de location.,0.85,possible,0.65,studiolenvol.com,S4,https://www.studiolenvol.com/index.html,,https://www.studiolenvol.com/location-salle-paris.html,https://www.studiolenvol.com/index.html
candidate,70,,Montrouge,,ai_classify_retry_chunk_3.jsonl,extracted_from_listing,venue_venue_studiolenvol.com_accueil_montrouge,venue_venue_studiolenvol.com_accueil_montrouge_x1_69adff9bec,to_contact,0,,official homepage with rental offer,Montrouge,0.65,,,studio_l_envol_salle_65_m_montrouge,75,Accueil officiel du Studio l'Envol mentionnant clairement deux salles en location ponctuelle ou régulière et liens vers la page de location.,"capacity, email, phone, price",Accueil officiel du Studio l'Envol mentionnant clairement deux salles en location ponctuelle ou régulière et liens vers la page de location.,70,4/8,ai_adaptive_extracted,2026-06-20,official_homepage_with_rental_offer,in_scope,no,2026-06-20,48.848044,2.348449,"capacity, email, phone, price",Studio l'Envol - salle 65 m²,1,official_homepage_with_rental_offer,0,,no,,,Accueil officiel du Studio l'Envol mentionnant clairement deux salles en location ponctuelle ou régulière et liens vers la page de location.,0.85,possible,0.65,studiolenvol.com,S4,https://www.studiolenvol.com/index.html,,https://www.studiolenvol.com/location-salle-paris.html,https://www.studiolenvol.com/index.html
candidate,88,,Montrouge,,ai_classify_retry_chunk_3.jsonl,extracted_from_listing,venue_venue_studiolenvol.com_evjfh danse_montrouge,venue_venue_studiolenvol.com_evjfh danse_montrouge_x0_835bff07b4,to_contact,0,groupe de 15 personnes maximum,event package rental page,Montrouge,0.65,,contact@studiolenvol.com,studio_l_envol_evjf_evjh_dans_montrouge,75,Page d'offre événementielle incluant location du studio et professeur pour EVJF/EVJH; espace louable dans un cadre packagé.,phone,Page d'offre événementielle incluant location du studio et professeur pour EVJF/EVJH; espace louable dans un cadre packagé.,88,7/8,ai_adaptive_extracted,2026-06-20,event_package_rental_page,in_scope,no,2026-06-20,48.848044,2.348449,phone,Studio l'Envol - EVJF/EVJH dansé,1,event_package_rental_page,0,250 € TTC,no,,,Page d'offre événementielle incluant location du studio et professeur pour EVJF/EVJH; espace louable dans un cadre packagé.,0.85,possible,0.65,studiolenvol.com,S4,https://www.studiolenvol.com/evjf-danse-paris.html,,https://www.studiolenvol.com/evjf-danse-paris.html,https://www.studiolenvol.com/evjf-danse-paris.html
candidate,75,,92120,,ai_classify_retry_chunk_4.jsonl,extracted_from_listing,venue_venue_association-rds.com_accueil_montrouge,venue_venue_association-rds.com_accueil_montrouge_x0_b2a0c2aeda,to_contact,0,,venue rental mentioned,Montrouge,0.65,,,espace_r_danses_montrouge,92,Accueil du lieu ; la location de salles est seulement mentionnée sans détails ni lien extrait.,"address, capacity, email, phone, rental_page_url",L'espace R'Danses propose des locations de salles à tarifs attractifs. Plus d'infos dans l'onglet LOCATIONS.,75,3/8,ai_adaptive_extracted,2026-06-20,venue_rental_mentioned,in_scope,no,2026-06-20,,,"address, capacity, email, phone, rental_page_url",Espace R'Danses,1,venue_rental_mentioned,0,tarifs attractifs mentionnés sans montant,no,,,Accueil du lieu ; la location de salles est seulement mentionnée sans détails ni lien extrait.,0.85,possible,0.65,association-rds.com,S4,https://www.association-rds.com/index.php,,onglet LOCATIONS non extrait,https://www.association-rds.com/index.php
candidate,63,,92120,,ai_classify_retry_chunk_4.jsonl,extracted_from_listing,venue_venue_association-rds.com_danse orientale_montrouge,venue_venue_association-rds.com_danse orientale_montrouge_x0_c4849d5b7e,new,0,,venue no rental info,Montrouge,0.65,,06 09 20 63 87 — ciyadanse@live.fr,espace_r_danses_ciya_danse_montrouge,92,"Page de cours de danse orientale avec contacts et tarifs de cours, sans location de salle.","address, capacity, rental_page_url",Tél. : 06 09 20 63 87 - Mail : ciyadanse@live.fr ... enfant : 370 € l'année ... adulte : 465 € l'année,63,5/8,ai_adaptive_extracted,2026-06-20,venue_no_rental_info,in_scope,no,2026-06-20,,,"address, capacity, rental_page_url",Espace R'Danses / Ciya Danse,1,venue_no_rental_info,0,"Enfant 370 €/an ; adulte 465 €/an ; séance d'essai adulte 15 €, enfant 5 €",yes,"Page de cours de danse orientale avec contacts et tarifs de cours, sans location de salle.",,,0.55,unclear,0.65,association-rds.com,S4,https://www.association-rds.com/danse-orientale.php,,,https://www.association-rds.com/danse-orientale.php
candidate,55,,,,ai_classify_retry_chunk_4.jsonl,single,venue_venue_arcueil.fr_espace 1013_arcueil,venue_venue_arcueil.fr_espace 1013_arcueil,new,0,,generic location page,Arcueil,0.75,,,espace_10_13_arcueil,94,"Lieu municipal d'accueil enfance/jeunesse, sans offre de location événementielle.","address, capacity, email, phone, price, rental_page_url","Lieu municipal d'accueil enfance/jeunesse, sans offre de location événementielle.",55,2/8,ai_adaptive_extracted,2026-06-20,generic_location_page,in_scope,no,2026-06-20,48.800125,2.338152,"address, capacity, email, phone, price, rental_page_url",Espace 10/13,1,generic_location_page,0,,yes,"Lieu municipal d'accueil enfance/jeunesse, sans offre de location événementielle.",,,0.55,unclear,0.75,arcueil.fr,S4,https://www.arcueil.fr/demarches-et-services/familles-et-education/enfance-et-scolarite/espace-10-13/,,,https://www.arcueil.fr/demarches-et-services/familles-et-education/enfance-et-scolarite/espace-10-13/
candidate,88,,95,,ai_classify_retry_chunk_4.jsonl,extracted_from_listing,venue_venue_bastide95.com_salle le mas_,venue_venue_bastide95.com_salle le mas__x0_c54f43d815,to_contact,0,100 à 200 personnes en dîner assis ; jusqu'à 220 en cocktail,venue with rental page,,0.65,,01 39 32 70 99,salle_le_mas_domaine_la_bastide_,95,"Page dédiée à la location de la salle Le Mas avec capacités, usages événementiels et contact.","address, city, email, price","Le Mas peut accueillir de 100 à 200 personnes en dîner assis, jusqu’à 220 personnes en cocktail ... Contact : 01 39 32 70 99",88,4/8,ai_adaptive_extracted,2026-06-20,venue_with_rental_page,in_scope,no,2026-06-20,,,"address, city, email, price",Salle Le Mas - Domaine La Bastide,1,venue_with_rental_page,0,"Devis gratuit, prix non indiqué",no,,,"Page dédiée à la location de la salle Le Mas avec capacités, usages événementiels et contact.",0.85,possible,0.65,bastide95.com,S3,https://www.bastide95.com/location-salle-le-mas/,,https://www.bastide95.com/location-salle-le-mas/,https://www.bastide95.com/location-salle-le-mas/
candidate,88,,95,,ai_classify_retry_chunk_4.jsonl,extracted_from_listing,venue_venue_bastide95.com_salle la villa_,venue_venue_bastide95.com_salle la villa__x0_aa261d4595,to_contact,0,50 à 100 personnes ; 50 à 80 avec piste de danse,venue with rental page,,0.65,,01 39 32 70 99,salle_la_villa_domaine_la_bastide_,95,Page dédiée à la location de la salle La Villa avec capacités et lien de réservation.,"address, city, email, price",La Villa peut accueillir de 50 à 100 personnes ... Contact : 01 39 32 70 99 ... Réserver cette salle / Contact,88,4/8,ai_adaptive_extracted,2026-06-20,venue_with_rental_page,in_scope,no,2026-06-20,,,"address, city, email, price",Salle La Villa - Domaine La Bastide,1,venue_with_rental_page,0,"Devis gratuit, prix non indiqué",no,,,Page dédiée à la location de la salle La Villa avec capacités et lien de réservation.,0.85,possible,0.65,bastide95.com,S3,https://www.bastide95.com/location-salle-val-d-oise-la-villa/,,https://www.bastide95.com/location-salle-val-d-oise-la-villa/,https://www.bastide95.com/location-salle-val-d-oise-la-villa/
candidate,75,,,,ai_classify_retry_chunk_4.jsonl,single,venue_venue_bastide95.com_mariage_,venue_venue_bastide95.com_mariage_,to_contact,0,,multi venue listing,,0.75,,,domaine_la_bastide_,95,Page commerciale mariage listant les deux salles louables du domaine avec capacités et liens.,"address, capacity, city, email, phone, postal_code, price",Page commerciale mariage listant les deux salles louables du domaine avec capacités et liens.,75,1/8,ai_adaptive_extracted,2026-06-20,multi_venue_listing,in_scope,no,2026-06-20,,,"address, capacity, city, email, phone, postal_code, price",Domaine La Bastide,1,multi_venue_listing,0,,no,,,Page commerciale mariage listant les deux salles louables du domaine avec capacités et liens.,0.85,possible,0.75,bastide95.com,S3,https://www.bastide95.com/salle-de-mariage-95/,,https://www.bastide95.com/salle-de-mariage-95/,https://www.bastide95.com/salle-de-mariage-95/
candidate,88,,95,,ai_classify_retry_chunk_4.jsonl,extracted_from_listing,venue_venue_bastide95.com_mariage_,venue_venue_bastide95.com_mariage__x0_be73fcbbcc,to_contact,0,80 à 200 personnes en dîner assis ; jusqu'à 300 en cocktail,multi venue listing,,0.65,,01 39 32 70 99,le_mas_domaine_la_bastide_,95,Page commerciale mariage listant les deux salles louables du domaine avec capacités et liens.,"address, city, email, price","Le Mas ... 80 à 200 personnes en dîner assis, jusqu’à 300 personnes en cocktail.",88,4/8,ai_adaptive_extracted,2026-06-20,multi_venue_listing,in_scope,no,2026-06-20,,,"address, city, email, price",Le Mas - Domaine La Bastide,1,multi_venue_listing,0,"Devis gratuit, prix de location non indiqué",no,,,Page commerciale mariage listant les deux salles louables du domaine avec capacités et liens.,0.85,possible,0.65,bastide95.com,S3,https://www.bastide95.com/salle-de-mariage-95/,,https://www.bastide95.com/location-salle-le-mas/,https://www.bastide95.com/salle-de-mariage-95/
candidate,88,,95,,ai_classify_retry_chunk_4.jsonl,extracted_from_listing,venue_venue_bastide95.com_mariage_,venue_venue_bastide95.com_mariage__x1_75c71c181c,to_contact,0,50 à 120 personnes en repas assis,multi venue listing,,0.65,,01 39 32 70 99,la_villa_domaine_la_bastide_,95,Page commerciale mariage listant les deux salles louables du domaine avec capacités et liens.,"address, city, email, price",La Villa ... 50 à 120 personnes en repas assis.,88,4/8,ai_adaptive_extracted,2026-06-20,multi_venue_listing,in_scope,no,2026-06-20,,,"address, city, email, price",La Villa - Domaine La Bastide,1,multi_venue_listing,0,"Devis gratuit, prix de location non indiqué",no,,,Page commerciale mariage listant les deux salles louables du domaine avec capacités et liens.,0.85,possible,0.65,bastide95.com,S3,https://www.bastide95.com/salle-de-mariage-95/,,https://www.bastide95.com/location-salle-val-d-oise-la-villa/,https://www.bastide95.com/salle-de-mariage-95/
candidate,63,,94110 Arcueil,,ai_classify_retry_chunk_4.jsonl,extracted_from_listing,venue_venue_arcueil.fr_centre mai politzer_arcueil,venue_venue_arcueil.fr_centre mai politzer_arcueil_x0_2df3c9e47e,new,0,,generic location page,Arcueil,0.65,,01 46 15 08 09,centre_ma_politzer_arcueil,94,Fiche d'un centre de santé municipal ; pas une salle en location.,"capacity, email, rental_page_url",Située au 3 rue du 8 mai 1945 ... Prise de rendez-vous Par téléphone au 01 46 15 08 09.,63,5/8,ai_adaptive_extracted,2026-06-20,generic_location_page,in_scope,no,2026-06-20,,,"capacity, email, rental_page_url",Centre Maï Politzer,1,generic_location_page,0,"Consultation médicale/remboursement, pas location",yes,Fiche d'un centre de santé municipal ; pas une salle en location.,,,0.55,unclear,0.65,arcueil.fr,S4,https://www.arcueil.fr/demarches-et-services/solidarite-et-sante/sante/centre-mai-politzer/,,,https://www.arcueil.fr/demarches-et-services/solidarite-et-sante/sante/centre-mai-politzer/
candidate,58,,94110 Arcueil,,ai_classify_retry_chunk_4.jsonl,extracted_from_listing,venue_venue_arcueil.fr_centre de sante marcel trigon_arcueil,venue_venue_arcueil.fr_centre de sante marcel trigon_arcueil_x0_dbbf912a86,new,0,,generic location page,Arcueil,0.65,,01 46 15 08 09,centre_municipal_et_universitaire_de_sant_marcel_trigon_arcueil,94,"Fiche d'un centre de santé, pas une location de salle.","capacity, email, price, rental_page_url","Situé au 13 avenue du Chaperon-Vert, le CMUS Marcel Trigon propose des consultations ... Téléphone : 01 46 15 08 09",58,4/8,ai_adaptive_extracted,2026-06-20,generic_location_page,in_scope,no,2026-06-20,48.813242,2.332718,"capacity, email, price, rental_page_url",Centre municipal et universitaire de santé Marcel Trigon,1,generic_location_page,0,,yes,"Fiche d'un centre de santé, pas une location de salle.",,,0.55,unclear,0.65,arcueil.fr,S4,https://www.arcueil.fr/demarches-et-services/solidarite-et-sante/sante/centre-municipal-et-universitaire-de-sante-marcel-trigon/,,,https://www.arcueil.fr/demarches-et-services/solidarite-et-sante/sante/centre-municipal-et-universitaire-de-sante-marcel-trigon/
candidate,55,,,,ai_classify_retry_chunk_5.jsonl,single,venue_venue_malakoff.fr_maisons de quartier_malakoff,venue_venue_malakoff.fr_maisons de quartier_malakoff,new,0,,multi venue listing,Malakoff,0.75,,,maisons_de_quartier_et_espace_de_vie_sociale_malakoff,92,"Présentation de plusieurs équipements socio-culturels avec activités et événements, mais sans information explicite de location de salles.","addresses, capacities, capacity, contacts, email, phone, price, rental_info, rental_page_url","Présentation de plusieurs équipements socio-culturels avec activités et événements, mais sans information explicite de location de salles.",55,-1/8,ai_adaptive_extracted,2026-06-20,multi_venue_listing,in_scope,no,2026-06-20,48.820987,2.30169,"addresses, capacities, capacity, contacts, email, phone, price, rental_info, rental_page_url",Maisons de quartier et Espace de vie sociale,1,multi_venue_listing,0,,yes,"Présentation de plusieurs équipements socio-culturels avec activités et événements, mais sans information explicite de location de salles.",,,0.55,unclear,0.75,malakoff.fr,S4,https://www.malakoff.fr/93/cadre-de-vie/les-maisons-de-quartier-et-l-espace-de-vie-sociale.htm,,,https://www.malakoff.fr/93/cadre-de-vie/les-maisons-de-quartier-et-l-espace-de-vie-sociale.htm
candidate,55,,,,ai_classify_retry_chunk_5.jsonl,extracted_from_listing,venue_venue_malakoff.fr_maisons de quartier_malakoff,venue_venue_malakoff.fr_maisons de quartier_malakoff_x0_5d122de108,new,0,,multi venue listing,Malakoff,0.65,,,maison_de_quartier_jacques_pr_vert_malakoff,92,"Présentation de plusieurs équipements socio-culturels avec activités et événements, mais sans information explicite de location de salles.","address, capacity, email, phone, rental_conditions, rental_page_url","Malakoff compte trois équipements socio-culturels répartis sur la Ville : les maisons de quartier Jacques-Prévert, Henri-Barbusse, et l'Espace de vie sociale Pierre-Valette.",55,2/8,ai_adaptive_extracted,2026-06-20,multi_venue_listing,in_scope,no,2026-06-20,48.820987,2.30169,"address, capacity, email, phone, rental_conditions, rental_page_url",Maison de quartier Jacques-Prévert,1,multi_venue_listing,0,Tarifs selon quotient familial pour les activités,yes,"Présentation de plusieurs équipements socio-culturels avec activités et événements, mais sans information explicite de location de salles.",,,0.55,unclear,0.65,malakoff.fr,S4,https://www.malakoff.fr/93/cadre-de-vie/les-maisons-de-quartier-et-l-espace-de-vie-sociale.htm,,,https://www.malakoff.fr/93/cadre-de-vie/les-maisons-de-quartier-et-l-espace-de-vie-sociale.htm
candidate,55,,,,ai_classify_retry_chunk_5.jsonl,extracted_from_listing,venue_venue_malakoff.fr_maisons de quartier_malakoff,venue_venue_malakoff.fr_maisons de quartier_malakoff_x1_d165e472af,new,0,,multi venue listing,Malakoff,0.65,,,maison_de_quartier_henri_barbusse_malakoff,92,"Présentation de plusieurs équipements socio-culturels avec activités et événements, mais sans information explicite de location de salles.","address, capacity, email, phone, rental_conditions, rental_page_url","Découvrez l'offre d'activités et de services des structures municipales de proximité : les maisons de quartier Jacques-Prévert, Henri-Barbusse.",55,2/8,ai_adaptive_extracted,2026-06-20,multi_venue_listing,in_scope,no,2026-06-20,48.820987,2.30169,"address, capacity, email, phone, rental_conditions, rental_page_url",Maison de quartier Henri-Barbusse,1,multi_venue_listing,0,Tarifs selon quotient familial pour les activités,yes,"Présentation de plusieurs équipements socio-culturels avec activités et événements, mais sans information explicite de location de salles.",,,0.55,unclear,0.65,malakoff.fr,S4,https://www.malakoff.fr/93/cadre-de-vie/les-maisons-de-quartier-et-l-espace-de-vie-sociale.htm,,,https://www.malakoff.fr/93/cadre-de-vie/les-maisons-de-quartier-et-l-espace-de-vie-sociale.htm
candidate,55,,,,ai_classify_retry_chunk_5.jsonl,extracted_from_listing,venue_venue_malakoff.fr_maisons de quartier_malakoff,venue_venue_malakoff.fr_maisons de quartier_malakoff_x2_6418791a6e,new,0,,multi venue listing,Malakoff,0.65,,,espace_de_vie_sociale_pierre_valette_malakoff,92,"Présentation de plusieurs équipements socio-culturels avec activités et événements, mais sans information explicite de location de salles.","address, capacity, email, phone, rental_conditions, rental_page_url",Brochure des Maisons de quartier et de l'espace de vie sociale Pierre-Valette.,55,2/8,ai_adaptive_extracted,2026-06-20,multi_venue_listing,in_scope,no,2026-06-20,48.820987,2.30169,"address, capacity, email, phone, rental_conditions, rental_page_url",Espace de vie sociale Pierre-Valette,1,multi_venue_listing,0,Tarifs selon quotient familial pour les activités,yes,"Présentation de plusieurs équipements socio-culturels avec activités et événements, mais sans information explicite de location de salles.",,,0.55,unclear,0.65,malakoff.fr,S4,https://www.malakoff.fr/93/cadre-de-vie/les-maisons-de-quartier-et-l-espace-de-vie-sociale.htm,,,https://www.malakoff.fr/93/cadre-de-vie/les-maisons-de-quartier-et-l-espace-de-vie-sociale.htm
candidate,58,,92240 Malakoff,,ai_classify_retry_chunk_5.jsonl,extracted_from_listing,venue_venue_malakoff.fr_association_malakoff,venue_venue_malakoff.fr_association_malakoff_x0_9864b6cbb7,new,0,,generic location page,Malakoff,0.65,,01 55 48 06 30,maison_de_la_vie_associative_malakoff,92,"Page de vie associative mentionnant la Maison de la vie associative comme équipement public, sans détail de location.","capacity, email, price, rental_conditions, rental_page_url",Maison de la vie associative — Adresse : 26 rue Victor-Hugo — Téléphone : 01 55 48 06 30.,58,3/8,ai_adaptive_extracted,2026-06-20,generic_location_page,in_scope,no,2026-06-20,,,"capacity, email, price, rental_conditions, rental_page_url",Maison de la vie associative,1,generic_location_page,0,,yes,"Page de vie associative mentionnant la Maison de la vie associative comme équipement public, sans détail de location.",,,0.55,unclear,0.65,malakoff.fr,S4,https://www.malakoff.fr/333/association.htm,,,https://www.malakoff.fr/333/association.htm
candidate,75,,,,ai_classify_retry_chunk_5.jsonl,single,venue_venue_dojo5.fr_selfdefense_montrouge,venue_venue_dojo5.fr_selfdefense_montrouge,to_contact,0,,venue rental mentioned,Montrouge,0.75,,,dojo_5_montrouge,92,Page de discipline au DOJO 5; le lieu est une salle sportive et la navigation mentionne la privatisation/location.,"capacity, email, phone, postal_code, price",Page de discipline au DOJO 5; le lieu est une salle sportive et la navigation mentionne la privatisation/location.,75,3/8,ai_adaptive_extracted,2026-06-20,venue_rental_mentioned,in_scope,no,2026-06-20,,,"capacity, email, phone, postal_code, price",DOJO 5,1,venue_rental_mentioned,0,,no,,,Page de discipline au DOJO 5; le lieu est une salle sportive et la navigation mentionne la privatisation/location.,0.85,possible,0.75,dojo5.fr,S4,https://www.dojo5.fr/self-defense/,,https://www.dojo5.fr/location-de-salle/,https://www.dojo5.fr/self-defense/
candidate,83,,75005 Paris,,ai_classify_retry_chunk_5.jsonl,extracted_from_listing,venue_venue_dojo5.fr_tarifs_montrouge,venue_venue_dojo5.fr_tarifs_montrouge_x0_f515f34711,to_contact,0,,venue rental mentioned,Paris,0.65,,01 46 34 59 26,dojo_5_paris,75,Page tarifs d'une salle sportive; elle renvoie vers la location/privatisation mais ne donne pas de tarif de location.,"capacity, email, rental_price",Tarifs des abonnements DOJO 5 et menu Privatisation / Location de salle.,83,5/8,ai_adaptive_extracted,2026-06-20,venue_rental_mentioned,in_scope,no,2026-06-20,,,"capacity, email, rental_price",DOJO 5,1,venue_rental_mentioned,0,Abonnements adultes à partir de 490 € à 590 € / an; carnet 10 séances 200 €,no,,,Page tarifs d'une salle sportive; elle renvoie vers la location/privatisation mais ne donne pas de tarif de location.,0.85,possible,0.65,dojo5.fr,S4,https://www.dojo5.fr/tarifs/,,https://www.dojo5.fr/location-de-salle/,https://www.dojo5.fr/tarifs/
candidate,55,,,,ai_classify_retry_chunk_5.jsonl,single,venue_venue_bourg-la-reine.fr_maison des associations de la transition mat_bourg-la-reine,venue_venue_bourg-la-reine.fr_maison des associations de la transition mat_bourg-la-reine,new,0,,venue no rental info,Bourg-la-Reine,0.75,,,maison_des_associations_de_la_transition_mat_bourg_la_reine,92,"Page d'un local associatif municipal avec programme d'ateliers, mais sans modalités de location externe.","capacity, email, phone, postal_code, price, rental_conditions, rental_page_url","Page d'un local associatif municipal avec programme d'ateliers, mais sans modalités de location externe.",55,1/8,ai_adaptive_extracted,2026-06-20,venue_no_rental_info,in_scope,no,2026-06-20,,,"capacity, email, phone, postal_code, price, rental_conditions, rental_page_url",Maison des associations de la transition (MAT),1,venue_no_rental_info,0,,yes,"Page d'un local associatif municipal avec programme d'ateliers, mais sans modalités de location externe.",,,0.55,unclear,0.75,bourg-la-reine.fr,S3,https://www.bourg-la-reine.fr/21465-maison-des-associations-de-la-transition.htm,,,https://www.bourg-la-reine.fr/21465-maison-des-associations-de-la-transition.htm
